source	line	kind	declaration
accordion.rs	17	public	pub struct Accordion {
accordion.rs	23	impl	impl Accordion {
accordion.rs	24	public	pub fn new(id: impl Into<ElementId>) -> Self {
accordion.rs	33	impl	impl Styled for Accordion {
accordion.rs	39	impl	impl ParentElement for Accordion {
accordion.rs	45	impl	impl InteractiveElement for Accordion {
accordion.rs	56	impl	impl StatefulInteractiveElement for Accordion {}
accordion.rs	58	impl	impl RenderOnce for Accordion {
accordion.rs	69	public	pub struct AccordionItem {
accordion.rs	79	impl	impl AccordionItem {
accordion.rs	80	public	pub fn new() -> Self {
accordion.rs	91	public	pub fn open(mut self, open: bool) -> Self {
accordion.rs	96	public	pub fn disabled(mut self, disabled: bool) -> Self {
accordion.rs	101	public	pub fn header(mut self, header: AccordionHeader) -> Self {
accordion.rs	106	public	pub fn panel(mut self, panel: AccordionPanel) -> Self {
accordion.rs	112	impl	impl Styled for AccordionItem {
accordion.rs	118	impl	impl ParentElement for AccordionItem {
accordion.rs	124	impl	impl RenderOnce for AccordionItem {
accordion.rs	138	public	pub struct AccordionHeader {
accordion.rs	146	impl	impl AccordionHeader {
accordion.rs	147	public	pub fn new(trigger: AccordionTrigger) -> Self {
accordion.rs	156	public	pub fn level(mut self, level: usize) -> Self {
accordion.rs	161	public	pub fn id(mut self, id: impl Into<ElementId>) -> Self {
accordion.rs	176	impl	impl Styled for AccordionHeader {
accordion.rs	182	impl	impl ParentElement for AccordionHeader {
accordion.rs	188	impl	impl RenderOnce for AccordionHeader {
accordion.rs	208	public	pub struct AccordionPanel {
accordion.rs	216	impl	impl AccordionPanel {
accordion.rs	217	public	pub fn new() -> Self {
accordion.rs	227	public	pub fn open(mut self, open: bool) -> Self {
accordion.rs	232	public	pub fn keep_mounted(mut self, keep_mounted: bool) -> Self {
accordion.rs	237	public	pub fn id(mut self, id: impl Into<ElementId>) -> Self {
accordion.rs	243	impl	impl Styled for AccordionPanel {
accordion.rs	249	impl	impl ParentElement for AccordionPanel {
accordion.rs	255	impl	impl RenderOnce for AccordionPanel {
accordion.rs	278	public	pub struct AccordionTrigger {
accordion.rs	287	impl	impl AccordionTrigger {
accordion.rs	288	public	pub fn new(id: impl Into<ElementId>) -> Self {
accordion.rs	299	public	pub fn open(mut self, open: bool) -> Self {
accordion.rs	304	public	pub fn disabled(mut self, disabled: bool) -> Self {
accordion.rs	310	public	pub fn on_change( mut self, handler: impl Fn(bool, &ClickEvent, &mut Window, &mut App) + 'static, ) -> Self {
accordion.rs	319	impl	impl Styled for AccordionTrigger {
accordion.rs	325	impl	impl ParentElement for AccordionTrigger {
accordion.rs	331	impl	impl InteractiveElement for AccordionTrigger {
accordion.rs	342	impl	impl StatefulInteractiveElement for AccordionTrigger {}
accordion.rs	344	impl	impl RenderOnce for AccordionTrigger {
actions.rs	8	public	pub struct Confirm {
actions.rs	10	public	pub secondary: bool,
alert_dialog.rs	18	public	pub struct $name {
alert_dialog.rs	22	impl	impl $name {
alert_dialog.rs	23	public	pub fn new() -> Self {
alert_dialog.rs	30	impl	impl Default for $name {
alert_dialog.rs	35	impl	impl ParentElement for $name {
alert_dialog.rs	40	impl	impl Styled for $name {
alert_dialog.rs	45	impl	impl RenderOnce for $name {
alert_dialog.rs	64	public	pub struct AlertDialogTrigger {
alert_dialog.rs	69	impl	impl AlertDialogTrigger {
alert_dialog.rs	70	public	pub fn new(trigger: impl IntoElement) -> Self {
alert_dialog.rs	77	public	pub fn on_open(mut self, open: impl Fn(&mut Window, &mut App) + 'static) -> Self {
alert_dialog.rs	81	public	pub fn handle(mut self, handle: DialogHandle) -> Self {
alert_dialog.rs	86	impl	impl RenderOnce for AlertDialogTrigger {
alert_dialog.rs	103	public	pub struct $name {
alert_dialog.rs	107	impl	impl $name {
alert_dialog.rs	108	public	pub fn new() -> Self {
alert_dialog.rs	115	impl	impl Default for $name {
alert_dialog.rs	120	impl	impl ParentElement for $name {
alert_dialog.rs	125	impl	impl Styled for $name {
alert_dialog.rs	130	impl	impl RenderOnce for $name {
alert_dialog.rs	148	public	pub struct AlertDialogAction {
alert_dialog.rs	153	impl	impl AlertDialogAction {
alert_dialog.rs	154	public	pub fn new() -> Self {
alert_dialog.rs	162	impl	impl Default for AlertDialogAction {
alert_dialog.rs	168	impl	impl ParentElement for AlertDialogAction {
alert_dialog.rs	174	impl	impl Styled for AlertDialogAction {
alert_dialog.rs	180	impl	impl RenderOnce for AlertDialogAction {
alert_dialog.rs	193	public	pub struct AlertDialog(Dialog);
alert_dialog.rs	195	impl	impl AlertDialog {
alert_dialog.rs	196	public	pub fn new(cx: &mut App) -> Self {
alert_dialog.rs	203	public	pub fn open(mut self, open: bool) -> Self {
alert_dialog.rs	207	public	pub fn handle(mut self, handle: DialogHandle) -> Self {
alert_dialog.rs	211	public	pub fn on_open_change( mut self, handler: impl Fn(bool, DialogChangeReason, &mut Window, &mut App) + 'static, ) -> Self {
alert_dialog.rs	218	public	pub fn backdrop(mut self, element: impl IntoElement) -> Self {
alert_dialog.rs	222	public	pub fn popup(mut self, element: impl IntoElement) -> Self {
alert_dialog.rs	226	public	pub fn close_on_escape(mut self, value: bool) -> Self {
alert_dialog.rs	230	public	pub fn dismiss_below_y(mut self, value: Pixels) -> Self {
alert_dialog.rs	234	public	pub fn on_ok( mut self, handler: impl Fn(&ClickEvent, &mut Window, &mut App) -> bool + 'static, ) -> Self {
alert_dialog.rs	241	public	pub fn on_cancel( mut self, handler: impl Fn(&ClickEvent, &mut Window, &mut App) -> bool + 'static, ) -> Self {
alert_dialog.rs	248	public	pub fn on_close( mut self, handler: impl Fn(&ClickEvent, &mut Window, &mut App) + 'static, ) -> Self {
alert_dialog.rs	256	public	pub fn layer(mut self, index: usize, topmost: bool) -> Self {
alert_dialog.rs	261	public	pub fn focus_handle(mut self, value: FocusHandle) -> Self {
alert_dialog.rs	266	public	pub fn request_close( mut self, handler: impl Fn(bool, &mut Window, &mut App) + 'static, ) -> Self {
alert_dialog.rs	275	impl	impl Styled for AlertDialog {
alert_dialog.rs	280	impl	impl ParentElement for AlertDialog {
alert_dialog.rs	285	impl	impl IntoElement for AlertDialog {
animation.rs	14	public	pub fn cubic_bezier(x1: f32, y1: f32, x2: f32, y2: f32) -> impl Fn(f32) -> f32 {
animation.rs	68	public	pub fn ease_out_cubic(t: f32) -> f32 {
animation.rs	74	public	pub fn ease_in_cubic(t: f32) -> f32 {
animation.rs	80	public	pub fn ease_in_out_cubic(t: f32) -> f32 {
animation.rs	92	public	pub trait Lerp: Clone {
animation.rs	93	trait-member	fn lerp(&self, target: &Self, t: f32) -> Self;
animation.rs	96	impl	impl Lerp for f32 {
animation.rs	102	impl	impl Lerp for Pixels {
animation.rs	110	impl	impl Lerp for Point<Pixels> {
animation.rs	119	impl	impl Lerp for Hsla {
animation.rs	152	public	pub struct EffectTransition {
animation.rs	153	public	pub duration: Duration,
animation.rs	167	impl	impl EffectTransition {
animation.rs	168	public	pub fn new(duration: Duration) -> Self {
animation.rs	177	public	pub fn ease(mut self, easing: impl Fn(f32) -> f32 + 'static) -> Self {
animation.rs	183	public	pub fn slide_y(mut self, from: Pixels, to: Pixels) -> Self {
animation.rs	189	public	pub fn slide_x(mut self, from: Pixels, to: Pixels) -> Self {
animation.rs	195	public	pub fn fade(mut self, from: f32, to: f32) -> Self {
animation.rs	201	public	pub fn width(mut self, from: Pixels, to: Pixels) -> Self {
animation.rs	207	public	pub fn height(mut self, from: Pixels, to: Pixels) -> Self {
animation.rs	213	public	pub fn apply<E: IntoElement + Styled + 'static>( self, element: E, id: impl Into<ElementId>, ) -> gpui::AnimationElement<E> {
animation.rs	249	impl	impl FluentBuilder for EffectTransition {}
animation.rs	256	public	pub type Transition = EffectTransition;
async_util.rs	4	public	pub use smol::channel::{Receiver, Sender, unbounded};
async_util.rs	7	public	pub use async_channel::{Receiver, Sender, unbounded};
auto_scroll.rs	10	public	pub struct AutoScroll {
auto_scroll.rs	16	public	pub last_drag_position: Option<Point<Pixels>>,
auto_scroll.rs	19	impl	impl Default for AutoScroll {
auto_scroll.rs	29	impl	impl AutoScroll {
auto_scroll.rs	31	public	pub fn delta(&self) -> Option<Pixels> {
auto_scroll.rs	36	public	pub fn compute_delta(y: Pixels, bounds: Bounds<Pixels>) -> Option<Pixels> {
auto_scroll.rs	65	public	pub fn set<T, F>(&mut self, delta: Option<Pixels>, cx: &mut Context<T>, tick: F) where T: 'static, F: Fn(Pixels, &mut T, &mut Context<T>) + Send + 'static, {
auto_scroll.rs	114	public	pub fn is_active(&self) -> bool {
auto_scroll.rs	119	public	pub fn stop(&mut self) {
avatar.rs	11	public	pub struct Avatar {
avatar.rs	18	impl	impl Avatar {
avatar.rs	19	public	pub fn new() -> Self {
avatar.rs	28	public	pub fn image(mut self, image: AvatarImage) -> Self {
avatar.rs	33	public	pub fn fallback(mut self, fallback: AvatarFallback) -> Self {
avatar.rs	39	impl	impl Default for Avatar {
avatar.rs	45	impl	impl Styled for Avatar {
avatar.rs	51	impl	impl InteractiveElement for Avatar {
avatar.rs	57	impl	impl RenderOnce for Avatar {
avatar.rs	69	public	pub struct AvatarImage {
avatar.rs	74	impl	impl AvatarImage {
avatar.rs	75	public	pub fn new(source: impl Into<ImageSource>) -> Self {
avatar.rs	83	impl	impl Styled for AvatarImage {
avatar.rs	89	impl	impl InteractiveElement for AvatarImage {
avatar.rs	95	impl	impl RenderOnce for AvatarImage {
avatar.rs	103	public	pub struct AvatarFallback {
avatar.rs	109	impl	impl AvatarFallback {
avatar.rs	110	public	pub fn new() -> Self {
avatar.rs	119	impl	impl Default for AvatarFallback {
avatar.rs	125	impl	impl Styled for AvatarFallback {
avatar.rs	131	impl	impl ParentElement for AvatarFallback {
avatar.rs	137	impl	impl RenderOnce for AvatarFallback {
button.rs	20	public	pub struct Button {
button.rs	37	impl	impl Button {
button.rs	38	public	pub fn new(id: impl Into<ElementId>) -> Self {
button.rs	59	public	pub fn disabled(mut self, disabled: bool) -> Self {
button.rs	70	public	pub fn selected(mut self, selected: bool) -> Self {
button.rs	76	public	pub fn styles(mut self, build: impl FnOnce(ButtonStyles) -> ButtonStyles) -> Self {
button.rs	82	public	pub fn accessibility_label(mut self, label: impl Into<SharedString>) -> Self {
button.rs	88	public	pub fn role(mut self, role: impl Into<RoleOverride>) -> Self {
button.rs	94	public	pub fn track_focus(mut self, focus_handle: &FocusHandle) -> Self {
button.rs	100	public	pub fn on_click( mut self, handler: impl Fn(&ClickEvent, &mut Window, &mut App) + 'static, ) -> Self {
button.rs	109	public	pub fn tab_index(mut self, tab_index: isize) -> Self {
button.rs	115	public	pub fn tab_stop(mut self, tab_stop: bool) -> Self {
button.rs	127	public	pub fn focusable(mut self, focusable: bool) -> Self {
button.rs	154	impl	impl Selectable for Button {
button.rs	166	public	pub struct ButtonStyles {
button.rs	171	impl	impl ButtonStyles {
button.rs	173	public	pub fn selected(mut self, build: impl FnOnce(StateStyle) -> StateStyle) -> Self {
button.rs	180	public	pub fn disabled(mut self, build: impl FnOnce(StateStyle) -> StateStyle) -> Self {
button.rs	187	impl	impl Styled for Button {
button.rs	193	impl	impl ParentElement for Button {
button.rs	199	impl	impl InteractiveElement for Button {
button.rs	205	impl	impl StatefulInteractiveElement for Button {}
button.rs	207	impl	impl RenderOnce for Button {
calendar.rs	14	public	pub enum Date {
calendar.rs	19	impl	impl std::fmt::Display for Date {
calendar.rs	31	impl	impl From<NaiveDate> for Date {
calendar.rs	36	impl	impl From<(NaiveDate, NaiveDate)> for Date {
calendar.rs	42	impl	impl Date {
calendar.rs	43	public	pub fn is_some(&self) -> bool {
calendar.rs	46	public	pub fn is_complete(&self) -> bool {
calendar.rs	49	public	pub fn start(&self) -> Option<NaiveDate> {
calendar.rs	55	public	pub fn end(&self) -> Option<NaiveDate> {
calendar.rs	61	public	pub fn format(&self, format: &str) -> Option<SharedString> {
calendar.rs	70	public	pub fn is_active(&self, value: &NaiveDate) -> bool {
calendar.rs	76	public	pub fn is_single(&self) -> bool {
calendar.rs	79	public	pub fn is_in_range(&self, value: &NaiveDate) -> bool {
calendar.rs	84	public	pub struct IntervalMatcher {
calendar.rs	88	public	pub struct RangeMatcher {
calendar.rs	92	public	pub enum Matcher {
calendar.rs	98	impl	impl From<Vec<u32>> for Matcher {
calendar.rs	103	impl	impl<F: Fn(&NaiveDate) -> bool + Send + Sync + 'static> From<F> for Matcher {
calendar.rs	108	impl	impl Matcher {
calendar.rs	109	public	pub fn interval(before: Option<NaiveDate>, after: Option<NaiveDate>) -> Self {
calendar.rs	112	public	pub fn range(from: Option<NaiveDate>, to: Option<NaiveDate>) -> Self {
calendar.rs	115	public	pub fn custom<F: Fn(&NaiveDate) -> bool + Send + Sync + 'static>(f: F) -> Self {
calendar.rs	118	public	pub fn is_match(&self, date: &Date) -> bool {
calendar.rs	125	public	pub fn matched(&self, date: &NaiveDate) -> bool {
calendar.rs	140	public	pub enum CalendarView {
calendar.rs	145	impl	impl CalendarView {
calendar.rs	146	public	pub fn is_day(self) -> bool {
calendar.rs	149	public	pub fn is_month(self) -> bool {
calendar.rs	152	public	pub fn is_year(self) -> bool {
calendar.rs	165	public	pub enum CalendarEvent {
calendar.rs	169	public	pub struct CalendarState {
calendar.rs	170	public	pub focus_handle: FocusHandle,
calendar.rs	182	impl	impl CalendarState {
calendar.rs	183	public	pub fn new(_: &mut Window, cx: &mut Context<Self>) -> Self {
calendar.rs	199	public	pub fn disabled_matcher(mut self, matcher: impl Into<Matcher>) -> Self {
calendar.rs	203	public	pub fn set_disabled_matcher( &mut self, matcher: impl Into<Matcher>, _: &mut Window, _: &mut Context<Self>, ) {
calendar.rs	211	public	pub fn set_disabled_matcher_shared(&mut self, matcher: Option<Rc<Matcher>>) {
calendar.rs	214	public	pub fn disabled_matcher_ref(&self) -> Option<&Matcher> {
calendar.rs	217	public	pub fn set_date(&mut self, date: impl Into<Date>, _: &mut Window, cx: &mut Context<Self>) {
calendar.rs	222	public	pub fn apply_date(&mut self, date: Date) -> bool {
calendar.rs	237	public	pub fn select_date(&mut self, value: NaiveDate) -> bool {
calendar.rs	261	public	pub fn activate_date(&mut self, value: NaiveDate, cx: &mut Context<Self>) -> bool {
calendar.rs	269	public	pub fn date(&self) -> Date {
calendar.rs	272	public	pub fn set_number_of_months(&mut self, n: usize, _: &mut Window, cx: &mut Context<Self>) {
calendar.rs	276	public	pub fn number_of_months(&self) -> usize {
calendar.rs	279	public	pub fn year_range(mut self, range: (i32, i32)) -> Self {
calendar.rs	283	public	pub fn set_year_range(&mut self, range: (i32, i32), cx: &mut Context<Self>) {
calendar.rs	299	public	pub fn offset_year_month(&self, offset: usize) -> (i32, u32) {
calendar.rs	306	public	pub fn days(&self) -> Vec<Vec<NaiveDate>> {
calendar.rs	311	public	pub fn month_days(&self) -> Vec<Vec<Vec<NaiveDate>>> {
calendar.rs	322	public	pub fn has_prev_year_page(&self) -> bool {
calendar.rs	325	public	pub fn has_next_year_page(&self) -> bool {
calendar.rs	328	public	pub fn prev_year_page(&mut self) -> bool {
calendar.rs	336	public	pub fn next_year_page(&mut self) -> bool {
calendar.rs	344	public	pub fn prev_month(&mut self) {
calendar.rs	352	public	pub fn next_month(&mut self) {
calendar.rs	360	public	pub fn view(&self) -> CalendarView {
calendar.rs	363	public	pub fn set_view(&mut self, view: CalendarView) {
calendar.rs	366	public	pub fn current_year(&self) -> i32 {
calendar.rs	369	public	pub fn current_month(&self) -> u8 {
calendar.rs	372	public	pub fn today(&self) -> NaiveDate {
calendar.rs	375	public	pub fn years_on_page(&self) -> &[i32] {
calendar.rs	381	public	pub fn select_month(&mut self, month: u8) {
calendar.rs	385	public	pub fn select_year(&mut self, year: i32) {
calendar.rs	390	impl	impl EventEmitter<CalendarEvent> for CalendarState {}
calendar.rs	391	impl	impl Render for CalendarState {
calendar.rs	399	public	pub enum CalendarItemKind {
calendar.rs	416	public	pub struct CalendarItemState {
calendar.rs	425	impl	impl CalendarItemState {
calendar.rs	427	public	pub fn new(kind: CalendarItemKind) -> Self {
calendar.rs	438	public	pub fn active(mut self, active: bool) -> Self {
calendar.rs	444	public	pub fn in_range(mut self, in_range: bool) -> Self {
calendar.rs	451	public	pub fn muted(mut self, muted: bool) -> Self {
calendar.rs	456	public	pub fn disabled(mut self, disabled: bool) -> Self {
calendar.rs	461	public	pub fn today(mut self, today: bool) -> Self {
calendar.rs	466	public	pub fn kind(&self) -> CalendarItemKind {
calendar.rs	470	public	pub fn is_active(&self) -> bool {
calendar.rs	474	public	pub fn is_in_range(&self) -> bool {
calendar.rs	478	public	pub fn is_muted(&self) -> bool {
calendar.rs	482	public	pub fn is_disabled(&self) -> bool {
calendar.rs	486	public	pub fn is_today(&self) -> bool {
calendar.rs	493	public	pub struct CalendarItem {
calendar.rs	500	impl	impl CalendarItem {
calendar.rs	515	public	pub fn item_state(&self) -> CalendarItemState {
calendar.rs	520	public	pub fn clear_children(mut self) -> Self {
calendar.rs	525	impl	impl ParentElement for CalendarItem {
calendar.rs	530	impl	impl Styled for CalendarItem {
calendar.rs	535	impl	impl InteractiveElement for CalendarItem {
calendar.rs	545	impl	impl StatefulInteractiveElement for CalendarItem {}
calendar.rs	546	impl	impl RenderOnce for CalendarItem {
calendar.rs	561	public	pub struct Calendar {
calendar.rs	571	impl	impl Calendar {
calendar.rs	572	public	pub fn new(id: impl Into<ElementId>, state: &Entity<CalendarState>) -> Self {
calendar.rs	588	public	pub fn number_of_months(mut self, count: usize) -> Self {
calendar.rs	592	public	pub fn first_day_of_week(mut self, day: Weekday) -> Self {
calendar.rs	596	public	pub fn item( mut self, render: impl Fn(CalendarItem, CalendarItemState, &mut Window, &mut App) -> AnyElement + 'static, ) -> Self {
calendar.rs	603	public	pub fn label( mut self, label: impl Fn(CalendarItemKind, i32) -> SharedString + 'static, ) -> Self {
calendar.rs	628	impl	impl Styled for Calendar {
calendar.rs	634	impl	impl RenderOnce for Calendar {
checkbox.rs	17	public	pub enum CheckboxState {
checkbox.rs	24	impl	impl CheckboxState {
checkbox.rs	46	public	pub struct Checkbox {
checkbox.rs	62	impl	impl Checkbox {
checkbox.rs	64	public	pub fn new(id: impl Into<ElementId>) -> Self {
checkbox.rs	82	public	pub fn role(mut self, role: impl Into<RoleOverride>) -> Self {
checkbox.rs	88	public	pub fn state(mut self, state: CheckboxState) -> Self {
checkbox.rs	94	public	pub fn checked(self, checked: bool) -> Self {
checkbox.rs	106	public	pub fn indeterminate(self, indeterminate: bool) -> Self {
checkbox.rs	117	public	pub fn disabled(mut self, disabled: bool) -> Self {
checkbox.rs	123	public	pub fn styles(mut self, build: impl FnOnce(CheckboxStyles) -> CheckboxStyles) -> Self {
checkbox.rs	129	public	pub fn accessibility_label(mut self, label: impl Into<SharedString>) -> Self {
checkbox.rs	139	public	pub fn on_change( mut self, handler: impl Fn(CheckboxState, &ClickEvent, &mut Window, &mut App) + 'static, ) -> Self {
checkbox.rs	148	public	pub fn tab_index(mut self, tab_index: isize) -> Self {
checkbox.rs	154	public	pub fn tab_stop(mut self, tab_stop: bool) -> Self {
checkbox.rs	160	public	pub fn track_focus(mut self, focus_handle: &FocusHandle) -> Self {
checkbox.rs	193	public	pub struct CheckboxStyles {
checkbox.rs	199	impl	impl CheckboxStyles {
checkbox.rs	201	public	pub fn checked(mut self, build: impl FnOnce(StateStyle) -> StateStyle) -> Self {
checkbox.rs	208	public	pub fn indeterminate(mut self, build: impl FnOnce(StateStyle) -> StateStyle) -> Self {
checkbox.rs	215	public	pub fn disabled(mut self, build: impl FnOnce(StateStyle) -> StateStyle) -> Self {
checkbox.rs	227	public	pub struct CheckboxIndicator {
checkbox.rs	238	public	pub struct CheckboxIndicatorStyles {
checkbox.rs	244	impl	impl CheckboxIndicatorStyles {
checkbox.rs	245	public	pub fn checked(mut self, build: impl FnOnce(StateStyle) -> StateStyle) -> Self {
checkbox.rs	251	public	pub fn indeterminate(mut self, build: impl FnOnce(StateStyle) -> StateStyle) -> Self {
checkbox.rs	257	public	pub fn disabled(mut self, build: impl FnOnce(StateStyle) -> StateStyle) -> Self {
checkbox.rs	264	impl	impl CheckboxIndicator {
checkbox.rs	265	public	pub fn new() -> Self {
checkbox.rs	276	public	pub fn state(mut self, state: CheckboxState) -> Self {
checkbox.rs	281	public	pub fn checked(self, checked: bool) -> Self {
checkbox.rs	289	public	pub fn disabled(mut self, disabled: bool) -> Self {
checkbox.rs	294	public	pub fn styles( mut self, build: impl FnOnce(CheckboxIndicatorStyles) -> CheckboxIndicatorStyles, ) -> Self {
checkbox.rs	319	impl	impl Default for CheckboxIndicator {
checkbox.rs	325	impl	impl Styled for CheckboxIndicator {
checkbox.rs	331	impl	impl ParentElement for CheckboxIndicator {
checkbox.rs	337	impl	impl RenderOnce for CheckboxIndicator {
checkbox.rs	344	impl	impl Styled for Checkbox {
checkbox.rs	350	impl	impl ParentElement for Checkbox {
checkbox.rs	356	impl	impl InteractiveElement for Checkbox {
checkbox.rs	362	impl	impl StatefulInteractiveElement for Checkbox {}
checkbox.rs	364	impl	impl RenderOnce for Checkbox {
collapsible.rs	14	public	pub struct Collapsible {
collapsible.rs	21	impl	impl Collapsible {
collapsible.rs	22	public	pub fn new() -> Self {
collapsible.rs	31	public	pub fn open(mut self, open: bool) -> Self {
collapsible.rs	36	public	pub fn content(mut self, content: impl IntoElement) -> Self {
collapsible.rs	43	public	pub fn reveal(mut self, id: impl Into<ElementId>, progress: f32) -> Self {
collapsible.rs	49	impl	impl Default for Collapsible {
collapsible.rs	55	impl	impl Styled for Collapsible {
collapsible.rs	61	impl	impl ParentElement for Collapsible {
collapsible.rs	68	impl	impl RenderOnce for Collapsible {
color_picker.rs	92	public	pub enum ColorPickerEvent {
color_picker.rs	102	public	pub struct HslaSliders {
color_picker.rs	109	impl	impl HslaSliders {
color_picker.rs	130	public	pub fn hue(&self) -> &Entity<SliderState> {
color_picker.rs	135	public	pub fn saturation(&self) -> &Entity<SliderState> {
color_picker.rs	140	public	pub fn lightness(&self) -> &Entity<SliderState> {
color_picker.rs	145	public	pub fn alpha(&self) -> &Entity<SliderState> {
color_picker.rs	177	public	pub struct ColorPickerState {
color_picker.rs	192	impl	impl ColorPickerState {
color_picker.rs	194	public	pub fn new(window: &mut Window, cx: &mut Context<Self>) -> Self {
color_picker.rs	253	public	pub fn default_value(mut self, value: impl Into<Hsla>) -> Self {
color_picker.rs	262	public	pub fn value(&self) -> Option<Hsla> {
color_picker.rs	267	public	pub fn preview(&self) -> Option<Hsla> {
color_picker.rs	272	public	pub fn displayed_color(&self) -> Option<Hsla> {
color_picker.rs	277	public	pub fn hex_input(&self) -> &Entity<InputState> {
color_picker.rs	282	public	pub fn sliders(&self) -> &HslaSliders {
color_picker.rs	287	public	pub fn set_value( &mut self, value: impl Into<Hsla>, window: &mut Window, cx: &mut Context<Self>, ) {
color_picker.rs	297	public	pub fn clear_value(&mut self, window: &mut Window, cx: &mut Context<Self>) {
color_picker.rs	303	public	pub fn sync_pending_value(&mut self, window: &mut Window, cx: &mut Context<Self>) {
color_picker.rs	310	public	pub fn preview_color(&mut self, value: Hsla, window: &mut Window, cx: &mut Context<Self>) {
color_picker.rs	317	public	pub fn clear_preview(&mut self, window: &mut Window, cx: &mut Context<Self>) {
color_picker.rs	330	public	pub fn preview_hex(&mut self, value: &str, _: &mut Window, cx: &mut Context<Self>) -> bool {
color_picker.rs	340	public	pub fn commit_hex( &mut self, value: &str, window: &mut Window, cx: &mut Context<Self>, ) -> Option<Hsla> {
color_picker.rs	352	public	pub fn select_color(&mut self, value: Hsla, window: &mut Window, cx: &mut Context<Self>) {
color_picker.rs	358	public	pub fn update_color(&mut self, value: Hsla, window: &mut Window, cx: &mut Context<Self>) {
color_picker.rs	363	public	pub fn set_open(&mut self, open: bool, cx: &mut Context<Self>) {
color_picker.rs	372	public	pub fn toggle_open(&mut self, cx: &mut Context<Self>) {
color_picker.rs	378	public	pub fn is_open(&self) -> bool {
color_picker.rs	383	public	pub fn set_active_tab(&mut self, tab: usize, cx: &mut Context<Self>) {
color_picker.rs	392	public	pub fn active_tab(&self) -> usize {
color_picker.rs	444	impl	impl EventEmitter<ColorPickerEvent> for ColorPickerState {}
color_picker.rs	446	impl	impl Focusable for ColorPickerState {
color_picker.rs	452	impl	impl Render for ColorPickerState {
color_picker.rs	466	public	pub struct ColorPicker {
color_picker.rs	479	impl	impl ColorPicker {
color_picker.rs	480	public	pub fn new(id: impl Into<ElementId>) -> Self {
color_picker.rs	496	public	pub fn open(mut self, open: bool) -> Self {
color_picker.rs	502	public	pub fn disabled(mut self, disabled: bool) -> Self {
color_picker.rs	508	public	pub fn track_focus(mut self, focus_handle: &FocusHandle) -> Self {
color_picker.rs	514	public	pub fn accessibility_label(mut self, label: impl Into<SharedString>) -> Self {
color_picker.rs	520	public	pub fn role(mut self, role: impl Into<RoleOverride>) -> Self {
color_picker.rs	528	public	pub fn on_open_change( mut self, handler: impl Fn(bool, &mut Window, &mut App) + 'static, ) -> Self {
color_picker.rs	537	public	pub fn key_context(mut self, key_context: &'static str) -> Self {
color_picker.rs	543	impl	impl Styled for ColorPicker {
color_picker.rs	549	impl	impl ParentElement for ColorPicker {
color_picker.rs	555	impl	impl InteractiveElement for ColorPicker {
color_picker.rs	561	impl	impl StatefulInteractiveElement for ColorPicker {}
color_picker.rs	563	impl	impl RenderOnce for ColorPicker {
color_picker.rs	618	public	pub struct ColorSwatch {
color_picker.rs	634	impl	impl ColorSwatch {
color_picker.rs	635	public	pub fn new(id: impl Into<ElementId>, color: Hsla) -> Self {
color_picker.rs	655	public	pub fn color(&self) -> Hsla {
color_picker.rs	660	public	pub fn selected(mut self, selected: bool) -> Self {
color_picker.rs	666	public	pub fn disabled(mut self, disabled: bool) -> Self {
color_picker.rs	672	public	pub fn accessibility_label(mut self, label: impl Into<SharedString>) -> Self {
color_picker.rs	678	public	pub fn role(mut self, role: impl Into<RoleOverride>) -> Self {
color_picker.rs	684	public	pub fn on_click( mut self, handler: impl Fn(Hsla, &ClickEvent, &mut Window, &mut App) + 'static, ) -> Self {
color_picker.rs	693	public	pub fn on_hover( mut self, handler: impl Fn(Hsla, bool, &mut Window, &mut App) + 'static, ) -> Self {
color_picker.rs	702	public	pub fn tab_index(mut self, tab_index: isize) -> Self {
color_picker.rs	708	public	pub fn tab_stop(mut self, tab_stop: bool) -> Self {
color_picker.rs	714	impl	impl Styled for ColorSwatch {
color_picker.rs	720	impl	impl ParentElement for ColorSwatch {
color_picker.rs	726	impl	impl InteractiveElement for ColorSwatch {
color_picker.rs	732	impl	impl StatefulInteractiveElement for ColorSwatch {}
color_picker.rs	734	impl	impl RenderOnce for ColorSwatch {
combobox.rs	38	public	pub struct Combobox {
combobox.rs	51	impl	impl Combobox {
combobox.rs	52	public	pub fn new(id: impl Into<ElementId>) -> Self {
combobox.rs	67	public	pub fn open(mut self, open: bool) -> Self {
combobox.rs	72	public	pub fn disabled(mut self, disabled: bool) -> Self {
combobox.rs	77	public	pub fn focus_handle(mut self, focus_handle: &FocusHandle) -> Self {
combobox.rs	82	public	pub fn content_focus_handle(mut self, focus_handle: &FocusHandle) -> Self {
combobox.rs	87	public	pub fn on_open_change( mut self, handler: impl Fn(bool, &mut Window, &mut App) + 'static, ) -> Self {
combobox.rs	96	public	pub fn on_confirm(mut self, handler: impl Fn(&mut Window, &mut App) + 'static) -> Self {
combobox.rs	106	public	pub fn on_dismiss(mut self, handler: impl Fn(&mut Window, &mut App) + 'static) -> Self {
combobox.rs	112	impl	impl Styled for Combobox {
combobox.rs	118	impl	impl ParentElement for Combobox {
combobox.rs	124	impl	impl RenderOnce for Combobox {
component_traits.rs	12	public	pub trait Selectable: Sized {
component_traits.rs	13	trait-member	fn selected(mut self, selected: bool) -> Self;
component_traits.rs	14	trait-member	fn is_selected(&self) -> bool;
component_traits.rs	16	trait-member	fn secondary_selected(self, _: bool) -> Self {
component_traits.rs	25	trait-member	fn open(self, open: bool) -> Self {
component_traits.rs	32	trait-member	fn is_open(&self) -> bool {
component_traits.rs	39	public	pub trait Disableable {
component_traits.rs	40	trait-member	fn disabled(mut self, disabled: bool) -> Self;
component_traits.rs	47	public	pub trait FocusableExt: Sized {
component_traits.rs	48	trait-member	fn focus_ring(self, enabled: bool) -> Self;
component_traits.rs	49	trait-member	fn is_focus_ring_enabled(&self) -> bool;
component_traits.rs	53	public	pub trait Collapsible {
component_traits.rs	54	trait-member	fn collapsed(self, collapsed: bool) -> Self;
component_traits.rs	55	trait-member	fn is_collapsed(&self) -> bool;
date_picker.rs	20	public	pub struct DatePicker {
date_picker.rs	30	impl	impl DatePicker {
date_picker.rs	31	public	pub fn new(id: impl Into<ElementId>, focus_handle: &FocusHandle) -> Self {
date_picker.rs	42	public	pub fn open(mut self, open: bool) -> Self {
date_picker.rs	46	public	pub fn disabled(mut self, disabled: bool) -> Self {
date_picker.rs	50	public	pub fn on_open_change( mut self, handler: impl Fn(bool, &mut Window, &mut App) + 'static, ) -> Self {
date_picker.rs	58	impl	impl Styled for DatePicker {
date_picker.rs	63	impl	impl ParentElement for DatePicker {
date_picker.rs	68	impl	impl InteractiveElement for DatePicker {
date_picker.rs	78	impl	impl StatefulInteractiveElement for DatePicker {}
date_picker.rs	79	impl	impl RenderOnce for DatePicker {
dialog.rs	26	public	pub enum DialogChangeReason {
dialog.rs	35	public	pub struct DialogHandle {
dialog.rs	40	impl	impl DialogHandle {
dialog.rs	41	public	pub fn new(open: bool) -> Self {
dialog.rs	47	public	pub fn is_open(&self) -> bool {
dialog.rs	50	public	pub fn open(&self, window: &mut Window, cx: &mut App) {
dialog.rs	53	public	pub fn close(&self, window: &mut Window, cx: &mut App) {
dialog.rs	89	public	pub fn init(cx: &mut App) {
dialog.rs	96	impl	impl Dialog {
dialog.rs	97	public	pub fn on_ok( mut self, handler: impl Fn(&ClickEvent, &mut Window, &mut App) -> bool + 'static, ) -> Self {
dialog.rs	105	public	pub fn on_cancel( mut self, handler: impl Fn(&ClickEvent, &mut Window, &mut App) -> bool + 'static, ) -> Self {
dialog.rs	113	public	pub fn on_close( mut self, handler: impl Fn(&ClickEvent, &mut Window, &mut App) + 'static, ) -> Self {
dialog.rs	124	public	pub struct Dialog {
dialog.rs	147	public	pub struct DialogTrigger {
dialog.rs	153	impl	impl DialogTrigger {
dialog.rs	154	public	pub fn new(trigger: impl IntoElement) -> Self {
dialog.rs	161	public	pub fn handle(mut self, handle: DialogHandle) -> Self {
dialog.rs	166	public	pub fn on_open(mut self, open: impl Fn(&mut Window, &mut App) + 'static) -> Self {
dialog.rs	172	impl	impl RenderOnce for DialogTrigger {
dialog.rs	193	public	pub struct $name {
dialog.rs	198	impl	impl $name {
dialog.rs	199	public	pub fn new() -> Self {
dialog.rs	207	impl	impl Default for $name {
dialog.rs	213	impl	impl Styled for $name {
dialog.rs	219	impl	impl ParentElement for $name {
dialog.rs	225	impl	impl RenderOnce for $name {
dialog.rs	254	public	pub struct DialogTitle {
dialog.rs	260	impl	impl DialogTitle {
dialog.rs	261	public	pub fn new() -> Self {
dialog.rs	270	impl	impl Default for DialogTitle {
dialog.rs	275	impl	impl Styled for DialogTitle {
dialog.rs	280	impl	impl ParentElement for DialogTitle {
dialog.rs	285	impl	impl RenderOnce for DialogTitle {
dialog.rs	296	public	pub struct DialogDescription {
dialog.rs	302	impl	impl DialogDescription {
dialog.rs	303	public	pub fn new() -> Self {
dialog.rs	312	impl	impl Default for DialogDescription {
dialog.rs	317	impl	impl Styled for DialogDescription {
dialog.rs	322	impl	impl ParentElement for DialogDescription {
dialog.rs	327	impl	impl RenderOnce for DialogDescription {
dialog.rs	338	public	pub struct DialogClose {
dialog.rs	347	impl	impl DialogClose {
dialog.rs	348	public	pub fn new() -> Self {
dialog.rs	362	public	pub fn trigger<E: IntoElement>(mut self, build: impl FnOnce(crate::Button) -> E) -> Self {
dialog.rs	385	impl	impl Default for DialogClose {
dialog.rs	390	impl	impl ParentElement for DialogClose {
dialog.rs	395	impl	impl Styled for DialogClose {
dialog.rs	400	impl	impl RenderOnce for DialogClose {
dialog.rs	423	impl	impl Dialog {
dialog.rs	424	public	pub fn new(cx: &mut App) -> Self {
dialog.rs	446	public	pub fn open(mut self, open: bool) -> Self {
dialog.rs	450	public	pub fn handle(mut self, handle: DialogHandle) -> Self {
dialog.rs	457	public	pub fn on_open_change( mut self, handler: impl Fn(bool, DialogChangeReason, &mut Window, &mut App) + 'static, ) -> Self {
dialog.rs	469	public	pub fn backdrop(mut self, element: impl IntoElement) -> Self {
dialog.rs	473	public	pub fn popup(mut self, element: impl IntoElement) -> Self {
dialog.rs	477	public	pub fn close_on_escape(mut self, value: bool) -> Self {
dialog.rs	481	public	pub fn close_on_backdrop_press(mut self, value: bool) -> Self {
dialog.rs	485	public	pub fn dismiss_below_y(mut self, value: Pixels) -> Self {
dialog.rs	494	public	pub fn layer(mut self, index: usize, topmost: bool) -> Self {
dialog.rs	500	public	pub fn focus_handle(mut self, value: FocusHandle) -> Self {
dialog.rs	505	public	pub fn request_close( mut self, handler: impl Fn(bool, &mut Window, &mut App) + 'static, ) -> Self {
dialog.rs	514	impl	impl Styled for Dialog {
dialog.rs	519	impl	impl ParentElement for Dialog {
dialog.rs	525	impl	impl RenderOnce for Dialog {
dock/active.rs	25	impl	impl ActiveTracker {
dock/dock_area.rs	39	public	pub enum DockEvent {
dock/dock_area.rs	99	public	pub struct DockArea {
dock/dock_area.rs	118	impl	impl DockArea {
dock/dock_area.rs	126	public	pub fn new( id: impl Into<SharedString>, version: Option<usize>, _window: &mut Window, cx: &mut Context<Self>, ) -> Self {
dock/dock_area.rs	154	public	pub fn with_renderer(mut self, renderer: Rc<dyn DockAreaRenderer>) -> Self {
dock/dock_area.rs	159	public	pub fn id(&self) -> SharedString {
dock/dock_area.rs	163	public	pub fn version(&self) -> Option<usize> {
dock/dock_area.rs	172	public	pub fn set_version(&mut self, version: Option<usize>, cx: &mut Context<Self>) {
dock/dock_area.rs	179	public	pub fn bounds(&self) -> Bounds<Pixels> {
dock/dock_area.rs	189	public	pub fn layout(&self, placement: DockPlacement) -> Option<&PaneTree> {
dock/dock_area.rs	197	public	pub fn panel(&self, panel: PanelId) -> Option<&Arc<dyn PanelView>> {
dock/dock_area.rs	201	public	pub fn is_locked(&self) -> bool {
dock/dock_area.rs	211	public	pub fn is_empty(&self, placement: DockPlacement, cx: &App) -> bool {
dock/dock_area.rs	217	public	pub fn set_locked(&mut self, locked: bool, window: &mut Window, cx: &mut Context<Self>) {
dock/dock_area.rs	229	impl	impl DockArea {
dock/dock_area.rs	232	public	pub fn set_center(&mut self, layout: DockLayout, window: &mut Window, cx: &mut Context<Self>) {
dock/dock_area.rs	246	public	pub fn set_dock( &mut self, placement: DockPlacement, layout: DockLayout, window: &mut Window, cx: &mut Context<Self>, ) {
dock/dock_area.rs	271	public	pub fn remove_dock( &mut self, placement: DockPlacement, window: &mut Window, cx: &mut Context<Self>, ) {
dock/dock_area.rs	286	public	pub fn has_dock(&self, placement: DockPlacement) -> bool {
dock/dock_area.rs	293	public	pub fn is_dock_open(&self, placement: DockPlacement) -> bool {
dock/dock_area.rs	301	public	pub fn toggle_dock( &mut self, placement: DockPlacement, window: &mut Window, cx: &mut Context<Self>, ) {
dock/dock_area.rs	324	public	pub fn is_dock_collapsible(&self, placement: DockPlacement) -> bool {
dock/dock_area.rs	330	public	pub fn set_dock_collapsible( &mut self, placement: DockPlacement, collapsible: bool, _window: &mut Window, cx: &mut Context<Self>, ) {
dock/dock_area.rs	344	public	pub fn dock_size(&self, placement: DockPlacement) -> Option<Pixels> {
dock/dock_area.rs	348	public	pub fn set_dock_size( &mut self, placement: DockPlacement, size: Pixels, _window: &mut Window, cx: &mut Context<Self>, ) {
dock/dock_area.rs	368	impl	impl DockArea {
dock/dock_area.rs	371	public	pub fn add_panel<P: Panel>( &mut self, panel: Entity<P>, placement: DockPlacement, size: Option<Pixels>, window: &mut Window, cx: &mut Context<Self>, ) {
dock/dock_area.rs	389	public	pub fn add_panel_view( &mut self, panel: Arc<dyn PanelView>, placement: DockPlacement, size: Option<Pixels>, window: &mut Window, cx: &mut Context<Self>, ) {
dock/dock_area.rs	469	public	pub fn remove_panel<P: Panel>( &mut self, panel: Entity<P>, window: &mut Window, cx: &mut Context<Self>, ) {
dock/dock_area.rs	480	public	pub fn move_panel( &mut self, panel: PanelId, target: InsertTarget, window: &mut Window, cx: &mut Context<Self>, ) {
dock/dock_area.rs	563	public	pub fn select_panel(&mut self, panel: PanelId, window: &mut Window, cx: &mut Context<Self>) {
dock/dock_area.rs	585	public	pub fn split_at( &mut self, node: NodeId, panel: PanelId, placement: Placement, window: &mut Window, cx: &mut Context<Self>, ) {
dock/dock_area.rs	625	impl	impl DockArea {
dock/dock_area.rs	631	public	pub fn set_zoomed_in(&mut self, node: NodeId, window: &mut Window, cx: &mut Context<Self>) {
dock/dock_area.rs	640	public	pub fn set_zoomed_out(&mut self, window: &mut Window, cx: &mut Context<Self>) {
dock/dock_area.rs	644	public	pub fn is_zoomed(&self) -> bool {
dock/dock_area.rs	649	public	pub fn zoomed_group(&self) -> Option<NodeId> {
dock/dock_area.rs	716	impl	impl DockArea {
dock/dock_area.rs	721	public	pub fn load( &mut self, state: DockAreaState, window: &mut Window, cx: &mut Context<Self>, ) -> Result<()> {
dock/dock_area.rs	799	public	pub fn dump(&self, cx: &App) -> DockAreaState {
dock/dock_area.rs	863	impl	impl DockArea {
dock/dock_placement.rs	20	public	pub struct DockSizing {
dock/dock_placement.rs	26	impl	impl DockSizing {
dock/dock_placement.rs	27	public	pub fn new(placement: DockPlacement) -> Self {
dock/dock_placement.rs	38	public	pub fn with_area_bounds(mut self, area: Bounds<Pixels>) -> Self {
dock/dock_placement.rs	46	public	pub fn with_area_width(mut self, width: Pixels) -> Self {
dock/dock_placement.rs	54	public	pub fn with_area_height(mut self, height: Pixels) -> Self {
dock/dock_placement.rs	61	public	pub fn with_opposite_dock_size(mut self, size: Pixels) -> Self {
dock/dock_placement.rs	74	public	pub fn size_from_pointer(&self, pointer: Point<Pixels>) -> Pixels {
dock/dock_placement.rs	92	public	pub fn clamp(&self, size: Pixels) -> Pixels {
dock/dock_placement.rs	113	public	pub struct Dock {
dock/dock_placement.rs	121	impl	impl Dock {
dock/dock_placement.rs	122	public	pub fn new(size: Pixels) -> Self {
dock/dock_placement.rs	132	public	pub fn is_open(&self) -> bool {
dock/dock_placement.rs	136	public	pub fn set_open(&mut self, open: bool) {
dock/dock_placement.rs	140	public	pub fn is_collapsible(&self) -> bool {
dock/dock_placement.rs	144	public	pub fn set_collapsible(&mut self, collapsible: bool) {
dock/dock_placement.rs	148	public	pub fn size(&self) -> Pixels {
dock/dock_placement.rs	158	public	pub fn set_size(&mut self, size: Pixels) {
dock/dock_placement.rs	173	public	pub fn is_resizing(&self) -> bool {
dock/dock_placement.rs	177	public	pub fn set_resizing(&mut self, resizing: bool) {
dock/drag.rs	34	public	pub struct DragPanel {
dock/drag.rs	49	impl	impl DragPanel {
dock/drag.rs	50	public	pub fn new(panel: PanelId, source: NodeId) -> Self {
dock/drag.rs	60	public	pub fn panel(&self) -> PanelId {
dock/drag.rs	65	public	pub fn source(&self) -> NodeId {
dock/drag.rs	69	public	pub fn drag_offset(&self) -> Point<Pixels> {
dock/drag.rs	75	public	pub fn set_drag_offset(&self, offset: Point<Pixels>) {
dock/drag.rs	86	public	pub fn preview_size(&self) -> Size<Pixels> {
dock/drag.rs	90	public	pub fn set_preview_size(&self, size: Size<Pixels>) {
dock/drag.rs	94	public	pub fn drag_session_id(&self) -> u64 {
dock/drag.rs	99	impl	impl Render for DragPanel {
dock/drag.rs	109	public	pub struct AnyDrag {
dock/drag.rs	113	impl	impl AnyDrag {
dock/drag.rs	114	public	pub fn new(value: impl Any) -> Self {
dock/drag.rs	120	public	pub fn value(&self) -> &Arc<dyn Any> {
dock/drag.rs	131	public	pub struct DropTarget {
dock/drag.rs	136	impl	impl DropTarget {
dock/drag.rs	141	public	pub fn node(&self) -> NodeId {
dock/drag.rs	145	public	pub fn placement(&self) -> Option<Placement> {
dock/drag.rs	156	public	pub struct DropIndicator {
dock/drag.rs	165	impl	impl DropIndicator {
dock/drag.rs	185	public	pub fn bounds(&self) -> Bounds<Pixels> {
dock/drag.rs	190	public	pub fn placement(&self) -> Option<Placement> {
dock/drag.rs	195	public	pub fn from(&self) -> DropPlaceholderBounds {
dock/drag.rs	200	public	pub fn to(&self) -> DropPlaceholderBounds {
dock/drag.rs	206	public	pub fn drag_session_id(&self) -> u64 {
dock/drag.rs	212	public	pub fn epoch(&self) -> u64 {
dock/drag.rs	220	public	pub struct DropPlaceholderBounds {
dock/drag.rs	225	impl	impl DropPlaceholderBounds {
dock/drag.rs	230	public	pub fn for_placement(bounds: Bounds<Pixels>, placement: Option<Placement>) -> Self {
dock/drag.rs	258	public	pub fn origin(&self) -> Point<Pixels> {
dock/drag.rs	262	public	pub fn size(&self) -> Size<Pixels> {
dock/drag.rs	269	public	pub fn split_placement_at(bounds: Bounds<Pixels>, position: Point<Pixels>) -> Option<Placement> {
dock/layout/builder.rs	24	public	pub struct DockLayout {
dock/layout/builder.rs	39	impl	impl DockLayout {
dock/layout/builder.rs	41	public	pub fn h_split() -> Self {
dock/layout/builder.rs	46	public	pub fn v_split() -> Self {
dock/layout/builder.rs	51	public	pub fn tabs() -> Self {
dock/layout/builder.rs	71	public	pub fn child(mut self, child: DockLayout, size: Option<Pixels>) -> Self {
dock/layout/builder.rs	83	public	pub fn panel<P: Panel>(mut self, panel: Entity<P>) -> Self {
dock/layout/builder.rs	101	public	pub fn panel_view(mut self, panel: Arc<dyn PanelView>, cx: &App) -> Self {
dock/layout/builder.rs	114	public	pub fn active_index(mut self, ix: usize) -> Self {
dock/layout/builder.rs	178	impl	impl PaneTree {
dock/layout/edit.rs	12	public	pub enum InsertTarget {
dock/layout/edit.rs	35	public	pub struct EditResult {
dock/layout/edit.rs	39	impl	impl EditResult {
dock/layout/edit.rs	40	public	pub fn changed(&self) -> bool {
dock/layout/edit.rs	45	impl	impl PaneTree {
dock/layout/edit.rs	46	public	pub fn insert_panel(&mut self, panel: PanelId, target: InsertTarget) -> EditResult {
dock/layout/edit.rs	50	public	pub fn remove_panel(&mut self, panel: PanelId) -> EditResult {
dock/layout/edit.rs	56	public	pub fn move_panel(&mut self, panel: PanelId, target: InsertTarget) -> EditResult {
dock/layout/edit.rs	64	public	pub fn split( &mut self, at: NodeId, panel: PanelId, placement: Placement, size: Option<Pixels>, ) -> EditResult {
dock/layout/edit.rs	81	public	pub fn set_active(&mut self, node: NodeId, ix: usize) -> EditResult {
dock/layout/edit.rs	104	public	pub fn set_sizes(&mut self, node: NodeId, new_sizes: Vec<Option<Pixels>>) -> EditResult {
dock/layout/edit.rs	124	impl	impl PaneTree {
dock/layout/edit.rs	166	impl	impl PaneTree {
dock/layout/edit.rs	183	public	pub fn contains_panel(&self, panel: PanelId) -> bool {
dock/layout/edit.rs	188	impl	impl PaneTree {
dock/layout/mod.rs	7	public	pub use builder::DockLayout;
dock/layout/mod.rs	8	public	pub use edit::{EditResult, InsertTarget};
dock/layout/mod.rs	15	public	pub use node::{NodeId, PaneNode, PaneRef, PanelId};
dock/layout/mod.rs	16	public	pub use tree::{PaneTree, RootKind};
dock/layout/node.rs	6	public	pub struct NodeId(u64);
dock/layout/node.rs	8	impl	impl NodeId {
dock/layout/node.rs	13	public	pub fn as_u64(self) -> u64 {
dock/layout/node.rs	21	public	pub struct PanelId(u64);
dock/layout/node.rs	23	impl	impl PanelId {
dock/layout/node.rs	24	public	pub fn from_u64(raw: u64) -> Self {
dock/layout/node.rs	28	public	pub fn as_u64(self) -> u64 {
dock/layout/node.rs	33	impl	impl From<EntityId> for PanelId {
dock/layout/node.rs	57	public	pub enum PaneRef<'a> {
dock/layout/node.rs	70	public	pub struct PaneNode {
dock/layout/node.rs	75	impl	impl PaneNode {
dock/layout/node.rs	80	public	pub fn id(&self) -> NodeId {
dock/layout/node.rs	84	public	pub fn kind(&self) -> PaneRef<'_> {
dock/layout/node.rs	111	public	pub fn walk(&self, f: &mut impl FnMut(&PaneNode)) {
dock/layout/normalize.rs	13	impl	impl PaneTree {
dock/layout/normalize.rs	33	public	pub fn normalize(&mut self) {
dock/layout/tree.rs	12	public	pub enum RootKind {
dock/layout/tree.rs	46	public	pub struct PaneTree {
dock/layout/tree.rs	51	impl	impl PaneTree {
dock/layout/tree.rs	52	public	pub fn new(root_kind: RootKind) -> Self {
dock/layout/tree.rs	64	public	pub fn root(&self) -> &PaneNode {
dock/layout/tree.rs	73	public	pub fn root_kind(&self) -> RootKind {
dock/layout/tree.rs	82	public	pub fn node_ids(&self) -> Vec<NodeId> {
dock/layout/tree.rs	89	public	pub fn panels(&self) -> impl Iterator<Item = PanelId> {
dock/layout/tree.rs	98	public	pub fn find_node(&self, id: NodeId) -> Option<&PaneNode> {
dock/layout/tree.rs	103	public	pub fn find_panel_node(&self, panel: PanelId) -> Option<NodeId> {
dock/mod.rs	173	public	pub mod layout;
dock/mod.rs	182	public	pub use dock_area::{DockArea, DockAreaRenderer, DockContext, DockEvent};
dock/mod.rs	183	public	pub use dock_placement::{Dock, DockSizing};
dock/mod.rs	184	public	pub use drag::{AnyDrag, DragPanel, DropIndicator, DropPlaceholderBounds, DropTarget};
dock/mod.rs	188	public	pub use layout::{
dock/mod.rs	191	public	pub use panel::{Panel, PanelEvent, PanelView};
dock/mod.rs	192	public	pub use registry::{PanelBuildContext, PanelRegistry, register_panel};
dock/mod.rs	193	public	pub use state::{DockAreaState, DockPlacement, DockState, PanelInfo, PanelState};
dock/mod.rs	199	public	pub use state_convert::{PanelBuilder, PanelSource};
dock/mod.rs	200	public	pub use tab_group::{
dock/panel.rs	12	public	pub enum PanelEvent {
dock/panel.rs	21	public	pub trait Panel: EventEmitter<PanelEvent> + Render + Focusable {
dock/panel.rs	23	trait-member	fn panel_name(&self) -> &'static str;
dock/panel.rs	28	trait-member	fn visible(&self, cx: &App) -> bool {
dock/panel.rs	34	trait-member	fn closable(&self, cx: &App) -> bool {
dock/panel.rs	40	trait-member	fn zoomable(&self, cx: &App) -> bool {
dock/panel.rs	53	trait-member	fn set_active(&mut self, active: bool, window: &mut Window, cx: &mut Context<Self>) {}
dock/panel.rs	61	trait-member	fn set_zoomed(&mut self, zoomed: bool, window: &mut Window, cx: &mut Context<Self>) {}
dock/panel.rs	68	trait-member	fn on_added_to( &mut self, group: WeakEntity<TabGroup>, window: &mut Window, cx: &mut Context<Self>, ) {
dock/panel.rs	82	trait-member	fn on_removed(&mut self, window: &mut Window, cx: &mut Context<Self>) {}
dock/panel.rs	90	trait-member	fn dump(&self, cx: &App) -> PanelState {
dock/panel.rs	98	public	pub trait PanelView: 'static + Send + Sync {
dock/panel.rs	99	trait-member	fn panel_name(&self, cx: &App) -> &'static str;
dock/panel.rs	100	trait-member	fn panel_id(&self, cx: &App) -> PanelId;
dock/panel.rs	101	trait-member	fn closable(&self, cx: &App) -> bool;
dock/panel.rs	102	trait-member	fn zoomable(&self, cx: &App) -> bool;
dock/panel.rs	103	trait-member	fn visible(&self, cx: &App) -> bool;
dock/panel.rs	104	trait-member	fn set_active(&self, active: bool, window: &mut Window, cx: &mut App);
dock/panel.rs	105	trait-member	fn set_zoomed(&self, zoomed: bool, window: &mut Window, cx: &mut App);
dock/panel.rs	106	trait-member	fn on_added_to(&self, group: WeakEntity<TabGroup>, window: &mut Window, cx: &mut App);
dock/panel.rs	107	trait-member	fn on_removed(&self, window: &mut Window, cx: &mut App);
dock/panel.rs	108	trait-member	fn view(&self) -> AnyView;
dock/panel.rs	109	trait-member	fn focus_handle(&self, cx: &App) -> FocusHandle;
dock/panel.rs	110	trait-member	fn dump(&self, cx: &App) -> PanelState;
dock/panel.rs	131	trait-member	fn as_any(&self) -> &dyn Any;
dock/panel.rs	134	impl	impl<T: Panel> PanelView for Entity<T> {
dock/panel.rs	192	impl	impl From<&dyn PanelView> for AnyView {
dock/panel.rs	198	impl	impl<T: Panel> From<&dyn PanelView> for Entity<T> {
dock/panel.rs	204	impl	impl PartialEq for dyn PanelView {
dock/panel.rs	219	impl	impl<'a> LivePanels<'a> {
dock/panel.rs	225	impl	impl PanelSource for LivePanels<'_> {
dock/registry.rs	8	public	pub struct PanelBuildContext<'a> {
dock/registry.rs	14	impl	impl<'a> PanelBuildContext<'a> {
dock/registry.rs	15	public	pub fn new( dock_area: WeakEntity<DockArea>, state: &'a PanelState, info: &'a PanelInfo, ) -> Self {
dock/registry.rs	27	public	pub fn dock_area(&self) -> WeakEntity<DockArea> {
dock/registry.rs	31	public	pub fn state(&self) -> &PanelState {
dock/registry.rs	35	public	pub fn info(&self) -> &PanelInfo {
dock/registry.rs	59	public	pub struct PanelRegistry {
dock/registry.rs	66	impl	impl PanelRegistry {
dock/registry.rs	74	public	pub fn new() -> Self {
dock/registry.rs	80	public	pub fn global(cx: &App) -> &Self {
dock/registry.rs	84	public	pub fn global_mut(cx: &mut App) -> &mut Self {
dock/registry.rs	91	public	pub fn build_panel( panel_name: &str, context: PanelBuildContext, window: &mut Window, cx: &mut App, ) -> Option<Arc<dyn PanelView>> {
dock/registry.rs	102	impl	impl Default for PanelRegistry {
dock/registry.rs	108	impl	impl Global for PanelRegistry {}
dock/registry.rs	111	public	pub fn register_panel<F>(cx: &mut App, panel_name: &str, deserialize: F) where F: Fn(PanelBuildContext, &mut Window, &mut App) -> Arc<dyn PanelView> + 'static, {
dock/state.rs	10	public	pub struct DockAreaState {
dock/state.rs	15	public	pub version: Option<usize>,
dock/state.rs	16	public	pub center: PanelState,
dock/state.rs	18	public	pub left_dock: Option<DockState>,
dock/state.rs	20	public	pub right_dock: Option<DockState>,
dock/state.rs	22	public	pub bottom_dock: Option<DockState>,
dock/state.rs	27	public	pub struct DockState {
dock/state.rs	34	impl	impl DockState {
dock/state.rs	35	public	pub fn new(panel: PanelState, placement: DockPlacement, size: Pixels, open: bool) -> Self {
dock/state.rs	44	public	pub fn panel(&self) -> &PanelState {
dock/state.rs	48	public	pub fn placement(&self) -> DockPlacement {
dock/state.rs	52	public	pub fn size(&self) -> Pixels {
dock/state.rs	56	public	pub fn open(&self) -> bool {
dock/state.rs	67	public	pub struct PanelState {
dock/state.rs	68	public	pub panel_name: String,
dock/state.rs	69	public	pub children: Vec<PanelState>,
dock/state.rs	70	public	pub info: PanelInfo,
dock/state.rs	74	public	pub enum PanelInfo {
dock/state.rs	86	impl	impl PanelInfo {
dock/state.rs	87	public	pub fn stack(sizes: Vec<Pixels>, axis: Axis) -> Self {
dock/state.rs	94	public	pub fn tabs(active_index: usize) -> Self {
dock/state.rs	98	public	pub fn panel(info: serde_json::Value) -> Self {
dock/state.rs	102	public	pub fn axis(&self) -> Option<Axis> {
dock/state.rs	113	public	pub fn sizes(&self) -> Option<&Vec<Pixels>> {
dock/state.rs	120	public	pub fn active_index(&self) -> Option<usize> {
dock/state.rs	128	impl	impl Default for PanelState {
dock/state.rs	138	impl	impl PanelState {
dock/state.rs	144	public	pub fn new(panel_name: impl Into<String>) -> Self {
dock/state.rs	151	public	pub fn add_child(&mut self, panel: PanelState) {
dock/state.rs	161	public	pub enum DockPlacement {
dock/state.rs	172	impl	impl DockPlacement {
dock/state.rs	173	public	pub fn axis(&self) -> Axis {
dock/state.rs	180	public	pub fn is_left(&self) -> bool {
dock/state.rs	184	public	pub fn is_bottom(&self) -> bool {
dock/state.rs	188	public	pub fn is_right(&self) -> bool {
dock/state_convert.rs	15	public	pub trait PanelSource {
dock/state_convert.rs	16	trait-member	fn panel_name(&self, id: PanelId) -> &'static str;
dock/state_convert.rs	17	trait-member	fn is_visible(&self, id: PanelId) -> bool;
dock/state_convert.rs	18	trait-member	fn dump(&self, id: PanelId) -> PanelState;
dock/state_convert.rs	21	impl	impl PaneTree {
dock/state_convert.rs	22	public	pub fn to_state(&self, source: &dyn PanelSource) -> PanelState {
dock/state_convert.rs	72	public	pub trait PanelBuilder {
dock/state_convert.rs	73	trait-member	fn build(&mut self, state: &PanelState, info: &PanelInfo) -> PanelId;
dock/state_convert.rs	76	impl	impl PaneTree {
dock/state_convert.rs	92	public	pub fn from_state( state: &PanelState, root_kind: RootKind, builder: &mut dyn PanelBuilder, ) -> Self {
dock/tab_group.rs	31	public	pub enum TabGroupEvent {
dock/tab_group.rs	62	public	pub struct TabGroupConstraints {
dock/tab_group.rs	69	impl	impl TabGroupConstraints {
dock/tab_group.rs	72	public	pub fn sealed() -> Self {
dock/tab_group.rs	84	public	pub fn in_split(alone: bool) -> Self {
dock/tab_group.rs	94	public	pub fn dock_locked(mut self, dock_locked: bool) -> Self {
dock/tab_group.rs	100	public	pub fn collapsed(mut self, collapsed: bool) -> Self {
dock/tab_group.rs	107	public	pub fn closable(mut self, closable: bool) -> Self {
dock/tab_group.rs	113	public	pub fn is_alone(&self) -> bool {
dock/tab_group.rs	123	public	pub fn is_locked(&self) -> bool {
dock/tab_group.rs	127	public	pub fn is_collapsed(&self) -> bool {
dock/tab_group.rs	131	public	pub fn is_closable(&self) -> bool {
dock/tab_group.rs	146	public	pub struct TabGroup {
dock/tab_group.rs	161	impl	impl TabGroup {
dock/tab_group.rs	181	public	pub fn with_renderer(mut self, renderer: Rc<dyn TabGroupRenderer>) -> Self {
dock/tab_group.rs	187	public	pub fn node(&self) -> NodeId {
dock/tab_group.rs	191	public	pub fn panels(&self) -> &[Arc<dyn PanelView>] {
dock/tab_group.rs	195	public	pub fn active_ix(&self) -> usize {
dock/tab_group.rs	202	public	pub fn active_panel(&self, cx: &App) -> Option<Arc<dyn PanelView>> {
dock/tab_group.rs	210	public	pub fn is_zoomed(&self) -> bool {
dock/tab_group.rs	214	public	pub fn is_collapsed(&self) -> bool {
dock/tab_group.rs	223	public	pub fn is_closable(&self, cx: &App) -> bool {
dock/tab_group.rs	232	public	pub fn select_tab(&mut self, ix: usize, window: &mut Window, cx: &mut Context<Self>) {
dock/tab_group.rs	246	public	pub fn close_panel(&mut self, panel: PanelId, cx: &mut Context<Self>) {
dock/tab_group.rs	267	public	pub fn toggle_zoom(&mut self, window: &mut Window, cx: &mut Context<Self>) {
dock/tab_group.rs	272	public	pub fn context(&self, cx: &App) -> TabGroupContext {
dock/tab_group.rs	325	impl	impl TabGroup {
dock/tab_group.rs	432	impl	impl TabGroup {
dock/tab_group.rs	672	impl	impl EventEmitter<TabGroupEvent> for TabGroup {}
dock/tab_group.rs	674	impl	impl Focusable for TabGroup {
dock/tab_group.rs	683	impl	impl Render for TabGroup {
dock/tab_group.rs	768	public	pub struct TabGroupContext {
dock/tab_group.rs	786	impl	impl TabGroupContext {
dock/tab_group.rs	789	public	pub fn node(&self) -> NodeId {
dock/tab_group.rs	795	public	pub fn panels(&self) -> &[Arc<dyn PanelView>] {
dock/tab_group.rs	799	public	pub fn active_ix(&self) -> usize {
dock/tab_group.rs	805	public	pub fn active_panel(&self) -> Option<&Arc<dyn PanelView>> {
dock/tab_group.rs	809	public	pub fn drop_indicator(&self) -> Option<DropIndicator> {
dock/tab_group.rs	813	public	pub fn is_zoomed(&self) -> bool {
dock/tab_group.rs	817	public	pub fn is_collapsed(&self) -> bool {
dock/tab_group.rs	822	public	pub fn is_closable(&self) -> bool {
dock/tab_group.rs	828	public	pub fn is_panel_closable(&self, panel: PanelId, cx: &App) -> bool {
dock/tab_group.rs	837	public	pub fn is_locked(&self) -> bool {
dock/tab_group.rs	841	public	pub fn is_draggable(&self) -> bool {
dock/tab_group.rs	845	public	pub fn is_droppable(&self) -> bool {
dock/tab_group.rs	849	public	pub fn select_tab(&self, ix: usize, window: &mut Window, cx: &mut App) {
dock/tab_group.rs	853	public	pub fn close(&self, panel: PanelId, window: &mut Window, cx: &mut App) {
dock/tab_group.rs	857	public	pub fn toggle_zoom(&self, window: &mut Window, cx: &mut App) {
dock/tab_group.rs	863	public	pub fn drag_panel(&self, ix: usize, cx: &App) -> Option<DragPanel> {
dock/tab_group.rs	871	public	pub fn drop_panel( &self, drag: DragPanel, ix: Option<usize>, activate: bool, window: &mut Window, cx: &mut App, ) {
dock/tab_group.rs	884	public	pub fn drop_item( &self, item: AnyDrag, placement: Option<Placement>, window: &mut Window, cx: &mut App, ) {
dock/tab_group.rs	902	public	pub trait TabGroupRenderer: 'static {
dock/tab_group.rs	912	trait-member	fn frame(&self, group: &TabGroupContext, window: &mut Window, cx: &mut App) -> Stateful<Div> {
dock/tab_group.rs	917	trait-member	fn content_frame( &self, group: &TabGroupContext, window: &mut Window, cx: &mut App, ) -> Stateful<Div> {
dock/tab_group.rs	926	trait-member	fn render_tab_bar( &self, group: &TabGroupContext, window: &mut Window, cx: &mut App, ) -> AnyElement;
dock/tab_group.rs	936	trait-member	fn render_active_panel( &self, panel: AnyView, group: &TabGroupContext, window: &mut Window, cx: &mut App, ) -> AnyElement {
dock/tab_group.rs	946	trait-member	fn render_drop_indicator( &self, indicator: DropIndicator, window: &mut Window, cx: &mut App, ) -> Option<AnyElement> {
dock/tab_group.rs	955	trait-member	fn render_empty( &self, group: &TabGroupContext, window: &mut Window, cx: &mut App, ) -> Option<AnyElement> {
dock/tab_group.rs	968	impl	impl TabGroupRenderer for BareTabGroup {
element_ext.rs	6	public	pub trait ElementExt: ParentElement + Sized {
element_ext.rs	8	trait-member	fn text_selection_scope(self, scope: TextSelectionScopeId) -> impl IntoElement where Self: IntoElement, {
element_ext.rs	16	trait-member	fn on_prepaint<F>(self, callback: F) -> Self where F: FnOnce(Bounds<Pixels>, &mut Window, &mut App) + 'static, {
element_ext.rs	31	impl	impl<T: ParentElement> ElementExt for T {}
event.rs	11	public	pub trait OngoingScrollExt {
event.rs	14	trait-member	fn lock_axis(&mut self, delta: &mut Point<Pixels>, touch_phase: TouchPhase);
event.rs	17	impl	impl OngoingScrollExt for OngoingScroll {
event.rs	26	public	pub trait InteractiveElementExt: InteractiveElement {
event.rs	29	trait-member	fn lock_scroll_axis(self) -> Self where Self: Sized + StatefulInteractiveElement, {
event.rs	44	trait-member	fn on_double_click( mut self, listener: impl Fn(&ClickEvent, &mut Window, &mut App) + 'static, ) -> Self where Self: Sized, {
event.rs	60	impl	impl<E: InteractiveElement> InteractiveElementExt for Stateful<E> {}
focus_trap.rs	9	public	pub fn init(cx: &mut App) {
focus_trap.rs	14	public	pub trait FocusTrapElement: InteractiveElement + Sized {
focus_trap.rs	39	trait-member	fn focus_trap( self, id: impl Into<ElementId>, focus_handle: &FocusHandle, ) -> FocusTrapContainer<Self> where Self: ParentElement + Styled + Element + 'static, {
focus_trap.rs	50	impl	impl<T: InteractiveElement + Sized> FocusTrapElement for T {}
focus_trap.rs	58	impl	impl Global for FocusTrapManager {}
focus_trap.rs	60	impl	impl FocusTrapManager {
focus_trap.rs	103	impl	impl Default for FocusTrapManager {
focus_trap.rs	113	public	pub struct FocusTrapContainer<E: InteractiveElement + ParentElement + Styled + Element> {
focus_trap.rs	119	impl	impl<E: InteractiveElement + ParentElement + Styled + Element> FocusTrapContainer<E> {
focus_trap.rs	129	impl	impl<E: InteractiveElement + ParentElement + Styled + Element> IntoElement for FocusTrapContainer<E> {
focus_trap.rs	138	impl	impl<E: InteractiveElement + ParentElement + Styled + Element> ParentElement for FocusTrapContainer<E> {
focus_trap.rs	145	impl	impl<E: InteractiveElement + ParentElement + Styled + Element> InteractiveElement for FocusTrapContainer<E> {
focus_trap.rs	152	impl	impl<E: InteractiveElement + ParentElement + Styled + Element> StatefulInteractiveElement for FocusTrapContainer<E> {
focus_trap.rs	156	impl	impl<E: InteractiveElement + ParentElement + Styled + Element> Styled for FocusTrapContainer<E> {
focus_trap.rs	162	impl	impl<E: InteractiveElement + ParentElement + Styled + Element + 'static> Element for FocusTrapContainer<E> {
focus_trap.rs	226	public	pub fn active_focus_trap(window: &Window, cx: &App) -> Option<FocusHandle> {
geometry.rs	12	public	pub enum Placement {
geometry.rs	23	impl	impl Display for Placement {
geometry.rs	34	impl	impl Placement {
geometry.rs	36	public	pub fn is_horizontal(&self) -> bool {
geometry.rs	44	public	pub fn is_vertical(&self) -> bool {
geometry.rs	52	public	pub fn axis(&self) -> Axis {
geometry.rs	66	public	pub enum Side {
geometry.rs	73	impl	impl Side {
geometry.rs	76	public	pub fn is_left(&self) -> bool {
geometry.rs	82	public	pub fn is_right(&self) -> bool {
geometry.rs	88	public	pub trait AxisExt {
geometry.rs	89	trait-member	fn is_horizontal(self) -> bool;
geometry.rs	90	trait-member	fn is_vertical(self) -> bool;
geometry.rs	93	impl	impl AxisExt for Axis {
geometry.rs	106	public	pub trait LengthExt {
geometry.rs	110	trait-member	fn to_pixels(&self, base_size: AbsoluteLength, rem_size: Pixels) -> Option<Pixels>;
geometry.rs	113	impl	impl LengthExt for Length {
geometry.rs	127	public	pub struct Edges<T: Clone + Debug + Default + PartialEq> {
geometry.rs	129	public	pub top: T,
geometry.rs	131	public	pub right: T,
geometry.rs	133	public	pub bottom: T,
geometry.rs	135	public	pub left: T,
geometry.rs	138	impl	impl<T> Edges<T> where T: Clone + Debug + Default + PartialEq, {
geometry.rs	143	public	pub fn all(value: T) -> Self {
global_state.rs	12	public	pub struct DeferredPopover(#[allow(dead_code)] Rc<()>);
global_state.rs	15	public	pub struct GlobalState {
global_state.rs	26	impl	impl Global for GlobalState {}
global_state.rs	28	impl	impl GlobalState {
global_state.rs	42	public	pub fn note_touch(cx: &mut App) {
global_state.rs	50	public	pub fn is_touch_press(cx: &App) -> bool {
global_state.rs	58	public	pub fn init(cx: &mut App) {
global_state.rs	68	public	pub fn suppress_text_selection(cx: &mut App) {
global_state.rs	74	public	pub fn reset_text_selection_suppression(cx: &mut App) {
global_state.rs	80	public	pub fn is_text_selection_suppressed(cx: &App) -> bool {
global_state.rs	84	public	pub fn global(cx: &App) -> &Self {
global_state.rs	88	public	pub fn global_mut(cx: &mut App) -> &mut Self {
global_state.rs	97	public	pub fn begin_selection_frame(&mut self) {
global_state.rs	108	public	pub fn app_menus(&self) -> &[OwnedMenu] {
global_state.rs	113	public	pub fn set_app_menus(&mut self, menus: Vec<OwnedMenu>) {
global_state.rs	119	public	pub fn is_in_deferred_context(cx: &App) -> bool {
global_state.rs	137	public	pub fn register_deferred_popover(cx: &mut App) -> DeferredPopover {
history.rs	8	public	pub struct History<T> {
history.rs	14	impl	impl<T> History<T> {
history.rs	15	public	pub fn new() -> Self {
history.rs	26	public	pub fn max_entries(mut self, max_entries: usize) -> Self {
history.rs	33	public	pub fn push(&mut self, entry: T) {
history.rs	43	public	pub fn current(&self) -> Option<&T> {
history.rs	48	public	pub fn replace_current(&mut self, entry: T) {
history.rs	56	public	pub fn remove_current(&mut self) -> Option<T> {
history.rs	61	public	pub fn can_back(&self) -> bool {
history.rs	66	public	pub fn can_forward(&self) -> bool {
history.rs	71	public	pub fn back(&mut self) -> Option<T> where T: Clone, {
history.rs	83	public	pub fn forward(&mut self) -> Option<T> where T: Clone, {
history.rs	97	public	pub fn entries(&self) -> impl DoubleEndedIterator<Item = &T> + ExactSizeIterator {
history.rs	102	public	pub fn forward_entries(&self) -> impl DoubleEndedIterator<Item = &T> + ExactSizeIterator {
history.rs	107	public	pub fn retain(&mut self, mut keep: impl FnMut(&T) -> bool) {
history.rs	113	public	pub fn clear(&mut self) {
history.rs	126	impl	impl<T> Default for History<T> {
hover_card.rs	24	public	pub struct HoverCard {
hover_card.rs	35	impl	impl HoverCard {
hover_card.rs	36	public	pub fn new(id: impl Into<ElementId>) -> Self {
hover_card.rs	49	public	pub fn anchor(mut self, anchor: impl Into<Anchor>) -> Self {
hover_card.rs	54	public	pub fn trigger(mut self, trigger: impl IntoElement) -> Self {
hover_card.rs	59	public	pub fn content<F>(mut self, content: F) -> Self where F: FnOnce( &mut HoverCardState, &mut Window, &mut Context<HoverCardState>, ) -> Stateful<gpui::Div> + 'static, {
hover_card.rs	72	public	pub fn open_delay(mut self, duration: Duration) -> Self {
hover_card.rs	77	public	pub fn close_delay(mut self, duration: Duration) -> Self {
hover_card.rs	82	public	pub fn on_open_change( mut self, callback: impl Fn(&bool, &mut Window, &mut App) + 'static, ) -> Self {
hover_card.rs	92	public	pub struct HoverCardState {
hover_card.rs	104	impl	impl HoverCardState {
hover_card.rs	119	public	pub fn is_open(&self) -> bool {
hover_card.rs	208	impl	impl Render for HoverCardState {
hover_card.rs	214	impl	impl RenderOnce for HoverCard {
index_path.rs	9	public	pub struct IndexPath {
index_path.rs	11	public	pub section: usize,
index_path.rs	13	public	pub row: usize,
index_path.rs	15	public	pub column: usize,
index_path.rs	18	impl	impl From<IndexPath> for ElementId {
index_path.rs	24	impl	impl Display for IndexPath {
index_path.rs	34	impl	impl IndexPath {
index_path.rs	39	public	pub fn new(row: usize) -> Self {
index_path.rs	48	public	pub fn section(mut self, section: usize) -> Self {
index_path.rs	54	public	pub fn row(mut self, row: usize) -> Self {
index_path.rs	60	public	pub fn column(mut self, column: usize) -> Self {
index_path.rs	66	public	pub fn eq_row(&self, index: IndexPath) -> bool {
input/base/blink_cursor.rs	27	impl	impl BlinkCursor {
input/base/change.rs	16	impl	impl Change {
input/base/cursor.rs	5	public	pub struct Selection {
input/base/cursor.rs	6	public	pub start: usize,
input/base/cursor.rs	7	public	pub end: usize,
input/base/cursor.rs	10	impl	impl Selection {
input/base/cursor.rs	11	public	pub fn new(start: usize, end: usize) -> Self {
input/base/cursor.rs	15	public	pub fn len(&self) -> usize {
input/base/cursor.rs	19	public	pub fn is_empty(&self) -> bool {
input/base/cursor.rs	24	public	pub fn clear(&mut self) {
input/base/cursor.rs	30	public	pub fn contains(&self, offset: usize) -> bool {
input/base/cursor.rs	35	impl	impl From<Range<usize>> for Selection {
input/base/cursor.rs	40	impl	impl From<Selection> for Range<usize> {
input/base/cursor.rs	45	impl	impl RangeBounds<usize> for Selection {
input/base/cursor.rs	68	impl	impl CursorSelection {
input/base/cursor.rs	112	impl	impl From<Range<usize>> for CursorSelection {
input/base/cursor.rs	118	impl	impl From<CursorSelection> for Range<usize> {
input/base/cursor.rs	124	impl	impl RangeBounds<usize> for CursorSelection {
input/base/cursor.rs	139	impl	impl Selections {
input/base/cursor.rs	244	impl	impl Default for Selections {
input/base/element.rs	143	impl	impl EditorScrollbarSnapshot {
input/base/element.rs	164	impl	impl EditorScrollbarLayout {
input/base/element.rs	200	impl	impl<M: InputModeKind> EditorScrollbar<M> {
input/base/element.rs	206	impl	impl<M: InputModeKind> IntoElement for EditorScrollbar<M> {
input/base/element.rs	214	impl	impl<M: InputModeKind> Element for EditorScrollbar<M> {
input/base/element.rs	429	impl	impl<M: InputModeKind> TextElement<M> {
input/base/element.rs	2218	impl	impl PrepaintState {
input/base/element.rs	2235	impl	impl<M: InputModeKind> IntoElement for TextElement<M> {
input/base/element.rs	2372	impl	impl<M: InputModeKind> Element for TextElement<M> {
input/base/inline_tokens.rs	12	public	pub struct InlineToken {
input/base/inline_tokens.rs	18	impl	impl InlineToken {
input/base/inline_tokens.rs	19	public	pub fn new(id: impl Into<SharedString>, text: impl Into<SharedString>) -> Self {
input/base/inline_tokens.rs	27	public	pub fn with_label(mut self, label: impl Into<SharedString>) -> Self {
input/base/inline_tokens.rs	31	public	pub fn id(&self) -> &SharedString {
input/base/inline_tokens.rs	34	public	pub fn text(&self) -> &SharedString {
input/base/inline_tokens.rs	37	public	pub fn label(&self) -> &SharedString {
input/base/inline_tokens.rs	57	public	pub struct InlineTokenSpan {
input/base/inline_tokens.rs	61	impl	impl InlineTokenSpan {
input/base/inline_tokens.rs	62	public	pub fn range(&self) -> Range<usize> {
input/base/inline_tokens.rs	65	public	pub fn token(&self) -> &InlineToken {
input/base/inline_tokens.rs	90	public	pub struct InputContent {
input/base/inline_tokens.rs	94	impl	impl InputContent {
input/base/inline_tokens.rs	95	public	pub fn new(text: impl Into<SharedString>) -> Self {
input/base/inline_tokens.rs	104	public	pub fn with_token( mut self, range: Range<usize>, token: InlineToken, ) -> Result<Self, InlineTokenError> {
input/base/inline_tokens.rs	130	public	pub fn text(&self) -> &SharedString {
input/base/inline_tokens.rs	133	public	pub fn tokens(&self) -> &[InlineTokenSpan] {
input/base/inline_tokens.rs	165	public	pub enum InlineTokenError {
input/base/inline_tokens.rs	176	impl	impl std::error::Error for InlineTokenError {}
input/base/inline_tokens.rs	177	impl	impl std::fmt::Display for InlineTokenError {
input/base/inline_tokens.rs	218	impl	impl InlineTokenStore {
input/base/inline_tokens.rs	252	impl	impl<M: InputModeKind> InputBaseState<M> {
input/base/inline_tokens.rs	392	impl	impl InputBaseState<$mode> {
input/base/inline_tokens.rs	394	public	pub fn replace_with_token( &mut self, token: InlineToken, window: &mut Window, cx: &mut Context<Self>, ) -> Result<(), InlineTokenError> {
input/base/inline_tokens.rs	403	public	pub fn replace_range_with_token( &mut self, range: Range<usize>, token: InlineToken, window: &mut Window, cx: &mut Context<Self>, ) -> Result<(), InlineTokenError> {
input/base/inline_tokens.rs	412	public	pub fn tokens(&self) -> &[InlineTokenSpan] {
input/base/inline_tokens.rs	416	public	pub fn content(&self) -> InputContent {
input/base/kind.rs	41	public	pub struct InputMode;
input/base/kind.rs	44	public	pub struct TextareaMode;
input/base/kind.rs	47	public	pub struct EditorMode;
input/base/kind.rs	50	public	pub trait Sealed {}
input/base/kind.rs	53	impl	impl sealed::Sealed for InputMode {}
input/base/kind.rs	54	impl	impl sealed::Sealed for TextareaMode {}
input/base/kind.rs	55	impl	impl sealed::Sealed for EditorMode {}
input/base/kind.rs	64	public	pub trait MultiLineMode: InputModeKind {}
input/base/kind.rs	66	impl	impl MultiLineMode for TextareaMode {}
input/base/kind.rs	67	impl	impl MultiLineMode for EditorMode {}
input/base/kind.rs	80	public	pub trait InputExtras: Default + 'static {
input/base/kind.rs	82	trait-member	fn decoration_layers(&self) -> Vec<&[TextDecoration]> {
input/base/kind.rs	87	trait-member	fn range_decorations(&self, _ranges: &[std::ops::Range<usize>]) -> Vec<&RangeDecoration> {
input/base/kind.rs	92	trait-member	fn semantic_token_styles( &self, _text: &Rope, _range: &std::ops::Range<usize>, _resolver: &dyn HighlightStyleResolver, ) -> Vec<(std::ops::Range<usize>, gpui::HighlightStyle)> {
input/base/kind.rs	102	trait-member	fn document_color_swatches( &self, _text: &Rope, _range: &std::ops::Range<usize>, ) -> Vec<(std::ops::Range<usize>, gpui::Hsla)> {
input/base/kind.rs	111	trait-member	fn hover_symbol_range(&self) -> Option<std::ops::Range<usize>> {
input/base/kind.rs	116	trait-member	fn inline_completion_item(&self) -> Option<&lsp_types::InlineCompletionItem> {
input/base/kind.rs	121	trait-member	fn context_menu_capabilities(&self) -> (bool, bool) {
input/base/kind.rs	127	impl	impl InputExtras for () {}
input/base/kind.rs	137	public	pub trait InputModeKind: sealed::Sealed + Sized + 'static {
input/base/kind.rs	145	trait-member	const MULTI_LINE: bool;
input/base/kind.rs	148	trait-member	const CODE_EDITOR: bool = false;
input/base/kind.rs	156	trait-member	type Extras: InputExtras;
input/base/kind.rs	163	trait-member	fn drive_highlighter( _highlighter: &Rc<RefCell<Option<Box<dyn InputHighlighter>>>>, _edit: InputEdit, _text: &Rope, _folding: bool, _window: &mut Window, _cx: &mut gpui::Context<InputBaseState<Self>>, ) {
input/base/kind.rs	175	trait-member	fn drive_highlighter_batch( _highlighter: &Rc<RefCell<Option<Box<dyn InputHighlighter>>>>, _edits: &[(InputEdit, Rope)], _folding: bool, _window: &mut Window, _cx: &mut gpui::Context<InputBaseState<Self>>, ) {
input/base/kind.rs	185	trait-member	fn hover_definition_style( _state: &InputBaseState<Self>, _cx: &gpui::App, ) -> Option<(std::ops::Range<usize>, gpui::HighlightStyle)> {
input/base/kind.rs	193	trait-member	fn hover_definition_hitbox( _state: &InputBaseState<Self>, _window: &mut Window, _cx: &gpui::App, ) -> Option<gpui::Hitbox> {
input/base/kind.rs	202	trait-member	fn reset_language_features(_state: &mut InputBaseState<Self>) {}
input/base/kind.rs	205	trait-member	fn reset_annotations(_state: &mut InputBaseState<Self>) {}
input/base/kind.rs	211	trait-member	fn editing_syntax_context(_state: &InputBaseState<Self>, _offset: usize) -> SyntaxContext {
input/base/kind.rs	216	trait-member	fn adjust_annotations( _state: &mut InputBaseState<Self>, _range: &std::ops::Range<usize>, _new_len: usize, ) {
input/base/kind.rs	224	trait-member	fn refresh_language_features( _state: &mut InputBaseState<Self>, _window: &mut Window, _cx: &mut gpui::Context<InputBaseState<Self>>, ) {
input/base/kind.rs	232	trait-member	fn accept_inline_completion( _state: &mut InputBaseState<Self>, _window: &mut Window, _cx: &mut gpui::Context<InputBaseState<Self>>, ) -> bool {
input/base/kind.rs	241	trait-member	fn has_inline_completion(_state: &InputBaseState<Self>) -> bool {
input/base/kind.rs	246	trait-member	fn on_click( _state: &mut InputBaseState<Self>, _event: &gpui::MouseDownEvent, _offset: usize, _window: &mut Window, _cx: &mut gpui::Context<InputBaseState<Self>>, ) -> bool {
input/base/kind.rs	257	trait-member	fn clear_hover_state( _state: &mut InputBaseState<Self>, _cx: &mut gpui::Context<InputBaseState<Self>>, ) {
input/base/kind.rs	264	trait-member	fn on_text_typed( _state: &mut InputBaseState<Self>, _range: &std::ops::Range<usize>, _text: &str, _window: &mut Window, _cx: &mut gpui::Context<InputBaseState<Self>>, ) {
input/base/kind.rs	274	trait-member	fn clear_inline_completion( _state: &mut InputBaseState<Self>, _cx: &mut gpui::Context<InputBaseState<Self>>, ) {
input/base/kind.rs	281	trait-member	fn hide_context_menu( _state: &mut InputBaseState<Self>, _cx: &mut gpui::Context<InputBaseState<Self>>, ) {
input/base/kind.rs	288	trait-member	fn is_context_menu_open(_state: &InputBaseState<Self>, _cx: &gpui::App) -> bool {
input/base/kind.rs	293	trait-member	fn handle_context_menu_action( _state: &mut InputBaseState<Self>, _action: Box<dyn gpui::Action>, _window: &mut Window, _cx: &mut gpui::Context<InputBaseState<Self>>, ) -> bool {
input/base/kind.rs	306	trait-member	fn on_hover_definition( _state: &mut InputBaseState<Self>, _offset: usize, _window: &mut Window, _cx: &mut gpui::Context<InputBaseState<Self>>, ) {
input/base/kind.rs	315	trait-member	fn on_mouse_move( _state: &mut InputBaseState<Self>, _offset: usize, _event: &gpui::MouseMoveEvent, _window: &mut Window, _cx: &mut gpui::Context<InputBaseState<Self>>, ) {
input/base/kind.rs	325	trait-member	fn register_actions( element: Stateful<Div>, _entity: &Entity<InputBaseState<Self>>, _window: &mut Window, ) -> Stateful<Div> {
input/base/kind.rs	334	impl	impl InputModeKind for InputMode {
input/base/kind.rs	343	impl	impl InputModeKind for TextareaMode {
input/base/kind.rs	353	public	pub struct EditorExtras {
input/base/kind.rs	364	impl	impl Default for EditorExtras {
input/base/layout.rs	35	impl	impl LastLayout {
input/base/mask_pattern.rs	6	public	pub enum MaskToken {
input/base/mask_pattern.rs	22	impl	impl MaskToken {
input/base/mask_pattern.rs	24	public	pub fn is_any(&self) -> bool {
input/base/mask_pattern.rs	47	public	pub fn is_number(&self) -> bool {
input/base/mask_pattern.rs	51	public	pub fn placeholder(&self) -> char {
input/base/mask_pattern.rs	78	public	pub enum MaskPattern {
input/base/mask_pattern.rs	93	impl	impl From<&str> for MaskPattern {
input/base/mask_pattern.rs	99	impl	impl MaskPattern {
input/base/mask_pattern.rs	114	public	pub fn new(pattern: &str) -> Self {
input/base/mask_pattern.rs	143	public	pub fn number(sep: Option<char>) -> Self {
input/base/mask_pattern.rs	150	public	pub fn placeholder(&self) -> Option<String> {
input/base/mask_pattern.rs	161	public	pub fn is_none(&self) -> bool {
input/base/mask_pattern.rs	172	public	pub fn is_valid(&self, mask_text: &str) -> bool {
input/base/mask_pattern.rs	247	public	pub fn is_valid_at(&self, ch: char, pos: usize) -> bool {
input/base/mask_pattern.rs	283	public	pub fn mask(&self, text: &str) -> SharedString {
input/base/mask_pattern.rs	374	public	pub fn unmask(&self, mask_text: &str) -> String {
input/base/mod.rs	25	public	pub struct InputContextMenuCapabilities {
input/base/mod.rs	35	impl	impl InputContextMenuCapabilities {
input/base/mod.rs	36	public	pub fn new() -> Self {
input/base/mod.rs	40	public	pub fn disabled(mut self, disabled: bool) -> Self {
input/base/mod.rs	45	public	pub fn readonly(mut self, readonly: bool) -> Self {
input/base/mod.rs	50	public	pub fn code_editor(mut self, code_editor: bool) -> Self {
input/base/mod.rs	56	public	pub fn selection(mut self, selection: bool) -> Self {
input/base/mod.rs	62	public	pub fn masked(mut self, masked: bool) -> Self {
input/base/mod.rs	67	public	pub fn go_to_definition(mut self, go_to_definition: bool) -> Self {
input/base/mod.rs	72	public	pub fn code_actions(mut self, code_actions: bool) -> Self {
input/base/mod.rs	77	public	pub fn is_disabled(&self) -> bool {
input/base/mod.rs	81	public	pub fn is_readonly(&self) -> bool {
input/base/mod.rs	89	public	pub fn is_editable(&self) -> bool {
input/base/mod.rs	93	public	pub fn is_code_editor(&self) -> bool {
input/base/mod.rs	97	public	pub fn has_selection(&self) -> bool {
input/base/mod.rs	101	public	pub fn is_masked(&self) -> bool {
input/base/mod.rs	109	public	pub fn is_copyable(&self) -> bool {
input/base/mod.rs	113	public	pub fn has_definition(&self) -> bool {
input/base/mod.rs	117	public	pub fn has_code_actions(&self) -> bool {
input/base/mod.rs	127	public	pub struct InputBase {
input/base/mod.rs	137	impl	impl InputBase {
input/base/mod.rs	138	public	pub fn new(id: impl Into<ElementId>) -> Self {
input/base/mod.rs	149	public	pub fn role(mut self, role: impl Into<crate::RoleOverride>) -> Self {
input/base/mod.rs	154	public	pub fn focused(mut self, focused: bool) -> Self {
input/base/mod.rs	159	public	pub fn disabled(mut self, disabled: bool) -> Self {
input/base/mod.rs	164	public	pub fn styles(mut self, build: impl FnOnce(InputStyles) -> InputStyles) -> Self {
input/base/mod.rs	169	public	pub fn accessibility_label(mut self, label: impl Into<SharedString>) -> Self {
input/base/mod.rs	188	public	pub struct InputStyles {
input/base/mod.rs	193	impl	impl InputStyles {
input/base/mod.rs	194	public	pub fn focused(mut self, build: impl FnOnce(StateStyle) -> StateStyle) -> Self {
input/base/mod.rs	200	public	pub fn disabled(mut self, build: impl FnOnce(StateStyle) -> StateStyle) -> Self {
input/base/mod.rs	207	impl	impl Styled for InputBase {
input/base/mod.rs	213	impl	impl ParentElement for InputBase {
input/base/mod.rs	219	impl	impl InteractiveElement for InputBase {
input/base/mod.rs	230	impl	impl StatefulInteractiveElement for InputBase {}
input/base/mod.rs	232	impl	impl RenderOnce for InputBase {
input/base/mode.rs	57	impl	impl Default for LayoutMode {
input/base/mode.rs	64	impl	impl LayoutMode {
input/base/movement.rs	17	impl	impl<M: InputModeKind> InputBaseState<M> {
input/base/native.rs	22	public	pub fn set_text_content_type(window: &Window, content_type: Option<&str>) {
input/base/native.rs	108	public	pub use macos::set_text_content_type;
input/base/native.rs	114	public	pub struct NativeMenu {
input/base/native.rs	115	public	pub items: Vec<NativeMenuItem>,
input/base/native.rs	118	public	pub enum NativeMenuItem {
input/base/native.rs	127	impl	impl NativeMenu {
input/base/native.rs	128	public	pub fn new() -> Self {
input/base/native.rs	132	public	pub fn menu(self, label: impl Into<SharedString>, action: Box<dyn gpui::Action>) -> Self {
input/base/native.rs	136	public	pub fn menu_with_disabled( mut self, label: impl Into<SharedString>, disabled: bool, action: Box<dyn gpui::Action>, ) -> Self {
input/base/native.rs	150	public	pub fn separator(mut self) -> Self {
input/base/rope_ext.rs	8	public	pub struct Point {
input/base/rope_ext.rs	9	public	pub row: usize,
input/base/rope_ext.rs	10	public	pub column: usize,
input/base/rope_ext.rs	13	impl	impl Point {
input/base/rope_ext.rs	14	public	pub fn new(row: usize, column: usize) -> Self {
input/base/rope_ext.rs	21	public	pub struct InputEdit {
input/base/rope_ext.rs	22	public	pub start_byte: usize,
input/base/rope_ext.rs	23	public	pub old_end_byte: usize,
input/base/rope_ext.rs	24	public	pub new_end_byte: usize,
input/base/rope_ext.rs	25	public	pub start_position: Point,
input/base/rope_ext.rs	26	public	pub old_end_position: Point,
input/base/rope_ext.rs	27	public	pub new_end_position: Point,
input/base/rope_ext.rs	33	public	pub struct RopeLines<'a> {
input/base/rope_ext.rs	39	impl	impl<'a> RopeLines<'a> {
input/base/rope_ext.rs	41	public	pub fn new(rope: &'a Rope) -> Self {
input/base/rope_ext.rs	50	impl	impl<'a> Iterator for RopeLines<'a> {
input/base/rope_ext.rs	77	impl	impl std::iter::ExactSizeIterator for RopeLines<'_> {}
input/base/rope_ext.rs	78	impl	impl std::iter::FusedIterator for RopeLines<'_> {}
input/base/rope_ext.rs	81	public	pub trait RopeExt {
input/base/rope_ext.rs	93	trait-member	fn line_start_offset(&self, row: usize) -> usize;
input/base/rope_ext.rs	105	trait-member	fn line_end_offset(&self, row: usize) -> usize;
input/base/rope_ext.rs	117	trait-member	fn slice_line(&self, row: usize) -> RopeSlice<'_>;
input/base/rope_ext.rs	132	trait-member	fn slice_lines(&self, rows_range: Range<usize>) -> RopeSlice<'_>;
input/base/rope_ext.rs	144	trait-member	fn iter_lines(&self) -> RopeLines<'_>;
input/base/rope_ext.rs	153	trait-member	fn lines_len(&self) -> usize;
input/base/rope_ext.rs	167	trait-member	fn line_len(&self, row: usize) -> usize;
input/base/rope_ext.rs	182	trait-member	fn replace(&mut self, range: Range<usize>, new_text: &str);
input/base/rope_ext.rs	188	trait-member	fn char_at(&self, offset: usize) -> Option<char>;
input/base/rope_ext.rs	193	trait-member	fn position_to_offset(&self, line_col: &Position) -> usize;
input/base/rope_ext.rs	198	trait-member	fn offset_to_position(&self, offset: usize) -> Position;
input/base/rope_ext.rs	203	trait-member	fn offset_to_point(&self, offset: usize) -> Point;
input/base/rope_ext.rs	208	trait-member	fn point_to_offset(&self, point: Point) -> usize;
input/base/rope_ext.rs	211	trait-member	fn word_range(&self, offset: usize) -> Option<Range<usize>>;
input/base/rope_ext.rs	214	trait-member	fn word_at(&self, offset: usize) -> String;
input/base/rope_ext.rs	219	trait-member	fn offset_utf16_to_offset(&self, offset_utf16: usize) -> usize;
input/base/rope_ext.rs	224	trait-member	fn offset_to_offset_utf16(&self, offset: usize) -> usize;
input/base/rope_ext.rs	242	trait-member	fn clip_offset(&self, offset: usize, bias: Bias) -> usize;
input/base/rope_ext.rs	258	trait-member	fn char_index_to_offset(&self, char_index: usize) -> usize;
input/base/rope_ext.rs	274	trait-member	fn offset_to_char_index(&self, offset: usize) -> usize;
input/base/rope_ext.rs	277	impl	impl RopeExt for Rope {
input/base/selection.rs	15	impl	impl CursorId {
input/base/selection.rs	21	impl	impl<M: InputModeKind> InputBaseState<M> {
input/base/selection.rs	59	impl	impl TextSelector {
input/base/state.rs	50	public	pub struct Enter {
input/base/state.rs	52	public	pub secondary: bool,
input/base/state.rs	54	public	pub shift: bool,
input/base/state.rs	57	impl	impl Enter {
input/base/state.rs	60	public	pub fn is_primary(action: &dyn Action) -> bool {
input/base/state.rs	123	public	pub enum InputEvent {
input/base/state.rs	319	impl	impl ColumnarPoint {
input/base/state.rs	347	public	pub struct InputBaseState<M: InputModeKind> {
input/base/state.rs	487	public	pub struct InputPresentation {
input/base/state.rs	500	impl	impl InputPresentation {
input/base/state.rs	501	public	pub fn focus_handle(&self) -> &FocusHandle {
input/base/state.rs	505	public	pub fn is_disabled(&self) -> bool {
input/base/state.rs	509	public	pub fn is_readonly(&self) -> bool {
input/base/state.rs	516	public	pub fn is_editable(&self) -> bool {
input/base/state.rs	520	public	pub fn is_loading(&self) -> bool {
input/base/state.rs	524	public	pub fn is_masked(&self) -> bool {
input/base/state.rs	528	public	pub fn is_multi_line(&self) -> bool {
input/base/state.rs	532	public	pub fn is_code_editor(&self) -> bool {
input/base/state.rs	536	public	pub fn text_align(&self) -> TextAlign {
input/base/state.rs	540	public	pub fn placeholder(&self) -> &SharedString {
input/base/state.rs	545	public	pub fn mask_placeholder(&self) -> Option<&str> {
input/base/state.rs	550	impl	impl<M: InputModeKind> EventEmitter<InputEvent> for InputBaseState<M> {}
input/base/state.rs	552	impl	impl<M: InputModeKind> InputBaseState<M> {
input/base/state.rs	554	public	pub fn cursor_layout(&self) -> Option<(Bounds<Pixels>, Pixels)> {
input/base/state.rs	559	public	pub fn input_bounds(&self) -> Bounds<Pixels> {
input/base/state.rs	563	public	pub fn text_bounds(&self) -> Option<Bounds<Pixels>> {
input/base/state.rs	567	public	pub fn diagnostic_popover(&self) -> Option<Rc<crate::input::DiagnosticEntry>> {
input/base/state.rs	571	public	pub fn presentation(&self) -> InputPresentation {
input/base/state.rs	602	public	pub fn is_multi_line(&self) -> bool {
input/base/state.rs	608	public	pub fn is_single_line(&self) -> bool {
input/base/state.rs	614	public	pub fn is_code_editor(&self) -> bool {
input/base/state.rs	621	public	pub fn is_copyable(&self) -> bool {
input/base/state.rs	625	public	pub fn context_menu_capabilities(&self) -> InputContextMenuCapabilities {
input/base/state.rs	637	public	pub fn set_text_align(&mut self, text_align: TextAlign, cx: &mut Context<Self>) {
input/base/state.rs	651	public	pub fn toggle_masked(&mut self, _: &mut Window, cx: &mut Context<Self>) {
input/base/state.rs	656	public	pub fn on_context_menu( &mut self, handler: Rc< dyn Fn(NativeMenu, InputContextMenuCapabilities, Point<Pixels>, &mut Window, &mut App), >, ) {
input/base/state.rs	782	public	pub fn context_menu(mut self, enable: bool) -> Self {
input/base/state.rs	787	public	pub fn set_context_menu_enabled(&mut self, enabled: bool) {
input/base/state.rs	793	public	pub fn replaceable(mut self, allow: bool) -> Self {
input/base/state.rs	799	public	pub fn placeholder(mut self, placeholder: impl Into<SharedString>) -> Self {
input/base/state.rs	805	public	pub fn set_highlighter( &mut self, new_language: impl Into<SharedString>, cx: &mut Context<Self>, ) {
input/base/state.rs	835	public	pub fn set_highlighter_factory( &mut self, factory: InputHighlighterFactory, cx: &mut Context<Self>, ) {
input/base/state.rs	847	public	pub fn ensure_highlighter_factory(&mut self, factory: InputHighlighterFactory) {
input/base/state.rs	851	public	pub fn set_editor_style(&mut self, style: InputEditorStyle) {
input/base/state.rs	858	public	pub fn set_editor_paddings(&mut self, paddings: Edges<Pixels>) {
input/base/state.rs	862	public	pub fn apply_highlighter_fold_candidates( &mut self, candidates: Vec<crate::input::FoldRange>, cx: &mut Context<Self>, ) {
input/base/state.rs	874	public	pub fn diagnostics(&self) -> Option<&DiagnosticSet> {
input/base/state.rs	879	public	pub fn diagnostics_mut(&mut self) -> Option<&mut DiagnosticSet> {
input/base/state.rs	884	public	pub fn set_placeholder( &mut self, placeholder: impl Into<SharedString>, _: &mut Window, cx: &mut Context<Self>, ) {
input/base/state.rs	933	public	pub fn set_value( &mut self, value: impl Into<super::InputContent>, window: &mut Window, cx: &mut Context<Self>, ) {
input/base/state.rs	965	public	pub fn replace_all( &mut self, text: impl Into<SharedString>, window: &mut Window, cx: &mut Context<Self>, ) {
input/base/state.rs	993	public	pub fn insert( &mut self, text: impl Into<SharedString>, window: &mut Window, cx: &mut Context<Self>, ) {
input/base/state.rs	1012	public	pub fn replace( &mut self, text: impl Into<SharedString>, window: &mut Window, cx: &mut Context<Self>, ) {
input/base/state.rs	1082	public	pub fn set_disabled(&mut self, disabled: bool, cx: &mut Context<Self>) {
input/base/state.rs	1108	public	pub fn set_readonly(&mut self, readonly: bool, cx: &mut Context<Self>) {
input/base/state.rs	1126	public	pub fn is_editable(&self) -> bool {
input/base/state.rs	1131	public	pub fn clean_on_escape(mut self) -> Self {
input/base/state.rs	1136	public	pub fn set_clean_on_escape(&mut self, clean: bool) {
input/base/state.rs	1145	public	pub fn submit_on_enter(mut self, submit: bool) -> Self {
input/base/state.rs	1150	public	pub fn set_submit_on_enter(&mut self, submit: bool, cx: &mut Context<Self>) {
input/base/state.rs	1157	public	pub fn show_whitespaces(mut self, show: bool) -> Self {
input/base/state.rs	1163	public	pub fn set_show_whitespaces(&mut self, show: bool, _: &mut Window, cx: &mut Context<Self>) {
input/base/state.rs	1177	public	pub fn scroll_beyond_last_line(mut self, rows: Option<usize>) -> Self {
input/base/state.rs	1183	public	pub fn set_scroll_beyond_last_line( &mut self, rows: Option<usize>, _: &mut Window, cx: &mut Context<Self>, ) {
input/base/state.rs	1206	public	pub fn cursor_surrounding_lines(mut self, lines: Option<usize>) -> Self {
input/base/state.rs	1212	public	pub fn set_cursor_surrounding_lines( &mut self, lines: Option<usize>, _: &mut Window, cx: &mut Context<Self>, ) {
input/base/state.rs	1226	public	pub fn default_value(mut self, value: impl Into<SharedString>) -> Self {
input/base/state.rs	1242	public	pub fn value(&self) -> SharedString {
input/base/state.rs	1251	public	pub fn selected_value(&self) -> SharedString {
input/base/state.rs	1256	public	pub fn unmask_value(&self) -> SharedString {
input/base/state.rs	1266	public	pub fn prepare(&mut self, _: &mut Window, _: &mut Context<Self>) {}
input/base/state.rs	1272	public	pub fn text(&self) -> &Rope {
input/base/state.rs	1277	public	pub fn cursor_position(&self) -> Position {
input/base/state.rs	1285	public	pub fn set_cursor_position( &mut self, position: impl Into<Position>, window: &mut Window, cx: &mut Context<Self>, ) {
input/base/state.rs	1300	public	pub fn focus(&self, window: &mut Window, cx: &mut Context<Self>) {
input/base/state.rs	1320	public	pub fn refresh(&mut self, cx: &mut Context<Self>) {
input/base/state.rs	2058	public	pub fn clean(&mut self, window: &mut Window, cx: &mut Context<Self>) {
input/base/state.rs	2924	public	pub fn cursor(&self) -> usize {
input/base/state.rs	2963	public	pub fn visible_row_range(&self) -> Option<std::ops::Range<usize>> {
input/base/state.rs	2968	public	pub fn scroll_offset(&self) -> gpui::Point<gpui::Pixels> {
input/base/state.rs	2975	public	pub fn set_scroll_offset(&mut self, offset: gpui::Point<gpui::Pixels>, cx: &mut Context<Self>) {
input/base/state.rs	2981	public	pub fn line_height(&self) -> Option<gpui::Pixels> {
input/base/state.rs	2992	public	pub fn selected_range(&self) -> std::ops::Range<usize> {
input/base/state.rs	2996	public	pub fn select_all(&mut self, _: &mut Window, cx: &mut Context<Self>) {
input/base/state.rs	3007	public	pub fn set_selected_range(&mut self, range: Range<usize>, cx: &mut Context<Self>) {
input/base/state.rs	3270	public	pub fn unselect(&mut self, _: &mut Window, cx: &mut Context<Self>) {
input/base/state.rs	3536	public	pub fn mask_pattern(mut self, pattern: impl Into<MaskPattern>) -> Self {
input/base/state.rs	3545	public	pub fn set_mask_pattern( &mut self, pattern: impl Into<MaskPattern>, _: &mut Window, cx: &mut Context<Self>, ) {
input/base/state.rs	3560	public	pub fn ensure_number_mask(&mut self) {
input/base/state.rs	3597	public	pub fn selected_text(&self) -> RopeSlice<'_> {
input/base/state.rs	3606	public	pub fn range_to_bounds(&self, range: &Range<usize>) -> Option<Bounds<Pixels>> {
input/base/state.rs	3904	impl	impl<M: InputModeKind> EntityInputHandler for InputBaseState<M> {
input/base/state.rs	4396	impl	impl<M: InputModeKind> Focusable for InputBaseState<M> {
input/base/state.rs	4402	impl	impl<M: InputModeKind> Render for InputBaseState<M> {
input/base/token_presentation.rs	8	public	pub struct InlineTokenContext {
input/base/token_presentation.rs	16	impl	impl InlineTokenContext {
input/base/token_presentation.rs	17	public	pub fn token(&self) -> &InlineToken {
input/base/token_presentation.rs	20	public	pub fn range(&self) -> Range<usize> {
input/base/token_presentation.rs	23	public	pub fn is_selected(&self) -> bool {
input/base/token_presentation.rs	26	public	pub fn is_disabled(&self) -> bool {
input/base/token_presentation.rs	29	public	pub fn is_readonly(&self) -> bool {
input/base/token_presentation.rs	32	public	pub fn line_height(&self) -> Pixels {
input/base/token_presentation.rs	35	public	pub fn available_width(&self) -> Pixels {
input/base/token_presentation.rs	42	public	pub struct InlineTokenClickEvent {
input/base/token_presentation.rs	47	impl	impl InlineTokenClickEvent {
input/base/token_presentation.rs	48	public	pub fn token(&self) -> &InlineToken {
input/base/token_presentation.rs	51	public	pub fn range(&self) -> Range<usize> {
input/base/token_presentation.rs	54	public	pub fn bounds(&self) -> Bounds<Pixels> {
input/base/token_presentation.rs	59	public	pub fn click(&self) -> &ClickEvent {
input/base/token_presentation.rs	66	public	pub type InlineTokenRenderer = Rc<dyn Fn(&InlineTokenContext, &mut Window, &mut App) -> AnyElement>;
input/base/token_presentation.rs	69	public	pub type InlineTokenClickListener = Rc<dyn Fn(&InlineTokenClickEvent, &mut Window, &mut App)>;
input/base/token_presentation.rs	78	impl	impl InlineTokenPresentation {
input/base/token_presentation.rs	124	impl	impl<M: InputModeKind> InputBaseState<M> {
input/base/token_presentation.rs	132	public	pub fn install_token_presentation( &mut self, renderer: Option<InlineTokenRenderer>, listener: Option<InlineTokenClickListener>, secret: bool, ) {
input/base/touch.rs	31	impl	impl<M: InputModeKind> InputBaseState<M> {
input/base/touch.rs	36	public	pub fn touch_selection(&self) -> Option<TouchSelectionSnapshot> {
input/base/touch.rs	98	public	pub fn close_edit_menu(&mut self, cx: &mut Context<Self>) {
input/base/touch.rs	148	public	pub fn select_all_from_edit_menu(&mut self, window: &mut Window, cx: &mut Context<Self>) {
input/base/touch.rs	230	public	pub fn begin_edge_drag( &mut self, edge: SelectionEdge, finger: Point<Pixels>, cx: &mut Context<Self>, ) {
input/base/touch.rs	251	public	pub fn update_edge_drag(&mut self, finger: Point<Pixels>, cx: &mut Context<Self>) {
input/base/touch.rs	302	public	pub fn end_edge_drag(&mut self, cx: &mut Context<Self>) {
input/base/undo_manager.rs	76	impl	impl UndoManager {
input/base/undo_manager.rs	376	impl	impl UndoTransaction {
input/editor/auto_close.rs	9	impl	impl AutoClosedPairs {
input/editor/decorations.rs	13	public	pub enum RangeDecorationStyle {
input/editor/decorations.rs	23	public	pub struct RangeDecoration {
input/editor/decorations.rs	29	impl	impl RangeDecoration {
input/editor/decorations.rs	31	public	pub fn new(range: Range<usize>) -> Self {
input/editor/decorations.rs	40	public	pub fn range(&self) -> &Range<usize> {
input/editor/decorations.rs	45	public	pub fn style(&self) -> RangeDecorationStyle {
input/editor/decorations.rs	50	public	pub fn color(&self) -> Option<Hsla> {
input/editor/decorations.rs	55	public	pub fn with_style(mut self, style: RangeDecorationStyle) -> Self {
input/editor/decorations.rs	61	public	pub fn with_color(mut self, color: Hsla) -> Self {
input/editor/decorations.rs	72	public	pub struct TextDecoration {
input/editor/decorations.rs	73	public	pub range: Range<usize>,
input/editor/decorations.rs	74	public	pub style: HighlightStyle,
input/editor/decorations.rs	77	impl	impl TextDecoration {
input/editor/decorations.rs	79	public	pub fn new(range: Range<usize>, style: HighlightStyle) -> Self {
input/editor/decorations.rs	92	public	pub struct TextDecorationCollection {
input/editor/decorations.rs	97	impl	impl TextDecorationCollection {
input/editor/decorations.rs	102	public	pub fn set(&self, decorations: Vec<TextDecoration>, cx: &mut App) {
input/editor/decorations.rs	115	public	pub fn append(&self, decorations: Vec<TextDecoration>, cx: &mut App) {
input/editor/decorations.rs	128	public	pub fn clear(&self, cx: &mut App) {
input/editor/decorations.rs	136	public	pub fn get_ranges(&self, cx: &App) -> Vec<Range<usize>> {
input/editor/decorations.rs	158	public	pub struct RangeDecorationCollection {
input/editor/decorations.rs	163	impl	impl RangeDecorationCollection {
input/editor/decorations.rs	165	public	pub fn set(&self, decorations: Vec<RangeDecoration>, cx: &mut App) {
input/editor/decorations.rs	175	public	pub fn append(&self, decorations: Vec<RangeDecoration>, cx: &mut App) {
input/editor/decorations.rs	185	public	pub fn clear(&self, cx: &mut App) {
input/editor/decorations.rs	190	public	pub fn dispose(&self, cx: &mut App) {
input/editor/decorations.rs	205	public	pub fn get_ranges(&self, cx: &App) -> Vec<Range<usize>> {
input/editor/decorations.rs	227	impl	impl TrackedDecoration for TextDecoration {
input/editor/decorations.rs	236	impl	impl TrackedDecoration for RangeDecoration {
input/editor/decorations.rs	253	impl	impl DecorationIndex {
input/editor/decorations.rs	312	impl	impl<T: TrackedDecoration> DecorationEntries<T> {
input/editor/decorations.rs	328	impl	impl<T> Default for DecorationCollections<T> {
input/editor/decorations.rs	337	impl	impl<T: TrackedDecoration> DecorationCollections<T> {
input/editor/decorations.rs	496	impl	impl InputBaseState<EditorMode> {
input/editor/decorations.rs	510	public	pub fn create_range_decorations_collection( &mut self, decorations: Vec<RangeDecoration>, cx: &mut Context<Self>, ) -> RangeDecorationCollection {
input/editor/decorations.rs	542	public	pub fn create_decorations_collection( &mut self, decorations: Vec<TextDecoration>, cx: &mut Context<Self>, ) -> TextDecorationCollection {
input/editor/diagnostics.rs	12	public	pub type DiagnosticRelatedInformation = lsp_types::DiagnosticRelatedInformation;
input/editor/diagnostics.rs	14	public	pub type RelatedInformation = lsp_types::DiagnosticRelatedInformation;
input/editor/diagnostics.rs	15	public	pub type DiagnosticTag = lsp_types::DiagnosticTag;
input/editor/diagnostics.rs	18	public	pub struct Diagnostic {
input/editor/diagnostics.rs	22	public	pub range: Range<Position>,
input/editor/diagnostics.rs	26	public	pub severity: DiagnosticSeverity,
input/editor/diagnostics.rs	29	public	pub code: Option<SharedString>,
input/editor/diagnostics.rs	31	public	pub code_description: Option<CodeDescription>,
input/editor/diagnostics.rs	35	public	pub source: Option<SharedString>,
input/editor/diagnostics.rs	38	public	pub message: SharedString,
input/editor/diagnostics.rs	42	public	pub related_information: Option<Vec<DiagnosticRelatedInformation>>,
input/editor/diagnostics.rs	45	public	pub tags: Option<Vec<DiagnosticTag>>,
input/editor/diagnostics.rs	51	public	pub data: Option<serde_json::Value>,
input/editor/diagnostics.rs	54	impl	impl From<lsp_types::Diagnostic> for Diagnostic {
input/editor/diagnostics.rs	77	public	pub enum DiagnosticSeverity {
input/editor/diagnostics.rs	85	impl	impl From<lsp_types::DiagnosticSeverity> for DiagnosticSeverity {
input/editor/diagnostics.rs	97	impl	impl Diagnostic {
input/editor/diagnostics.rs	98	public	pub fn new(range: Range<impl Into<Position>>, message: impl Into<SharedString>) -> Self {
input/editor/diagnostics.rs	106	public	pub fn with_severity(mut self, severity: impl Into<DiagnosticSeverity>) -> Self {
input/editor/diagnostics.rs	111	public	pub fn with_code(mut self, code: impl Into<SharedString>) -> Self {
input/editor/diagnostics.rs	116	public	pub fn with_source(mut self, source: impl Into<SharedString>) -> Self {
input/editor/diagnostics.rs	123	public	pub struct DiagnosticEntry {
input/editor/diagnostics.rs	125	public	pub range: Range<usize>,
input/editor/diagnostics.rs	126	public	pub diagnostic: Diagnostic,
input/editor/diagnostics.rs	129	impl	impl Deref for DiagnosticEntry {
input/editor/diagnostics.rs	138	public	pub struct DiagnosticSummary {
input/editor/diagnostics.rs	144	impl	impl sum_tree::Item for DiagnosticEntry {
input/editor/diagnostics.rs	155	impl	impl sum_tree::Summary for DiagnosticSummary {
input/editor/diagnostics.rs	173	impl	impl SeekTarget<'_, DiagnosticSummary, DiagnosticSummary> for usize {
input/editor/diagnostics.rs	186	public	pub struct DiagnosticSet {
input/editor/diagnostics.rs	191	impl	impl DiagnosticSet {
input/editor/diagnostics.rs	192	public	pub fn new(text: &Rope) -> Self {
input/editor/diagnostics.rs	199	public	pub fn reset(&mut self, text: &Rope) {
input/editor/diagnostics.rs	204	public	pub fn push(&mut self, diagnostic: impl Into<Diagnostic>) {
input/editor/diagnostics.rs	218	public	pub fn extend<D, I>(&mut self, diagnostics: D) where D: IntoIterator<Item = I>, I: Into<Diagnostic>, {
input/editor/diagnostics.rs	228	public	pub fn len(&self) -> usize {
input/editor/diagnostics.rs	232	public	pub fn clear(&mut self) {
input/editor/diagnostics.rs	236	public	pub fn is_empty(&self) -> bool {
input/editor/diagnostics.rs	240	public	pub fn range(&self, range: Range<usize>) -> impl Iterator<Item = &DiagnosticEntry> {
input/editor/diagnostics.rs	254	public	pub fn for_offset(&self, offset: usize) -> Option<&DiagnosticEntry> {
input/editor/diagnostics.rs	259	public	pub fn iter(&self) -> impl Iterator<Item = &DiagnosticEntry> {
input/editor/display_map/display_map.rs	14	public	pub use super::text_wrapper::WrappingIndent;
input/editor/display_map/display_map.rs	29	public	pub struct DisplayMap {
input/editor/display_map/display_map.rs	34	impl	impl DisplayMap {
input/editor/display_map/display_map.rs	35	public	pub fn new(font: Font, font_size: Pixels, wrap_width: Option<Pixels>) -> Self {
input/editor/display_map/display_map.rs	45	public	pub fn buffer_pos_to_display_pos(&self, pos: BufferPoint) -> DisplayPoint {
input/editor/display_map/display_map.rs	60	public	pub fn display_pos_to_buffer_pos(&self, pos: DisplayPoint) -> BufferPoint {
input/editor/display_map/display_map.rs	71	public	pub fn display_row_count(&self) -> usize {
input/editor/display_map/display_map.rs	76	public	pub fn display_row_to_buffer_line(&self, display_row: usize) -> usize {
input/editor/display_map/display_map.rs	89	public	pub fn buffer_line_to_display_row_range(&self, line: usize) -> Option<Range<usize>> {
input/editor/display_map/display_map.rs	115	public	pub fn is_buffer_line_hidden(&self, line: usize) -> bool {
input/editor/display_map/display_map.rs	121	public	pub fn buffer_line_to_display_row(&self, line: usize) -> usize {
input/editor/display_map/display_map.rs	132	public	pub fn set_fold_candidates(&mut self, candidates: Vec<FoldRange>) {
input/editor/display_map/display_map.rs	138	public	pub fn set_folded(&mut self, start_line: usize, folded: bool) {
input/editor/display_map/display_map.rs	144	public	pub fn toggle_fold(&mut self, start_line: usize) {
input/editor/display_map/display_map.rs	151	public	pub fn is_folded_at(&self, start_line: usize) -> bool {
input/editor/display_map/display_map.rs	157	public	pub fn is_fold_candidate(&self, start_line: usize) -> bool {
input/editor/display_map/display_map.rs	163	public	pub fn folded_ranges(&self) -> &[FoldRange] {
input/editor/display_map/display_map.rs	168	public	pub fn clear_folds(&mut self) {
input/editor/display_map/display_map.rs	179	public	pub fn adjust_folds_for_edit(&mut self, old_text: &Rope, range: &Range<usize>, new_text: &str) {
input/editor/display_map/display_map.rs	199	public	pub fn update_fold_candidates_for_edit( &mut self, extract_fold_ranges: impl FnOnce(Range<usize>, &Rope) -> Vec<FoldRange>, edit_byte_range: Range<usize>, new_text: &Rope, ) {
input/editor/display_map/display_map.rs	216	public	pub fn on_text_changed( &mut self, changed_text: &Rope, range: &Range<usize>, new_text: &Rope, cx: &mut App, ) {
input/editor/display_map/display_map.rs	238	public	pub fn on_layout_changed(&mut self, wrap_width: Option<Pixels>, cx: &mut App) {
input/editor/display_map/display_map.rs	244	public	pub fn set_wrapping_indent(&mut self, wrapping_indent: WrappingIndent, cx: &mut App) {
input/editor/display_map/display_map.rs	250	public	pub fn set_font(&mut self, font: Font, font_size: Pixels, cx: &mut App) {
input/editor/display_map/display_map.rs	256	public	pub fn ensure_text_prepared(&mut self, text: &Rope, cx: &mut App) {
input/editor/display_map/display_map.rs	264	public	pub fn set_text(&mut self, text: &Rope, cx: &mut App) {
input/editor/display_map/display_map.rs	320	public	pub fn wrap_row_to_display_row(&self, wrap_row: usize) -> Option<usize> {
input/editor/display_map/display_map.rs	326	public	pub fn nearest_visible_display_row(&self, wrap_row: usize) -> usize {
input/editor/display_map/display_map.rs	332	public	pub fn display_row_to_wrap_row(&self, display_row: usize) -> Option<usize> {
input/editor/display_map/display_map.rs	362	public	pub fn text(&self) -> &Rope {
input/editor/display_map/display_map.rs	368	public	pub fn visible_wrap_row_count_for_buffer_line(&self, line: usize) -> usize {
input/editor/display_map/display_map.rs	375	public	pub fn wrap_row_count(&self) -> usize {
input/editor/display_map/display_map.rs	381	public	pub fn buffer_line_count(&self) -> usize {
input/editor/display_map/fold_map.rs	20	impl	impl HiddenRows {
input/editor/display_map/fold_map.rs	59	impl	impl FoldMap {
input/editor/display_map/folding.rs	3	public	pub struct FoldRange {
input/editor/display_map/folding.rs	4	public	pub start_line: usize,
input/editor/display_map/folding.rs	5	public	pub end_line: usize,
input/editor/display_map/folding.rs	8	impl	impl FoldRange {
input/editor/display_map/folding.rs	9	public	pub fn new(start_line: usize, end_line: usize) -> Self {
input/editor/display_map/inline_line.rs	25	impl	impl From<ShapedLine> for InputLine {
input/editor/display_map/inline_line.rs	35	impl	impl InputLine {
input/editor/display_map/mod.rs	19	public	pub use self::display_map::{DisplayMap, WrappingIndent};
input/editor/display_map/mod.rs	23	public	pub use folding::FoldRange;
input/editor/display_map/mod.rs	30	public	pub struct BufferPoint {
input/editor/display_map/mod.rs	31	public	pub line: usize,
input/editor/display_map/mod.rs	32	public	pub col: usize,
input/editor/display_map/mod.rs	35	impl	impl BufferPoint {
input/editor/display_map/mod.rs	36	public	pub fn new(line: usize, col: usize) -> Self {
input/editor/display_map/mod.rs	44	public	pub row: usize,
input/editor/display_map/mod.rs	45	public	pub col: usize,
input/editor/display_map/mod.rs	48	impl	impl WrapPoint {
input/editor/display_map/mod.rs	59	public	pub struct DisplayPoint {
input/editor/display_map/mod.rs	60	public	pub row: usize,
input/editor/display_map/mod.rs	61	public	pub col: usize,
input/editor/display_map/mod.rs	64	impl	impl DisplayPoint {
input/editor/display_map/mod.rs	65	public	pub fn new(row: usize, col: usize) -> Self {
input/editor/display_map/text_wrapper.rs	21	public	pub enum WrappingIndent {
input/editor/display_map/text_wrapper.rs	45	impl	impl LineItem {
input/editor/display_map/text_wrapper.rs	74	impl	impl sum_tree::Summary for LineSummary {
input/editor/display_map/text_wrapper.rs	99	impl	impl sum_tree::Item for LineItem {
input/editor/display_map/text_wrapper.rs	117	impl	impl<'a> sum_tree::Dimension<'a, LineSummary> for BufferRows {
input/editor/display_map/text_wrapper.rs	131	impl	impl<'a> sum_tree::Dimension<'a, LineSummary> for WrapRows {
input/editor/display_map/text_wrapper.rs	159	impl	impl TextWrapper {
input/editor/display_map/text_wrapper.rs	616	public	pub row: usize,
input/editor/display_map/text_wrapper.rs	620	public	pub local_row: usize,
input/editor/display_map/text_wrapper.rs	622	public	pub column: usize,
input/editor/display_map/text_wrapper.rs	625	impl	impl WrapDisplayPoint {
input/editor/display_map/text_wrapper.rs	653	impl	impl LineLayout {
input/editor/display_map/wrap_map.rs	25	impl	impl WrapMap {
input/editor/highlighting.rs	13	public	pub trait HighlightStyleResolver: Send + Sync {
input/editor/highlighting.rs	14	trait-member	fn style(&self, name: &str) -> Option<HighlightStyle>;
input/editor/highlighting.rs	20	impl	impl HighlightStyleResolver for NoHighlightStyles {
input/editor/highlighting.rs	30	public	pub trait InputHighlighter {
input/editor/highlighting.rs	31	trait-member	fn language(&self) -> SharedString;
input/editor/highlighting.rs	33	trait-member	fn update( &mut self, edit: Option<InputEdit>, text: &Rope, folding: bool, window: &mut Window, cx: &mut Context<EditorState>, );
input/editor/highlighting.rs	48	trait-member	fn update_batch( &mut self, edits: &[(InputEdit, Rope)], folding: bool, window: &mut Window, cx: &mut Context<EditorState>, ) {
input/editor/highlighting.rs	62	trait-member	fn styles( &self, range: &Range<usize>, resolver: &dyn HighlightStyleResolver, ) -> Vec<(Range<usize>, HighlightStyle)>;
input/editor/highlighting.rs	68	trait-member	fn fold_ranges(&self, text: &Rope) -> Vec<FoldRange>;
input/editor/highlighting.rs	70	trait-member	fn fold_ranges_for_edit(&self, range: Range<usize>, text: &Rope) -> Vec<FoldRange> {
input/editor/highlighting.rs	76	public	pub type InputHighlighterFactory = Rc<dyn Fn(&str) -> Option<Box<dyn InputHighlighter>>>;
input/editor/highlighting.rs	77	public	pub type SharedHighlightStyleResolver = Arc<dyn HighlightStyleResolver>;
input/editor/highlighting.rs	78	public	pub type FoldIconRenderer = Rc<dyn Fn(usize, bool) -> AnyElement>;
input/editor/highlighting.rs	85	public	pub enum SyntaxContext {
input/editor/highlighting.rs	95	public	pub trait SyntaxContextProvider {
input/editor/highlighting.rs	96	trait-member	fn context_at(&self, text: &Rope, offset: usize) -> SyntaxContext;
input/editor/highlighting.rs	100	public	pub struct DiagnosticColors {
input/editor/highlighting.rs	101	public	pub error: Hsla,
input/editor/highlighting.rs	102	public	pub warning: Hsla,
input/editor/highlighting.rs	103	public	pub info: Hsla,
input/editor/highlighting.rs	104	public	pub hint: Hsla,
input/editor/highlighting.rs	109	public	pub struct InputEditorStyle {
input/editor/highlighting.rs	110	public	pub foreground: Hsla,
input/editor/highlighting.rs	111	public	pub muted_foreground: Hsla,
input/editor/highlighting.rs	112	public	pub background: Hsla,
input/editor/highlighting.rs	113	public	pub border: Hsla,
input/editor/highlighting.rs	114	public	pub selection: Hsla,
input/editor/highlighting.rs	115	public	pub caret: Hsla,
input/editor/highlighting.rs	116	public	pub diagnostics: DiagnosticColors,
input/editor/highlighting.rs	117	public	pub highlight_styles: SharedHighlightStyleResolver,
input/editor/highlighting.rs	118	public	pub editor_invisible: Option<Hsla>,
input/editor/highlighting.rs	119	public	pub editor_active_line: Option<Hsla>,
input/editor/highlighting.rs	120	public	pub editor_gutter_background: Option<Hsla>,
input/editor/highlighting.rs	121	public	pub fold_icon_renderer: Option<FoldIconRenderer>,
input/editor/highlighting.rs	124	impl	impl InputEditorStyle {
input/editor/highlighting.rs	137	public	pub fn resolved(&self, tokens: &SemanticThemeTokens) -> Self {
input/editor/highlighting.rs	162	impl	impl Default for InputEditorStyle {
input/editor/indent.rs	13	public	pub struct TabSize {
input/editor/indent.rs	15	public	pub tab_size: usize,
input/editor/indent.rs	17	public	pub hard_tabs: bool,
input/editor/indent.rs	20	impl	impl Default for TabSize {
input/editor/indent.rs	29	impl	impl TabSize {
input/editor/indent.rs	39	public	pub fn indent_count(&self, line: &RopeSlice) -> usize {
input/editor/indent.rs	52	impl	impl LayoutMode {
input/editor/indent.rs	83	impl	impl<M: InputModeKind> TextElement<M> {
input/editor/indent.rs	167	impl	impl InputBaseState<crate::input::EditorMode> {
input/editor/indent.rs	170	public	pub fn indent_guides(mut self, indent_guides: bool) -> Self {
input/editor/indent.rs	181	public	pub fn set_indent_guides( &mut self, indent_guides: bool, _: &mut Window, cx: &mut Context<Self>, ) {
input/editor/indent.rs	197	impl	impl<M: InputModeKind> InputBaseState<M> {
input/editor/indent.rs	492	impl	impl<M: crate::input::MultiLineMode> InputBaseState<M> {
input/editor/indent.rs	495	public	pub fn tab_size(mut self, tab: TabSize) -> Self {
input/editor/indent.rs	504	public	pub fn set_tab_size(&mut self, tab: TabSize, cx: &mut Context<Self>) {
input/editor/language.rs	11	public	pub trait LanguageProvider {
input/editor/language.rs	14	trait-member	fn language_name(&self, name: &str) -> SharedString {
input/editor/language.rs	20	trait-member	fn config(&self, _name: &str) -> Rc<LanguageConfig> {
input/editor/language.rs	27	trait-member	fn syntax_context_provider(&self, _name: &str) -> Option<Rc<dyn SyntaxContextProvider>> {
input/editor/language.rs	34	impl	impl LanguageProvider for DefaultLanguages {
input/editor/language.rs	46	impl	impl Default for LanguageSettings {
input/editor/language.rs	57	impl	impl Global for Languages {}
input/editor/language.rs	59	impl	impl Languages {
input/editor/language.rs	71	public	pub fn set_language_provider(provider: Rc<dyn LanguageProvider>, cx: &mut App) {
input/editor/language.rs	79	public	pub fn set_language_config(language: impl AsRef<str>, config: LanguageConfig, cx: &mut App) {
input/editor/language.rs	103	impl	impl EditorLanguage {
input/editor/language_config.rs	12	public	pub struct BracketPair {
input/editor/language_config.rs	13	public	pub open: SharedString,
input/editor/language_config.rs	14	public	pub close: SharedString,
input/editor/language_config.rs	17	impl	impl BracketPair {
input/editor/language_config.rs	18	public	pub fn new(open: impl Into<SharedString>, close: impl Into<SharedString>) -> Self {
input/editor/language_config.rs	30	public	pub struct AutoClosingPair {
input/editor/language_config.rs	31	public	pub open: SharedString,
input/editor/language_config.rs	32	public	pub close: SharedString,
input/editor/language_config.rs	33	public	pub not_in: Vec<SyntaxContext>,
input/editor/language_config.rs	36	impl	impl AutoClosingPair {
input/editor/language_config.rs	37	public	pub fn new(open: impl Into<SharedString>, close: impl Into<SharedString>) -> Self {
input/editor/language_config.rs	45	public	pub fn not_in(mut self, contexts: impl IntoIterator<Item = SyntaxContext>) -> Self {
input/editor/language_config.rs	57	public	pub struct IndentationRules {
input/editor/language_config.rs	58	public	pub increase_indent_pattern: Option<Arc<Regex>>,
input/editor/language_config.rs	59	public	pub decrease_indent_pattern: Option<Arc<Regex>>,
input/editor/language_config.rs	62	impl	impl IndentationRules {
input/editor/language_config.rs	63	public	pub fn new(increase: Regex, decrease: Regex) -> Self {
input/editor/language_config.rs	80	public	pub struct LanguageConfig {
input/editor/language_config.rs	81	public	pub brackets: Vec<BracketPair>,
input/editor/language_config.rs	82	public	pub auto_closing_pairs: Option<Vec<AutoClosingPair>>,
input/editor/language_config.rs	84	public	pub auto_close_before: SharedString,
input/editor/language_config.rs	85	public	pub indentation_rules: Option<IndentationRules>,
input/editor/language_config.rs	88	impl	impl Default for LanguageConfig {
input/editor/language_config.rs	119	impl	impl LanguageConfig {
input/editor/language_config.rs	120	public	pub fn brackets(mut self, pairs: impl IntoIterator<Item = BracketPair>) -> Self {
input/editor/language_config.rs	124	public	pub fn auto_closing_pairs(mut self, pairs: impl IntoIterator<Item = AutoClosingPair>) -> Self {
input/editor/language_config.rs	128	public	pub fn auto_close_before(mut self, characters: impl Into<SharedString>) -> Self {
input/editor/language_config.rs	132	public	pub fn indentation_rules(mut self, rules: IndentationRules) -> Self {
input/editor/lsp/code_actions.rs	8	public	pub trait CodeActionProvider {
input/editor/lsp/code_actions.rs	10	trait-member	fn id(&self) -> SharedString;
input/editor/lsp/code_actions.rs	17	trait-member	fn code_actions( &self, state: Entity<EditorState>, range: Range<usize>, window: &mut Window, cx: &mut App, ) -> Task<Result<Vec<CodeAction>>>;
input/editor/lsp/code_actions.rs	26	trait-member	fn perform_code_action( &self, state: Entity<EditorState>, action: CodeAction, push_to_history: bool, window: &mut Window, cx: &mut App, ) -> Task<Result<()>>;
input/editor/lsp/code_actions.rs	37	public	pub struct CodeActionItem {
input/editor/lsp/code_actions.rs	38	public	pub provider_id: SharedString,
input/editor/lsp/code_actions.rs	39	public	pub action: CodeAction,
input/editor/lsp/code_actions.rs	42	impl	impl InputBaseState<EditorMode> {
input/editor/lsp/code_actions.rs	115	public	pub fn perform_code_action( &mut self, item: &CodeActionItem, window: &mut Window, cx: &mut Context<Self>, ) {
input/editor/lsp/completions.rs	22	public	pub struct CompletionMenuOptions {
input/editor/lsp/completions.rs	28	public	pub max_width: Pixels,
input/editor/lsp/completions.rs	31	impl	impl Default for CompletionMenuOptions {
input/editor/lsp/completions.rs	40	public	pub trait CompletionProvider {
input/editor/lsp/completions.rs	48	trait-member	fn completions( &self, text: &Rope, offset: usize, trigger: CompletionContext, window: &mut Window, cx: &mut App, ) -> Task<Result<CompletionResponse>>;
input/editor/lsp/completions.rs	71	trait-member	fn inline_completion( &self, _rope: &Rope, _offset: usize, _trigger: InlineCompletionContext, _window: &mut Window, _cx: &mut App, ) -> Task<Result<InlineCompletionResponse>> {
input/editor/lsp/completions.rs	86	trait-member	fn inline_completion_debounce(&self) -> Duration {
input/editor/lsp/completions.rs	90	trait-member	fn resolve_completions( &self, _completion_indices: Vec<usize>, _completions: Rc<RefCell<Box<[Completion]>>>, _: &mut App, ) -> Task<Result<bool>> {
input/editor/lsp/completions.rs	102	trait-member	fn is_completion_trigger(&self, offset: usize, new_text: &str, cx: &mut App) -> bool;
input/editor/lsp/completions.rs	112	impl	impl Default for InlineCompletion {
input/editor/lsp/completions.rs	121	impl	impl InputBaseState<EditorMode> {
input/editor/lsp/definitions.rs	13	public	pub trait DefinitionProvider {
input/editor/lsp/definitions.rs	17	trait-member	fn definitions( &self, _text: &Rope, _offset: usize, _window: &mut Window, _cx: &mut App, ) -> Task<Result<Vec<lsp_types::LocationLink>>>;
input/editor/lsp/definitions.rs	33	impl	impl HoverDefinition {
input/editor/lsp/definitions.rs	58	impl	impl InputBaseState<EditorMode> {
input/editor/lsp/definitions.rs	208	impl	impl InputBaseState<EditorMode> {
input/editor/lsp/document_colors.rs	13	public	pub trait DocumentColorProvider {
input/editor/lsp/document_colors.rs	19	trait-member	fn document_colors( &self, _text: &Rope, window: &mut Window, cx: &mut App, ) -> Task<Result<Vec<ColorInformation>>>;
input/editor/lsp/document_colors.rs	53	impl	impl Lsp {
input/editor/lsp/hover.rs	11	public	pub trait HoverProvider {
input/editor/lsp/hover.rs	15	trait-member	fn hover( &self, _text: &Rope, _offset: usize, _window: &mut Window, _cx: &mut App, ) -> Task<Result<Option<lsp_types::Hover>>>;
input/editor/lsp/hover.rs	24	impl	impl InputBaseState<EditorMode> {
input/editor/lsp/hover.rs	112	public	pub fn clear_hover_state(&mut self, cx: &mut Context<Self>) {
input/editor/lsp/mod.rs	16	public	pub use code_actions::*;
input/editor/lsp/mod.rs	17	public	pub use completions::*;
input/editor/lsp/mod.rs	18	public	pub use definitions::*;
input/editor/lsp/mod.rs	19	public	pub use document_colors::*;
input/editor/lsp/mod.rs	20	public	pub use hover::*;
input/editor/lsp/mod.rs	21	public	pub use overlay::*;
input/editor/lsp/mod.rs	22	public	pub use semantic_tokens::*;
input/editor/lsp/mod.rs	33	public	pub type ShowDocumentHandler = Rc<dyn Fn(&lsp_types::ShowDocumentParams, &mut Window, &mut App) -> bool>;
input/editor/lsp/mod.rs	39	public	pub struct Lsp {
input/editor/lsp/mod.rs	41	public	pub completion_provider: Option<Rc<dyn CompletionProvider>>,
input/editor/lsp/mod.rs	43	public	pub code_action_providers: Vec<Rc<dyn CodeActionProvider>>,
input/editor/lsp/mod.rs	45	public	pub hover_provider: Option<Rc<dyn HoverProvider>>,
input/editor/lsp/mod.rs	47	public	pub definition_provider: Option<Rc<dyn DefinitionProvider>>,
input/editor/lsp/mod.rs	49	public	pub document_color_provider: Option<Rc<dyn DocumentColorProvider>>,
input/editor/lsp/mod.rs	51	public	pub semantic_tokens_provider: Option<Rc<dyn DocumentRangeSemanticTokensProvider>>,
input/editor/lsp/mod.rs	56	public	pub show_document: Option<ShowDocumentHandler>,
input/editor/lsp/mod.rs	59	public	pub completion_menu: CompletionMenuOptions,
input/editor/lsp/mod.rs	72	impl	impl Default for Lsp {
input/editor/lsp/mod.rs	93	impl	impl Lsp {
input/editor/lsp/mod.rs	116	impl	impl InputBaseState<EditorMode> {
input/editor/lsp/mod.rs	118	public	pub fn apply_lsp_edits( &mut self, text_edits: &Vec<lsp_types::TextEdit>, window: &mut Window, cx: &mut Context<Self>, ) {
input/editor/lsp/overlay.rs	8	public	pub struct CompletionMenuState {
input/editor/lsp/overlay.rs	9	public	pub open: bool,
input/editor/lsp/overlay.rs	10	public	pub trigger_start_offset: Option<usize>,
input/editor/lsp/overlay.rs	11	public	pub query: String,
input/editor/lsp/overlay.rs	12	public	pub items: Vec<CompletionItem>,
input/editor/lsp/overlay.rs	16	impl	impl CompletionMenuState {
input/editor/lsp/overlay.rs	21	public	pub fn revision(&self) -> u64 {
input/editor/lsp/overlay.rs	31	public	pub struct CodeActionMenuState {
input/editor/lsp/overlay.rs	32	public	pub open: bool,
input/editor/lsp/overlay.rs	33	public	pub items: Vec<CodeActionItem>,
input/editor/lsp/overlay.rs	37	impl	impl CodeActionMenuState {
input/editor/lsp/overlay.rs	39	public	pub fn revision(&self) -> u64 {
input/editor/lsp/overlay.rs	49	public	pub struct HoverPopoverState {
input/editor/lsp/overlay.rs	50	public	pub symbol_range: Range<usize>,
input/editor/lsp/overlay.rs	51	public	pub hover: Hover,
input/editor/lsp/overlay.rs	61	public	pub enum InputOverlayKind {
input/editor/lsp/overlay.rs	66	impl	impl InputBaseState<EditorMode> {
input/editor/lsp/overlay.rs	67	public	pub fn present_completion_items( &mut self, trigger_start_offset: usize, query: impl Into<String>, items: Vec<CompletionItem>, cx: &mut Context<Self>, ) {
input/editor/lsp/overlay.rs	86	public	pub fn present_code_actions(&mut self, items: Vec<CodeActionItem>, cx: &mut Context<Self>) {
input/editor/lsp/overlay.rs	98	public	pub fn present_hover( &mut self, symbol_range: Range<usize>, hover: Hover, cx: &mut Context<Self>, ) {
input/editor/lsp/overlay.rs	111	public	pub fn present_diagnostic( &mut self, diagnostic: crate::input::DiagnosticEntry, cx: &mut Context<Self>, ) {
input/editor/lsp/overlay.rs	120	public	pub fn clear_diagnostic_popover(&mut self, cx: &mut Context<Self>) {
input/editor/lsp/overlay.rs	126	public	pub fn route_overlay_action( &mut self, action: Box<dyn gpui::Action>, window: &mut Window, cx: &mut Context<Self>, ) -> bool {
input/editor/lsp/overlay.rs	135	public	pub fn set_overlay_action_handler( &mut self, handler: impl Fn( InputOverlayKind, Box<dyn gpui::Action>, &mut Window, &mut Context<InputBaseState<EditorMode>>, ) -> bool + 'static, ) {
input/editor/lsp/overlay.rs	148	public	pub fn has_overlay_action_handler(&self) -> bool {
input/editor/lsp/overlay.rs	152	public	pub fn dismiss_completion_overlay(&mut self, cx: &mut Context<Self>) {
input/editor/lsp/overlay.rs	159	public	pub fn dismiss_code_action_overlay(&mut self, cx: &mut Context<Self>) {
input/editor/lsp/overlay.rs	166	public	pub fn insert_completion( &mut self, item: &CompletionItem, fallback_range: Range<usize>, window: &mut Window, cx: &mut Context<Self>, ) {
input/editor/lsp/overlay.rs	200	public	pub fn completion_menu_state(&self) -> &CompletionMenuState {
input/editor/lsp/overlay.rs	205	public	pub fn code_action_menu_state(&self) -> &CodeActionMenuState {
input/editor/lsp/overlay.rs	209	public	pub fn hover_popover(&self) -> Option<&HoverPopoverState> {
input/editor/lsp/overlay.rs	213	public	pub fn dismiss_lsp_overlays(&mut self, cx: &mut Context<Self>) {
input/editor/lsp/semantic_tokens.rs	36	public	pub trait DocumentRangeSemanticTokensProvider {
input/editor/lsp/semantic_tokens.rs	41	trait-member	fn legend(&self) -> SemanticTokensLegend;
input/editor/lsp/semantic_tokens.rs	48	trait-member	fn semantic_tokens( &self, text: &Rope, range: Range<usize>, window: &mut Window, cx: &mut App, ) -> Task<Result<SemanticTokens>>;
input/editor/lsp/semantic_tokens.rs	57	impl	impl Lsp {
input/editor/mod.rs	11	public	pub type EditorState = InputBaseState<EditorMode>;
input/editor/mod.rs	13	impl	impl InputModeKind for EditorMode {
input/editor/mod.rs	194	impl	impl EditorState {
input/editor/mod.rs	199	public	pub fn lsp(&self) -> &super::Lsp {
input/editor/mod.rs	204	public	pub fn lsp_mut(&mut self) -> &mut super::Lsp {
input/editor/mod.rs	216	public	pub struct Editor {
input/editor/mod.rs	220	impl	impl Editor {
input/editor/mod.rs	221	public	pub fn new(state: &Entity<EditorState>) -> Self {
input/editor/mod.rs	228	impl	impl RenderOnce for Editor {
input/editor/mod.rs	235	impl	impl crate::input::InputExtras for super::EditorExtras {
input/editor/search.rs	13	public	pub struct SearchMatcher {
input/editor/search.rs	15	public	pub query: Option<AhoCorasick>,
input/editor/search.rs	27	public	pub struct SearchSession {
input/editor/search.rs	29	public	pub open: bool,
input/editor/search.rs	30	public	pub replace_mode: bool,
input/editor/search.rs	31	public	pub case_insensitive: bool,
input/editor/search.rs	32	public	pub query: String,
input/editor/search.rs	33	public	pub replacement: String,
input/editor/search.rs	34	public	pub anchor_offset: Option<usize>,
input/editor/search.rs	35	public	pub matcher: SearchMatcher,
input/editor/search.rs	41	impl	impl Default for SearchSession {
input/editor/search.rs	56	impl	impl SearchSession {
input/editor/search.rs	78	public	pub fn is_active(&self) -> bool {
input/editor/search.rs	94	impl	impl<M: InputModeKind> InputBaseState<M> {
input/editor/search.rs	104	public	pub fn open_search(&mut self, replace_mode: bool, cx: &mut Context<Self>) {
input/editor/search.rs	136	public	pub fn search_session(&self) -> &SearchSession {
input/editor/search.rs	146	public	pub fn search_activation_revision(&self) -> u64 {
input/editor/search.rs	151	public	pub fn set_search_replace_mode(&mut self, replace_mode: bool, cx: &mut Context<Self>) {
input/editor/search.rs	160	public	pub fn is_replaceable(&self) -> bool {
input/editor/search.rs	172	public	pub fn set_search_query( &mut self, query: impl Into<String>, case_insensitive: bool, cx: &mut Context<Self>, ) {
input/editor/search.rs	186	public	pub fn close_search(&mut self, cx: &mut Context<Self>) {
input/editor/search.rs	191	public	pub fn next_search_match(&mut self, cx: &mut Context<Self>) -> Option<Range<usize>> {
input/editor/search.rs	200	public	pub fn previous_search_match(&mut self, cx: &mut Context<Self>) -> Option<Range<usize>> {
input/editor/search.rs	211	public	pub fn replace_current_search_match( &mut self, replacement: &str, window: &mut Window, cx: &mut Context<Self>, ) -> bool {
input/editor/search.rs	244	public	pub fn replace_all_search_matches( &mut self, replacement: &str, window: &mut Window, cx: &mut Context<Self>, ) -> usize {
input/editor/search.rs	308	impl	impl Default for SearchMatcher {
input/editor/search.rs	314	impl	impl SearchMatcher {
input/editor/search.rs	315	public	pub fn new() -> Self {
input/editor/search.rs	326	public	pub fn update(&mut self, text: &Rope) {
input/editor/search.rs	335	public	pub fn update_query(&mut self, query: &str, case_insensitive: bool) {
input/editor/search.rs	345	public	pub fn matched_ranges(&self) -> Rc<Vec<Range<usize>>> {
input/editor/search.rs	349	public	pub fn current_match_index(&self) -> usize {
input/editor/search.rs	355	public	pub fn current(&self) -> Option<usize> {
input/editor/search.rs	359	public	pub fn len(&self) -> usize {
input/editor/search.rs	363	public	pub fn is_empty(&self) -> bool {
input/editor/search.rs	368	public	pub fn label(&self) -> String {
input/editor/search.rs	384	public	pub fn update_cursor_by_offset(&mut self, offset: usize) {
input/editor/search.rs	432	impl	impl Iterator for SearchMatcher {
input/editor/search.rs	442	impl	impl DoubleEndedIterator for SearchMatcher {
input/input/mod.rs	10	public	pub type InputState = InputBaseState<InputMode>;
input/input/mod.rs	17	public	pub struct Input {
input/input/mod.rs	22	impl	impl Input {
input/input/mod.rs	23	public	pub fn new(state: &Entity<InputState>) -> Self {
input/input/mod.rs	30	public	pub fn token<R: IntoElement>( mut self, render: impl Fn(&super::InlineTokenContext, &mut Window, &mut App) -> R + 'static, ) -> Self {
input/input/mod.rs	38	public	pub fn on_token_click( mut self, listener: impl Fn(&super::InlineTokenClickEvent, &mut Window, &mut App) + 'static, ) -> Self {
input/input/mod.rs	47	impl	impl RenderOnce for Input {
input/mod.rs	40	public	pub use inline_tokens::{InlineToken, InlineTokenError, InlineTokenSpan, InputContent};
input/mod.rs	42	public	pub use token_presentation::{
input/mod.rs	50	public	pub mod language_config;
input/mod.rs	81	public	pub use crate::number_input::{NumberInputEvent, NumberStep};
input/mod.rs	82	public	pub use base::{InputBase, InputContextMenuCapabilities, InputStyles};
input/mod.rs	83	public	pub use cursor::Selection;
input/mod.rs	84	public	pub use decorations::{
input/mod.rs	88	public	pub use diagnostics::{
input/mod.rs	92	public	pub use display_map::{BufferPoint, DisplayMap, DisplayPoint, FoldRange, WrappingIndent};
input/mod.rs	93	public	pub use editor::{Editor, EditorState};
input/mod.rs	94	public	pub use highlighting::{
input/mod.rs	98	public	pub use indent::TabSize;
input/mod.rs	99	public	pub use input::{Input, InputState};
input/mod.rs	100	public	pub use kind::{
input/mod.rs	104	public	pub use language::{LanguageProvider, set_language_config, set_language_provider};
input/mod.rs	106	public	pub use language_config::{AutoClosingPair, BracketPair, IndentationRules};
input/mod.rs	107	public	pub use lsp::{
input/mod.rs	113	public	pub use lsp_types::Position;
input/mod.rs	114	public	pub use mask_pattern::MaskPattern;
input/mod.rs	117	public	pub use native::set_text_content_type;
input/mod.rs	118	public	pub use native::{NativeMenu, NativeMenuItem};
input/mod.rs	119	public	pub use rope_ext::{InputEdit, Point, RopeExt, RopeLines};
input/mod.rs	120	public	pub use ropey::Rope;
input/mod.rs	121	public	pub use search::{SearchMatcher, SearchSession};
input/mod.rs	122	public	pub use state::*;
input/mod.rs	123	public	pub use textarea::{Textarea, TextareaState};
input/textarea/mod.rs	10	public	pub type TextareaState = InputBaseState<TextareaMode>;
input/textarea/mod.rs	14	public	pub struct Textarea {
input/textarea/mod.rs	19	impl	impl Textarea {
input/textarea/mod.rs	20	public	pub fn new(state: &Entity<TextareaState>) -> Self {
input/textarea/mod.rs	27	public	pub fn token<R: IntoElement>( mut self, render: impl Fn(&super::InlineTokenContext, &mut Window, &mut App) -> R + 'static, ) -> Self {
input/textarea/mod.rs	35	public	pub fn on_token_click( mut self, listener: impl Fn(&super::InlineTokenClickEvent, &mut Window, &mut App) + 'static, ) -> Self {
input/textarea/mod.rs	44	impl	impl RenderOnce for Textarea {
lib.rs	8	public	pub mod actions;
lib.rs	10	public	pub mod animation;
lib.rs	12	public	pub mod async_util;
lib.rs	21	public	pub mod component_traits;
lib.rs	24	public	pub mod dock;
lib.rs	33	public	pub mod input;
lib.rs	39	public	pub mod motion;
lib.rs	45	public	pub mod plot;
lib.rs	50	public	pub mod questionnaire;
lib.rs	62	public	pub mod slider;
lib.rs	68	public	pub mod text;
lib.rs	72	public	pub mod theme_tokens;
lib.rs	84	public	pub use accordion::{Accordion, AccordionHeader, AccordionItem, AccordionPanel, AccordionTrigger};
lib.rs	85	public	pub use alert_dialog::{
lib.rs	89	public	pub use auto_scroll::AutoScroll;
lib.rs	90	public	pub use avatar::{Avatar, AvatarFallback, AvatarImage};
lib.rs	91	public	pub use button::{Button, ButtonStyles};
lib.rs	92	public	pub use calendar::{
lib.rs	96	public	pub use checkbox::{
lib.rs	99	public	pub use collapsible::Collapsible;
lib.rs	100	public	pub use color_picker::{ColorPicker, ColorPickerEvent, ColorPickerState, ColorSwatch, HslaSliders};
lib.rs	101	public	pub use combobox::Combobox;
lib.rs	102	public	pub use component_traits::FocusableExt;
lib.rs	103	public	pub use component_traits::{Disableable, Selectable};
lib.rs	104	public	pub use date_picker::DatePicker;
lib.rs	105	public	pub use dialog::{
lib.rs	109	public	pub use element_ext::ElementExt;
lib.rs	110	public	pub use event::{InteractiveElementExt, OngoingScrollExt};
lib.rs	111	public	pub use focus_trap::FocusTrapElement;
lib.rs	113	public	pub use focus_trap::active_focus_trap;
lib.rs	114	public	pub use geometry::*;
lib.rs	115	public	pub use global_state::{DeferredPopover, GlobalState};
lib.rs	116	public	pub use history::History;
lib.rs	117	public	pub use hover_card::{HoverCard, HoverCardState};
lib.rs	118	public	pub use index_path::IndexPath;
lib.rs	119	public	pub use input::{Editor, Input, InputBase, InputStyles, Textarea};
lib.rs	120	public	pub use link::{Link, LinkStyles};
lib.rs	121	public	pub use list_settings::ListSettings;
lib.rs	124	public	pub use macos_accessibility::install_window_hit_test_forwarder;
lib.rs	126	public	pub use measure::measurement_enabled;
lib.rs	127	public	pub use measure::{Measure, measure, measure_if};
lib.rs	128	public	pub use motion::{
lib.rs	136	public	pub use nav_stack::{NavMotion, NavOperation, NavPage, NavStack, NavStackEvent, NavStackState};
lib.rs	137	public	pub use number_input::{
lib.rs	141	public	pub use observe::{ObservedElement, TestSupportExt};
lib.rs	142	public	pub use otp_input::{OtpEvent, OtpInput, OtpState};
lib.rs	143	public	pub use pagination::{Pagination, PaginationItem, PaginationState};
lib.rs	144	public	pub use plot::PlotMotion;
lib.rs	145	public	pub use popover::{Popover, PopoverState};
lib.rs	146	public	pub use popup::{POPUP_PRIORITY, Popup};
lib.rs	147	public	pub use positioner::{Align, Positioner, ResolvedPosition};
lib.rs	148	public	pub use progress::{Progress, ProgressIndicator, ProgressTrack};
lib.rs	149	public	pub use radio::{Radio, RadioStyles};
lib.rs	150	public	pub use radio_group::RadioGroup;
lib.rs	151	public	pub use reduce_motion::apply_system_reduce_motion;
lib.rs	152	public	pub use resizable::{
lib.rs	158	public	pub use resizable::{PANEL_MIN_SIZE, resize_handle};
lib.rs	159	public	pub use root::{Root, RootPlugin};
lib.rs	160	public	pub use scroll_bounce::{ScrollBounce, ScrollBounceMotion};
lib.rs	161	public	pub use scrollable_mask::ScrollableMask;
lib.rs	162	public	pub use scrollbar::{
lib.rs	166	public	pub use select::Select;
lib.rs	167	public	pub use selectable_text::SelectableText;
lib.rs	168	public	pub use sheet::Sheet;
lib.rs	169	public	pub use slider::{Slider, SliderIndicator, SliderThumb, SliderTrack};
lib.rs	170	public	pub use state_style::StateStyle;
lib.rs	172	public	pub use styled::styled_ext_reflection_methods;
lib.rs	173	public	pub use styled::{RoleOverride, StyledExt, box_shadow, h_flex, v_flex};
lib.rs	174	public	pub use switch::{
lib.rs	177	public	pub use table::{Table, TableBody, TableCaption, TableCell, TableHead, TableHeader, TableRow};
lib.rs	178	public	pub use tabs::{Tab, TabStyles, Tabs};
lib.rs	179	public	pub use text::{
lib.rs	185	public	pub use text_selection::{
lib.rs	191	public	pub use theme::{PlotTheme, ResizableTheme, ScrollbarTheme, Theme, ThemeAppearance};
lib.rs	192	public	pub use theme_tokens::{
lib.rs	196	public	pub use time_field::{
lib.rs	200	public	pub use toast::{
lib.rs	204	public	pub use toggle::{Toggle, ToggleStyles};
lib.rs	205	public	pub use toggle_group::ToggleGroup;
lib.rs	206	public	pub use toolbar::{Toolbar, ToolbarGroup};
lib.rs	207	public	pub use tooltip::{Tooltip, TooltipOverlay, TooltipPositioner, TooltipRequest, TooltipTransition};
lib.rs	208	public	pub use touch_selection::{SelectionEdge, TouchHandle, TouchSelectionSnapshot};
lib.rs	209	public	pub use tree::{Tree, TreeEntry, TreeEntryState, TreeEvent, TreeItem, TreeState};
lib.rs	211	public	pub use tree::{init as init_tree, key_context as tree_key_context};
lib.rs	212	public	pub use undo_history::UndoHistory;
lib.rs	214	public	pub use virtual_list::virtual_list;
lib.rs	215	public	pub use virtual_list::{VirtualList, VirtualListScrollHandle, h_virtual_list, v_virtual_list};
lib.rs	223	public	pub const fn is_mobile() -> bool {
lib.rs	228	public	pub fn init(cx: &mut App) {
lib.rs	248	public	pub mod test_support;
link.rs	24	public	pub struct Link {
link.rs	41	public	pub struct LinkStyles {
link.rs	45	impl	impl LinkStyles {
link.rs	46	public	pub fn disabled(mut self, build: impl FnOnce(StateStyle) -> StateStyle) -> Self {
link.rs	53	impl	impl Link {
link.rs	54	public	pub fn new(id: impl Into<ElementId>) -> Self {
link.rs	73	public	pub fn href(mut self, href: impl Into<SharedString>) -> Self {
link.rs	81	public	pub fn open_with( mut self, open: impl Fn(&str, &ClickEvent, &mut Window, &mut App) + 'static, ) -> Self {
link.rs	90	public	pub fn on_activate( mut self, handler: impl Fn(&ClickEvent, &mut Window, &mut App) + 'static, ) -> Self {
link.rs	99	public	pub fn disabled(mut self, disabled: bool) -> Self {
link.rs	105	public	pub fn styles(mut self, build: impl FnOnce(LinkStyles) -> LinkStyles) -> Self {
link.rs	118	public	pub fn accessibility_label(mut self, label: impl Into<SharedString>) -> Self {
link.rs	124	public	pub fn tab_index(mut self, tab_index: isize) -> Self {
link.rs	130	public	pub fn tab_stop(mut self, tab_stop: bool) -> Self {
link.rs	143	impl	impl Styled for Link {
link.rs	149	impl	impl ParentElement for Link {
link.rs	155	impl	impl InteractiveElement for Link {
link.rs	161	impl	impl StatefulInteractiveElement for Link {}
link.rs	163	impl	impl RenderOnce for Link {
list_settings.rs	6	public	pub struct ListSettings {
list_settings.rs	8	public	pub active_highlight: bool,
list_settings.rs	11	impl	impl Default for ListSettings {
macos_accessibility.rs	16	public	pub fn install_window_hit_test_forwarder(window: &Window) {
measure.rs	4	public	pub fn measurement_enabled() -> bool {
measure.rs	11	public	pub fn measure_if(name: impl Into<SharedString>, if_: bool, f: impl FnOnce()) {
measure.rs	24	public	pub fn measure(name: impl Into<SharedString>, f: impl FnOnce()) {
measure.rs	29	public	pub struct Measure {
measure.rs	34	impl	impl Measure {
measure.rs	36	public	pub fn new(name: impl Into<SharedString>) -> Self {
measure.rs	44	public	pub fn end(self) {
motion/easing.rs	7	public	pub enum StepPosition {
motion/easing.rs	16	public	pub struct LinearStop {
motion/easing.rs	17	public	pub output: f32,
motion/easing.rs	18	public	pub input: Option<f32>,
motion/easing.rs	21	impl	impl LinearStop {
motion/easing.rs	22	public	pub const fn new(output: f32) -> Self {
motion/easing.rs	29	public	pub const fn at(output: f32, input: f32) -> Self {
motion/easing.rs	39	public	pub enum EasingError {
motion/easing.rs	49	impl	impl fmt::Display for EasingError {
motion/easing.rs	62	impl	impl std::error::Error for EasingError {}
motion/easing.rs	66	public	pub enum Easing {
motion/easing.rs	87	impl	impl fmt::Debug for Easing {
motion/easing.rs	113	impl	impl Easing {
motion/easing.rs	114	public	pub fn cubic_bezier(x1: f32, y1: f32, x2: f32, y2: f32) -> Result<Self, EasingError> {
motion/easing.rs	127	public	pub fn steps(count: u32, position: StepPosition) -> Result<Self, EasingError> {
motion/easing.rs	135	public	pub fn linear_stops(stops: impl IntoIterator<Item = LinearStop>) -> Result<Self, EasingError> {
motion/easing.rs	179	public	pub fn sample(&self, progress: f32) -> f32 {
motion/keyframes.rs	6	public	pub struct Keyframe<T> {
motion/keyframes.rs	7	public	pub offset: f32,
motion/keyframes.rs	8	public	pub value: T,
motion/keyframes.rs	9	public	pub easing: Easing,
motion/keyframes.rs	12	impl	impl<T> Keyframe<T> {
motion/keyframes.rs	13	public	pub fn new(offset: f32, value: T) -> Self {
motion/keyframes.rs	21	public	pub fn ease(mut self, easing: Easing) -> Self {
motion/keyframes.rs	28	public	pub enum KeyframeError {
motion/keyframes.rs	37	public	pub struct Keyframes<T> {
motion/keyframes.rs	41	impl	impl<T: Interpolate> Keyframes<T> {
motion/keyframes.rs	42	public	pub fn try_new(frames: impl IntoIterator<Item = Keyframe<T>>) -> Result<Self, KeyframeError> {
motion/keyframes.rs	71	public	pub fn sample(&self, progress: f32) -> T {
motion/keyframes.rs	92	public	pub fn len(&self) -> usize {
motion/keyframes.rs	96	public	pub fn is_empty(&self) -> bool {
motion/keyframes.rs	102	public	pub enum DiscreteError {
motion/keyframes.rs	107	public	pub struct Discrete<T> {
motion/keyframes.rs	113	impl	impl<T> Discrete<T> {
motion/keyframes.rs	114	public	pub fn new(from: T, to: T) -> Self {
motion/keyframes.rs	122	public	pub fn switch_at(mut self, progress: f32) -> Result<Self, DiscreteError> {
motion/keyframes.rs	131	impl	impl<T: Clone> Discrete<T> {
motion/keyframes.rs	133	public	pub fn sample(&self, progress: f32) -> T {
motion/presence.rs	8	public	pub enum PresencePhase {
motion/presence.rs	16	public	pub struct PresenceSample {
motion/presence.rs	17	public	pub phase: PresencePhase,
motion/presence.rs	18	public	pub progress: f32,
motion/presence.rs	19	public	pub status: MotionStatus,
motion/presence.rs	22	impl	impl PresenceSample {
motion/presence.rs	23	public	pub const fn should_render(self) -> bool {
motion/presence.rs	28	public	pub struct Presence {
motion/presence.rs	34	impl	impl Presence {
motion/presence.rs	35	public	pub fn new(id: impl Into<TransitionId>, present: bool) -> Self {
motion/presence.rs	43	public	pub fn transition(mut self, transition: Transition) -> Self {
motion/presence.rs	48	public	pub fn sample(self, window: &mut Window, cx: &mut App) -> PresenceSample {
motion/reveal.rs	7	public	pub struct MotionReveal {
motion/reveal.rs	18	impl	impl MotionReveal {
motion/reveal.rs	19	public	pub fn new(id: impl Into<ElementId>, progress: f32, child: AnyElement) -> Self {
motion/reveal.rs	28	impl	impl IntoElement for MotionReveal {
motion/reveal.rs	36	impl	impl Element for MotionReveal {
motion/sequence.rs	7	public	pub struct SequenceStep<T> {
motion/sequence.rs	12	impl	impl<T> SequenceStep<T> {
motion/sequence.rs	13	public	pub fn new(target: T, transition: Transition) -> Self {
motion/sequence.rs	17	public	pub fn target(&self) -> &T {
motion/sequence.rs	21	public	pub fn transition(&self) -> &Transition {
motion/sequence.rs	28	public	pub struct SequenceSample<T> {
motion/sequence.rs	34	impl	impl<T> SequenceSample<T> {
motion/sequence.rs	36	public	pub fn value(&self) -> &T {
motion/sequence.rs	40	public	pub fn into_value(self) -> T {
motion/sequence.rs	46	public	pub fn step(&self) -> usize {
motion/sequence.rs	53	public	pub fn status(&self) -> MotionStatus {
motion/sequence.rs	57	public	pub fn is_finished(&self) -> bool {
motion/sequence.rs	92	public	pub struct Sequence<T> {
motion/sequence.rs	98	impl	impl<T> Sequence<T> where T: Interpolate + PartialEq + 'static, {
motion/sequence.rs	103	public	pub fn new(id: impl Into<TransitionId>, from: T) -> Self {
motion/sequence.rs	112	public	pub fn with_step(mut self, target: T, transition: Transition) -> Self {
motion/sequence.rs	118	public	pub fn with_steps(mut self, steps: impl IntoIterator<Item = SequenceStep<T>>) -> Self {
motion/sequence.rs	123	public	pub fn from(&self) -> &T {
motion/sequence.rs	127	public	pub fn steps(&self) -> &[SequenceStep<T>] {
motion/sequence.rs	132	public	pub fn sample(self, window: &mut Window, cx: &mut App) -> SequenceSample<T> {
motion/sequence.rs	222	impl	impl<T: Interpolate> SequenceState<T> {
motion/stagger.rs	4	public	pub enum StaggerOrigin {
motion/stagger.rs	12	public	pub struct Stagger {
motion/stagger.rs	17	impl	impl Stagger {
motion/stagger.rs	18	public	pub const fn new(interval: Duration, origin: StaggerOrigin) -> Self {
motion/stagger.rs	23	public	pub fn delay(&self, index: usize, count: usize) -> Duration {
motion/timing.rs	6	public	pub enum SignedDuration {
motion/timing.rs	11	impl	impl SignedDuration {
motion/timing.rs	12	public	pub const ZERO: Self = Self::Positive(Duration::ZERO);
motion/timing.rs	14	public	pub const fn positive(duration: Duration) -> Self {
motion/timing.rs	18	public	pub const fn negative(duration: Duration) -> Self {
motion/timing.rs	30	impl	impl Default for SignedDuration {
motion/timing.rs	37	public	pub enum IterationCount {
motion/timing.rs	42	impl	impl Default for IterationCount {
motion/timing.rs	49	public	pub enum PlaybackDirection {
motion/timing.rs	58	public	pub enum MotionPhase {
motion/timing.rs	65	public	pub struct TimingSample {
motion/timing.rs	66	public	pub phase: MotionPhase,
motion/timing.rs	67	public	pub directed_progress: f32,
motion/timing.rs	68	public	pub iteration: u64,
motion/timing.rs	69	public	pub active: bool,
motion/timing.rs	70	public	pub finished: bool,
motion/timing.rs	74	public	pub struct Timing {
motion/timing.rs	82	impl	impl Timing {
motion/timing.rs	83	public	pub fn new(duration: Duration) -> Self {
motion/timing.rs	93	public	pub fn delay(mut self, delay: SignedDuration) -> Self {
motion/timing.rs	98	public	pub fn iterations(mut self, iterations: IterationCount) -> Self {
motion/timing.rs	103	public	pub fn direction(mut self, direction: PlaybackDirection) -> Self {
motion/timing.rs	108	public	pub fn ease(mut self, easing: Easing) -> Self {
motion/timing.rs	113	public	pub fn sample(&self, elapsed: Duration) -> TimingSample {
motion.rs	22	public	pub use easing::{Easing, EasingError, LinearStop, StepPosition};
motion.rs	23	public	pub use keyframes::{Discrete, DiscreteError, Keyframe, KeyframeError, Keyframes};
motion.rs	24	public	pub use presence::{Presence, PresencePhase, PresenceSample};
motion.rs	25	public	pub use reveal::MotionReveal;
motion.rs	26	public	pub use sequence::{Sequence, SequenceSample, SequenceStep};
motion.rs	27	public	pub use stagger::{Stagger, StaggerOrigin};
motion.rs	28	public	pub use timing::{
motion.rs	36	public	pub trait Interpolate: Clone {
motion.rs	37	trait-member	fn interpolate(&self, target: &Self, progress: f32) -> Self;
motion.rs	40	impl	impl<T: Lerp> Interpolate for T {
motion.rs	46	impl	impl Interpolate for Size<Pixels> {
motion.rs	55	impl	impl Interpolate for Bounds<Pixels> {
motion.rs	66	public	pub struct MotionTransform {
motion.rs	67	public	pub translation: gpui::Point<Pixels>,
motion.rs	68	public	pub scale: gpui::Point<f32>,
motion.rs	69	public	pub rotation_radians: f32,
motion.rs	70	public	pub opacity: f32,
motion.rs	73	impl	impl MotionTransform {
motion.rs	74	public	pub fn identity() -> Self {
motion.rs	84	impl	impl Default for MotionTransform {
motion.rs	90	impl	impl Interpolate for MotionTransform {
motion.rs	112	public	pub struct Transition {
motion.rs	118	impl	impl Transition {
motion.rs	119	public	pub fn new(duration: Duration) -> Self {
motion.rs	127	public	pub fn delay(mut self, delay: impl Into<SignedDuration>) -> Self {
motion.rs	132	public	pub fn ease(mut self, easing: impl Fn(f32) -> f32 + 'static) -> Self {
motion.rs	137	public	pub fn easing(mut self, easing: Easing) -> Self {
motion.rs	169	impl	impl From<Duration> for SignedDuration {
motion.rs	177	public	pub struct TransitionId(ElementId);
motion.rs	179	impl	impl From<ElementId> for TransitionId {
motion.rs	185	impl	impl From<&'static str> for TransitionId {
motion.rs	191	impl	impl From<String> for TransitionId {
motion.rs	197	impl	impl From<SharedString> for TransitionId {
motion.rs	203	impl	impl From<usize> for TransitionId {
motion.rs	209	impl	impl From<i32> for TransitionId {
motion.rs	215	impl	impl From<TransitionId> for ElementId {
motion.rs	221	impl	impl<I, C> From<(I, C)> for TransitionId where I: Into<ElementId>, C: Into<SharedString>, {
motion.rs	241	public	pub enum MotionStatus {
motion.rs	249	public	pub struct MotionValue<T> {
motion.rs	250	public	pub value: T,
motion.rs	251	public	pub status: MotionStatus,
motion.rs	262	public	pub fn transition<T>( id: impl Into<TransitionId>, target: T, policy: Transition, window: &mut Window, cx: &mut App, ) -> T where T: Interpolate + PartialEq + 'static, {
motion.rs	275	public	pub fn transition_with_status<T>( id: impl Into<TransitionId>, target: T, policy: Transition, window: &mut Window, cx: &mut App, ) -> MotionValue<T> where T: Interpolate + PartialEq + 'static, {
motion.rs	368	public	pub fn animate_keyframes<T>( id: impl Into<TransitionId>, keyframes: &Keyframes<T>, timing: Timing, window: &mut Window, cx: &mut App, ) -> MotionValue<T> where T: Interpolate + 'static, {
motion.rs	415	public	pub struct Spring {
motion.rs	424	public	pub enum SpringError {
motion.rs	429	impl	impl std::fmt::Display for SpringError {
motion.rs	440	impl	impl std::error::Error for SpringError {}
motion.rs	442	impl	impl Spring {
motion.rs	457	public	pub const fn new(response: Duration) -> Self {
motion.rs	480	public	pub const fn with_damping(self, ratio: f32) -> Self {
motion.rs	488	public	pub const fn try_with_damping(mut self, ratio: f32) -> Result<Self, SpringError> {
motion.rs	508	public	pub const fn with_travel(mut self, travel: bool) -> Self {
motion.rs	524	public	pub const fn with_epsilon(self, epsilon: f32) -> Self {
motion.rs	532	public	pub const fn try_with_epsilon(mut self, epsilon: f32) -> Result<Self, SpringError> {
motion.rs	541	public	pub const fn epsilon(self) -> f32 {
motion.rs	573	public	pub fn spring<T>( id: impl Into<TransitionId>, target: T, policy: Spring, window: &mut Window, cx: &mut App, ) -> T::Output where T: SpringTarget, {
nav_stack.rs	19	public	pub enum NavOperation {
nav_stack.rs	36	public	pub enum NavMotion {
nav_stack.rs	43	public	pub enum NavStackEvent {
nav_stack.rs	81	public	pub struct NavStackState {
nav_stack.rs	92	impl	impl NavEntry {
nav_stack.rs	98	impl	impl EventEmitter<NavStackEvent> for NavStackState {}
nav_stack.rs	100	impl	impl Default for NavStackState {
nav_stack.rs	106	impl	impl NavStackState {
nav_stack.rs	107	public	pub fn new() -> Self {
nav_stack.rs	115	public	pub fn depth(&self) -> usize {
nav_stack.rs	119	public	pub fn is_empty(&self) -> bool {
nav_stack.rs	125	public	pub fn current(&self) -> Option<&AnyView> {
nav_stack.rs	130	public	pub fn views(&self) -> impl ExactSizeIterator<Item = &AnyView> {
nav_stack.rs	136	public	pub fn forward_views(&self) -> impl ExactSizeIterator<Item = &AnyView> {
nav_stack.rs	145	public	pub fn push(&mut self, view: impl Into<AnyView>, motion: NavMotion, cx: &mut Context<Self>) {
nav_stack.rs	162	public	pub fn pop(&mut self, motion: NavMotion, cx: &mut Context<Self>) -> Option<AnyView> {
nav_stack.rs	180	public	pub fn pop_to_root(&mut self, motion: NavMotion, cx: &mut Context<Self>) -> Vec<AnyView> {
nav_stack.rs	209	public	pub fn forward(&mut self, motion: NavMotion, cx: &mut Context<Self>) -> Option<AnyView> {
nav_stack.rs	225	public	pub fn replace( &mut self, view: impl Into<AnyView>, motion: NavMotion, cx: &mut Context<Self>, ) -> Option<AnyView> {
nav_stack.rs	248	public	pub fn clear(&mut self, cx: &mut Context<Self>) {
nav_stack.rs	296	public	pub struct NavStack {
nav_stack.rs	304	impl	impl NavStack {
nav_stack.rs	305	public	pub fn new(state: &Entity<NavStackState>) -> Self {
nav_stack.rs	316	public	pub fn transition(mut self, transition: Transition) -> Self {
nav_stack.rs	324	public	pub fn item( mut self, render: impl Fn(NavPage, &mut Window, &mut App) -> AnyElement + 'static, ) -> Self {
nav_stack.rs	333	impl	impl Styled for NavStack {
nav_stack.rs	339	impl	impl RenderOnce for NavStack {
nav_stack.rs	464	public	pub struct NavPage {
nav_stack.rs	474	impl	impl NavPage {
nav_stack.rs	493	public	pub fn view(&self) -> &AnyView {
nav_stack.rs	499	public	pub fn index(&self) -> usize {
nav_stack.rs	503	public	pub fn phase(&self) -> PresencePhase {
nav_stack.rs	508	public	pub fn operation(&self) -> Option<NavOperation> {
nav_stack.rs	512	public	pub fn progress(&self) -> f32 {
nav_stack.rs	517	impl	impl Styled for NavPage {
nav_stack.rs	523	impl	impl RenderOnce for NavPage {
number_input.rs	25	public	pub enum StepAction {
number_input.rs	32	public	pub enum NumberStep {
number_input.rs	37	impl	impl NumberStep {
number_input.rs	38	public	pub fn by_value(f: impl Fn(f64, StepAction, &mut gpui::App) -> f64 + 'static) -> Self {
number_input.rs	50	impl	impl From<f64> for NumberStep {
number_input.rs	57	public	pub enum NumberInputEvent {
number_input.rs	60	impl	impl EventEmitter<NumberInputEvent> for InputState {}
number_input.rs	62	impl	impl InputState {
number_input.rs	98	public	pub struct NumberInput {
number_input.rs	115	public	pub struct NumberInputText {
number_input.rs	120	impl	impl NumberInputText {
number_input.rs	121	public	pub fn new() -> Self {
number_input.rs	129	impl	impl Default for NumberInputText {
number_input.rs	135	impl	impl Styled for NumberInputText {
number_input.rs	141	impl	impl ParentElement for NumberInputText {
number_input.rs	147	impl	impl RenderOnce for NumberInputText {
number_input.rs	157	impl	impl NumberInput {
number_input.rs	158	public	pub fn new(state: &Entity<InputState>) -> Self {
number_input.rs	172	public	pub fn disabled(mut self, disabled: bool) -> Self {
number_input.rs	177	public	pub fn on_step( mut self, handler: impl Fn(StepAction, &mut Window, &mut App) + 'static, ) -> Self {
number_input.rs	186	public	pub fn decrement_button(mut self, decorate: impl FnOnce(Button) -> Button + 'static) -> Self {
number_input.rs	192	public	pub fn increment_button(mut self, decorate: impl FnOnce(Button) -> Button + 'static) -> Self {
number_input.rs	198	public	pub fn input(mut self, input: impl IntoElement) -> Self {
number_input.rs	204	public	pub fn controls_right(mut self) -> Self {
number_input.rs	210	impl	impl Styled for NumberInput {
number_input.rs	216	impl	impl ParentElement for NumberInput {
number_input.rs	222	impl	impl RenderOnce for NumberInput {
number_input.rs	331	public	pub fn step_value( value: &str, action: StepAction, step: f64, min: Option<f64>, max: Option<f64>, ) -> Option<String> {
observe.rs	6	public	pub type ObservedElement<E> = crate::test_support::Observed<E>;
observe.rs	9	public	pub type ObservedElement<E> = E;
observe.rs	20	public	pub trait TestSupportExt: Element<PrepaintState = Option<Hitbox>> + InteractiveElement + Sized {
observe.rs	27	trait-member	fn test_support(self) -> ObservedElement<Self> {
observe.rs	38	impl	impl<E: Element<PrepaintState = Option<Hitbox>> + InteractiveElement> TestSupportExt for E {}
otp_input.rs	10	public	pub enum OtpEvent {
otp_input.rs	20	public	pub struct OtpState {
otp_input.rs	29	impl	impl OtpState {
otp_input.rs	30	public	pub fn new(length: usize, window: &mut Window, cx: &mut Context<Self>) -> Self {
otp_input.rs	53	public	pub fn default_value(mut self, value: impl Into<SharedString>) -> Self {
otp_input.rs	58	public	pub fn set_value( &mut self, value: impl Into<SharedString>, _: &mut Window, cx: &mut Context<Self>, ) {
otp_input.rs	68	public	pub fn value(&self) -> &SharedString {
otp_input.rs	71	public	pub fn len(&self) -> usize {
otp_input.rs	74	public	pub fn is_empty(&self) -> bool {
otp_input.rs	77	public	pub fn is_masked(&self) -> bool {
otp_input.rs	80	public	pub fn cursor_visible(&self, cx: &App) -> bool {
otp_input.rs	83	public	pub fn masked(mut self, masked: bool) -> Self {
otp_input.rs	87	public	pub fn set_masked(&mut self, masked: bool, _: &mut Window, cx: &mut Context<Self>) {
otp_input.rs	91	public	pub fn focus(&self, window: &mut Window, cx: &mut Context<Self>) {
otp_input.rs	151	impl	impl Focusable for OtpState {
otp_input.rs	156	impl	impl EventEmitter<OtpEvent> for OtpState {}
otp_input.rs	157	impl	impl Render for OtpState {
otp_input.rs	165	public	pub struct OtpInput {
otp_input.rs	172	impl	impl OtpInput {
otp_input.rs	173	public	pub fn new(state: &Entity<OtpState>) -> Self {
otp_input.rs	181	public	pub fn disabled(mut self, disabled: bool) -> Self {
otp_input.rs	186	impl	impl Styled for OtpInput {
otp_input.rs	191	impl	impl ParentElement for OtpInput {
otp_input.rs	196	impl	impl RenderOnce for OtpInput {
pagination.rs	14	public	pub enum PaginationItem {
pagination.rs	21	public	pub struct PaginationState {
pagination.rs	29	impl	impl PaginationState {
pagination.rs	30	public	pub fn new(current_page: usize, total_pages: usize) -> Self {
pagination.rs	41	public	pub fn visible_pages(mut self, visible_pages: usize) -> Self {
pagination.rs	46	public	pub fn disabled(mut self, disabled: bool) -> Self {
pagination.rs	56	public	pub fn on_change(mut self, handler: impl Fn(usize, &mut Window, &mut App) + 'static) -> Self {
pagination.rs	61	public	pub fn current_page(&self) -> usize {
pagination.rs	65	public	pub fn total_pages(&self) -> usize {
pagination.rs	69	public	pub fn is_disabled(&self) -> bool {
pagination.rs	73	public	pub fn has_on_change(&self) -> bool {
pagination.rs	77	public	pub fn previous_page(&self) -> Option<usize> {
pagination.rs	81	public	pub fn next_page(&self) -> Option<usize> {
pagination.rs	87	public	pub fn request_page(&self, page: usize, window: &mut Window, cx: &mut App) {
pagination.rs	97	public	pub fn items(&self) -> Vec<PaginationItem> {
pagination.rs	104	public	pub struct Pagination {
pagination.rs	112	impl	impl Pagination {
pagination.rs	113	public	pub fn new(id: impl Into<ElementId>, state: PaginationState) -> Self {
pagination.rs	123	public	pub fn accessibility_label(mut self, label: impl Into<SharedString>) -> Self {
pagination.rs	128	public	pub fn state(&self) -> &PaginationState {
pagination.rs	133	impl	impl ParentElement for Pagination {
pagination.rs	139	impl	impl Styled for Pagination {
pagination.rs	145	impl	impl InteractiveElement for Pagination {
pagination.rs	151	impl	impl StatefulInteractiveElement for Pagination {}
pagination.rs	153	impl	impl RenderOnce for Pagination {
plot/axis.rs	16	public	pub const AXIS_GAP: f32 = 18.;
plot/axis.rs	25	public	pub fn axis_gutter(font_size: Pixels) -> f32 {
plot/axis.rs	31	public	pub enum AxisLabelSide {
plot/axis.rs	41	public	pub enum AxisLabelPlacement {
plot/axis.rs	53	public	pub struct AxisText {
plot/axis.rs	54	public	pub text: SharedString,
plot/axis.rs	55	public	pub tick: Pixels,
plot/axis.rs	56	public	pub color: Hsla,
plot/axis.rs	57	public	pub font_size: Pixels,
plot/axis.rs	58	public	pub align: TextAlign,
plot/axis.rs	61	impl	impl AxisText {
plot/axis.rs	62	public	pub fn new(text: impl Into<SharedString>, tick: impl Into<Pixels>, color: Hsla) -> Self {
plot/axis.rs	72	public	pub fn font_size(mut self, font_size: impl Into<Pixels>) -> Self {
plot/axis.rs	77	public	pub fn align(mut self, align: TextAlign) -> Self {
plot/axis.rs	88	public	pub struct PlotAxis {
plot/axis.rs	100	impl	impl Default for PlotAxis {
plot/axis.rs	106	impl	impl PlotAxis {
plot/axis.rs	107	public	pub fn new() -> Self {
plot/axis.rs	123	public	pub fn x(mut self, position: impl Into<Pixels>) -> Self {
plot/axis.rs	131	public	pub fn x_axis(mut self, x_axis: bool) -> Self {
plot/axis.rs	137	public	pub fn x_label(mut self, labels: impl IntoIterator<Item = AxisText>) -> Self {
plot/axis.rs	143	public	pub fn x_label_side(mut self, side: AxisLabelSide) -> Self {
plot/axis.rs	150	public	pub fn y(mut self, position: impl Into<Pixels>) -> Self {
plot/axis.rs	158	public	pub fn y_axis(mut self, y_axis: bool) -> Self {
plot/axis.rs	164	public	pub fn y_label(mut self, labels: impl IntoIterator<Item = AxisText>) -> Self {
plot/axis.rs	170	public	pub fn y_label_side(mut self, side: AxisLabelSide) -> Self {
plot/axis.rs	176	public	pub fn stroke(mut self, stroke: impl Into<Background>) -> Self {
plot/axis.rs	219	public	pub fn paint(&self, bounds: &Bounds<Pixels>, window: &mut Window, cx: &mut App) {
plot/element.rs	29	public	pub struct PlotElement<P>(P);
plot/element.rs	31	impl	impl<P: Plot + 'static> PlotElement<P> {
plot/element.rs	32	public	pub fn new(plot: P) -> Self {
plot/element.rs	48	impl	impl<P: Plot + 'static> IntoElement for PlotElement<P> {
plot/element.rs	56	impl	impl<P: Plot + 'static> Element for PlotElement<P> {
plot/grid.rs	7	public	pub struct Grid {
plot/grid.rs	14	impl	impl Grid {
plot/grid.rs	15	public	pub fn new() -> Self {
plot/grid.rs	20	public	pub fn x(mut self, x: impl IntoIterator<Item = impl Into<Pixels>>) -> Self {
plot/grid.rs	26	public	pub fn y(mut self, y: impl IntoIterator<Item = impl Into<Pixels>>) -> Self {
plot/grid.rs	32	public	pub fn stroke(mut self, stroke: impl Into<Background>) -> Self {
plot/grid.rs	38	public	pub fn dash_array(mut self, dash_array: &[Pixels]) -> Self {
plot/grid.rs	80	public	pub fn paint(&self, bounds: &Bounds<Pixels>, window: &mut Window) {
plot/hover.rs	19	public	pub struct TooltipState {
plot/hover.rs	21	public	pub index: usize,
plot/hover.rs	23	public	pub cross_line: Point<Pixels>,
plot/hover.rs	25	public	pub dots: Vec<Point<Pixels>>,
plot/hover.rs	28	impl	impl TooltipState {
plot/hover.rs	29	public	pub fn new(index: usize, cross_line: Point<Pixels>, dots: Vec<Point<Pixels>>) -> Self {
plot/hover.rs	46	public	pub struct PlotHover {
plot/hover.rs	52	impl	impl PlotHover {
plot/hover.rs	55	public	pub fn state(&self) -> &TooltipState {
plot/hover.rs	64	public	pub fn progress(&self) -> f32 {
plot/hover.rs	69	public	pub fn focus(&self) -> f32 {
plot/hover.rs	75	public	pub fn is_hovered(&self) -> bool {
plot/hover.rs	82	public	pub fn is_entering(&self) -> bool {
plot/hover.rs	92	public	pub fn glide( &self, id: impl Into<TransitionId>, target: Pixels, window: &mut Window, cx: &mut App, ) -> Pixels {
plot/hover.rs	107	public	pub fn pointer_spring(cx: &App) -> Spring {
plot/hover.rs	124	impl	impl Default for HoverMemory {
plot/hover.rs	206	public	pub fn hover_progress(window: &mut Window, cx: &mut App) -> f32 {
plot/hover.rs	219	public	pub fn is_hover_entering(window: &mut Window, cx: &mut App) -> bool {
plot/label.rs	16	public	pub const TEXT_SIZE: f32 = 10.;
plot/label.rs	18	public	pub const TEXT_GAP: f32 = 2.;
plot/label.rs	21	public	pub const TEXT_HEIGHT: f32 = TEXT_SIZE + TEXT_GAP;
plot/label.rs	45	public	pub fn measure_text_width(text: &SharedString, font_size: Pixels, window: &mut Window) -> f32 {
plot/label.rs	69	public	pub fn truncate_text_to_width( text: &SharedString, font_size: Pixels, max_width: f32, window: &mut Window, ) -> SharedString {
plot/label.rs	107	public	pub struct Text {
plot/label.rs	108	public	pub text: SharedString,
plot/label.rs	109	public	pub origin: Point<Pixels>,
plot/label.rs	110	public	pub color: Hsla,
plot/label.rs	111	public	pub font_size: Pixels,
plot/label.rs	112	public	pub font_weight: FontWeight,
plot/label.rs	113	public	pub align: TextAlign,
plot/label.rs	116	impl	impl Text {
plot/label.rs	117	public	pub fn new<T>(text: impl Into<SharedString>, origin: Point<T>, color: Hsla) -> Self where T: Default + Clone + Copy + Debug + PartialEq + Into<Pixels>, {
plot/label.rs	134	public	pub fn font_size(mut self, font_size: impl Into<Pixels>) -> Self {
plot/label.rs	140	public	pub fn font_weight(mut self, font_weight: FontWeight) -> Self {
plot/label.rs	146	public	pub fn align(mut self, align: TextAlign) -> Self {
plot/label.rs	152	impl	impl<I> From<I> for PlotLabel where I: Iterator<Item = Text>, {
plot/label.rs	162	public	pub struct PlotLabel(Vec<Text>);
plot/label.rs	164	impl	impl PlotLabel {
plot/label.rs	165	public	pub fn new(items: Vec<Text>) -> Self {
plot/label.rs	170	public	pub fn paint(&self, bounds: &Bounds<Pixels>, window: &mut Window, cx: &mut App) {
plot/mod.rs	10	public	pub mod label;
plot/mod.rs	12	public	pub mod scale;
plot/mod.rs	13	public	pub mod shape;
plot/mod.rs	25	public	pub use axis::AXIS_GAP;
plot/mod.rs	26	public	pub use axis::{AxisLabelPlacement, AxisLabelSide, AxisText, PlotAxis, axis_gutter};
plot/mod.rs	27	public	pub use element::PlotElement;
plot/mod.rs	28	public	pub use grid::Grid;
plot/mod.rs	29	public	pub use hover::{PlotHover, TooltipState, hover_progress, is_hover_entering, pointer_spring};
plot/mod.rs	30	public	pub use label::PlotLabel;
plot/mod.rs	31	public	pub use path_cache::{PathCache, PathCaches, ShapeKey};
plot/mod.rs	32	public	pub use scale::PlotValue;
plot/mod.rs	41	public	pub struct PlotMotion {
plot/mod.rs	47	impl	impl Default for PlotMotion {
plot/mod.rs	57	impl	impl PlotMotion {
plot/mod.rs	60	public	pub fn with_pointer(mut self, pointer: Spring) -> Self {
plot/mod.rs	66	public	pub fn with_enter(mut self, enter: Transition) -> Self {
plot/mod.rs	72	public	pub fn with_exit(mut self, exit: Transition) -> Self {
plot/mod.rs	77	public	pub fn pointer(&self) -> Spring {
plot/mod.rs	81	public	pub fn enter(&self) -> &Transition {
plot/mod.rs	85	public	pub fn exit(&self) -> &Transition {
plot/mod.rs	90	public	pub trait Plot: IntoElement {
plot/mod.rs	102	trait-member	fn prepaint( &mut self, _bounds: Bounds<Pixels>, _window: &mut Window, _cx: &mut App, ) -> Vec<AnyElement> {
plot/mod.rs	111	trait-member	fn paint(&mut self, bounds: Bounds<Pixels>, window: &mut Window, cx: &mut App);
plot/mod.rs	121	trait-member	fn id(&self) -> Option<ElementId> {
plot/mod.rs	133	trait-member	fn tooltip_state( &self, _position: Point<Pixels>, _bounds: Bounds<Pixels>, _cx: &App, ) -> Option<TooltipState> {
plot/mod.rs	155	trait-member	fn hover(&mut self, _hover: Option<&PlotHover>, _window: &mut Window, _cx: &mut App) {}
plot/mod.rs	169	trait-member	fn tooltip( &self, _state: &TooltipState, _cursor: Point<Pixels>, _bounds: Bounds<Pixels>, _window: &mut Window, _cx: &mut App, ) -> Option<AnyElement> {
plot/mod.rs	184	public	pub enum Curve {
plot/mod.rs	194	public	pub fn origin_point<T>(x: T, y: T, origin: Point<T>) -> Point<T> where T: Default + Clone + Debug + PartialEq + Add<Output = T>, {
plot/mod.rs	201	public	pub fn polygon<T>(points: &[Point<T>], bounds: &Bounds<Pixels>) -> Option<Path<Pixels>> where T: Default + Clone + Copy + Debug + Into<f32> + PartialEq, {
plot/path_cache.rs	16	public	pub struct PathCache {
plot/path_cache.rs	22	impl	impl PathCache {
plot/path_cache.rs	25	public	pub fn get( &mut self, key: u64, origin: Point<Pixels>, build: impl FnOnce() -> Option<Path<Pixels>>, ) -> Option<Path<Pixels>> {
plot/path_cache.rs	39	public	pub fn is_warm(&self) -> bool {
plot/path_cache.rs	74	public	pub struct PathCaches {
plot/path_cache.rs	78	impl	impl PathCaches {
plot/path_cache.rs	81	public	pub fn for_paint(key: impl Into<ElementId>, window: &mut Window, cx: &mut App) -> Entity<Self> {
plot/path_cache.rs	87	public	pub fn slot(&mut self, index: usize) -> &mut PathCache {
plot/path_cache.rs	97	public	pub fn slot_pair(&mut self, index: usize) -> (&mut PathCache, &mut PathCache) {
plot/path_cache.rs	109	public	pub struct ShapeKey(DefaultHasher);
plot/path_cache.rs	111	impl	impl ShapeKey {
plot/path_cache.rs	112	public	pub fn new(extra: impl Hash) -> Self {
plot/path_cache.rs	118	public	pub fn point(&mut self, point: Point<Pixels>) -> &mut Self {
plot/path_cache.rs	124	public	pub fn f32(&mut self, value: f32) -> &mut Self {
plot/path_cache.rs	129	public	pub fn finish(&self) -> u64 {
plot/scale/band.rs	10	public	pub struct ScaleBand<T> {
plot/scale/band.rs	27	impl	impl<T> ScaleBand<T> {
plot/scale/band.rs	30	public	pub fn new(domain: impl IntoIterator<Item = T>, range: [f32; 2]) -> Self
plot/scale/band.rs	53	public	pub fn band_width(&self) -> f32 {
plot/scale/band.rs	61	public	pub fn max_band_width(mut self, width: f32) -> Self {
plot/scale/band.rs	68	public	pub fn step(&self) -> f32 {
plot/scale/band.rs	79	public	pub fn band_count(mut self, count: usize) -> Self {
plot/scale/band.rs	85	public	pub fn padding_inner(mut self, padding_inner: f32) -> Self {
plot/scale/band.rs	91	public	pub fn padding_outer(mut self, padding_outer: f32) -> Self {
plot/scale/band.rs	124	impl	impl<T> Scale<T> for ScaleBand<T> where T: Eq + Hash, {
plot/scale/linear.rs	8	public	pub struct ScaleLinear<T> {
plot/scale/linear.rs	15	impl	impl<T: PlotValue> ScaleLinear<T> {
plot/scale/linear.rs	19	public	pub fn new(domain: impl IntoIterator<Item = T>, range: [f32; 2]) -> Self {
plot/scale/linear.rs	35	impl	impl<T: PlotValue> Scale<T> for ScaleLinear<T> {
plot/scale/ordinal.rs	4	public	pub struct ScaleOrdinal<D, R> {
plot/scale/ordinal.rs	10	impl	impl<D, R> Default for ScaleOrdinal<D, R> {
plot/scale/ordinal.rs	20	impl	impl<D, R> ScaleOrdinal<D, R> {
plot/scale/ordinal.rs	21	public	pub fn new(domain: Vec<D>, range: Vec<R>) -> Self {
plot/scale/ordinal.rs	30	public	pub fn domain(mut self, domain: Vec<D>) -> Self {
plot/scale/ordinal.rs	36	public	pub fn range(mut self, range: Vec<R>) -> Self {
plot/scale/ordinal.rs	42	public	pub fn unknown(mut self, unknown: R) -> Self {
plot/scale/ordinal.rs	48	impl	impl<D, R> ScaleOrdinal<D, R> where D: PartialEq, R: Clone, {
plot/scale/ordinal.rs	54	public	pub fn map(&self, value: &D) -> Option<R> {
plot/scale/point.rs	10	public	pub struct ScalePoint<T> {
plot/scale/point.rs	16	impl	impl<T> ScalePoint<T> where T: PartialEq, {
plot/scale/point.rs	31	public	pub fn new(domain: impl IntoIterator<Item = T>, range: [f32; 2]) -> Self {
plot/scale/point.rs	53	public	pub fn tick_at(&self, index: usize) -> Option<f32> {
plot/scale/point.rs	67	impl	impl<T> Scale<T> for ScalePoint<T> where T: PartialEq, {
plot/scale/sealed.rs	2	public	pub trait Sealed {}
plot/scale/sealed.rs	4	impl	impl Sealed for f32 {}
plot/scale/sealed.rs	5	impl	impl Sealed for f64 {}
plot/scale/sealed.rs	7	impl	impl Sealed for rust_decimal::Decimal {}
plot/scale.rs	7	public	pub use band::ScaleBand;
plot/scale.rs	8	public	pub use linear::ScaleLinear;
plot/scale.rs	9	public	pub use ordinal::ScaleOrdinal;
plot/scale.rs	10	public	pub use point::ScalePoint;
plot/scale.rs	19	public	pub trait PlotValue: sealed::Sealed + Copy + PartialOrd + Num + ToPrimitive + 'static {}
plot/scale.rs	21	impl	impl PlotValue for f32 {}
plot/scale.rs	22	impl	impl PlotValue for f64 {}
plot/scale.rs	24	impl	impl PlotValue for rust_decimal::Decimal {}
plot/scale.rs	26	public	pub trait Scale<T> {
plot/scale.rs	28	trait-member	fn tick(&self, value: &T) -> Option<f32>;
plot/scale.rs	32	trait-member	fn nearest_index(&self, _tick: f32) -> usize {
plot/shape/arc.rs	15	public	pub struct ArcData<'a, T> {
plot/shape/arc.rs	16	public	pub data: &'a T,
plot/shape/arc.rs	17	public	pub index: usize,
plot/shape/arc.rs	18	public	pub value: f32,
plot/shape/arc.rs	19	public	pub start_angle: f32,
plot/shape/arc.rs	20	public	pub end_angle: f32,
plot/shape/arc.rs	21	public	pub pad_angle: f32,
plot/shape/arc.rs	24	impl	impl<'a, T> ArcData<'a, T> {
plot/shape/arc.rs	27	public	pub fn new(data: &'a T, index: usize, value: f32, start_angle: f32, end_angle: f32) -> Self {
plot/shape/arc.rs	39	impl	impl<T> Debug for ArcData<'_, T> {
plot/shape/arc.rs	49	public	pub struct Arc {
plot/shape/arc.rs	54	impl	impl Default for Arc {
plot/shape/arc.rs	63	impl	impl Arc {
plot/shape/arc.rs	64	public	pub fn new() -> Self {
plot/shape/arc.rs	69	public	pub fn inner_radius(mut self, inner_radius: f32) -> Self {
plot/shape/arc.rs	75	public	pub fn outer_radius(mut self, outer_radius: f32) -> Self {
plot/shape/arc.rs	81	public	pub fn centroid<T>(&self, arc: &ArcData<T>) -> Point<f32> {
plot/shape/arc.rs	191	public	pub fn contains<T>( &self, arc: &ArcData<T>, position: Point<f32>, bounds: &Bounds<Pixels>, ) -> bool {
plot/shape/arc.rs	217	public	pub fn paint_cached<T>( &self, arc: &ArcData<T>, fill: impl Into<Background>, bounds: &Bounds<Pixels>, cache: &mut PathCache, window: &mut Window, ) {
plot/shape/arc.rs	243	public	pub fn paint<T>( &self, arc: &ArcData<T>, fill: impl Into<Background>, bounds: &Bounds<Pixels>, window: &mut Window, ) {
plot/shape/area.rs	8	public	pub struct Area<T> {
plot/shape/area.rs	18	impl	impl<T> Default for Area<T> {
plot/shape/area.rs	32	impl	impl<T> Area<T> {
plot/shape/area.rs	33	public	pub fn new() -> Self {
plot/shape/area.rs	38	public	pub fn data<I>(mut self, data: I) -> Self where I: IntoIterator<Item = T>, {
plot/shape/area.rs	47	public	pub fn x<F>(mut self, x: F) -> Self where F: Fn(&T) -> Option<f32> + 'static, {
plot/shape/area.rs	56	public	pub fn y0(mut self, y0: f32) -> Self {
plot/shape/area.rs	62	public	pub fn y1<F>(mut self, y1: F) -> Self where F: Fn(&T) -> Option<f32> + 'static, {
plot/shape/area.rs	71	public	pub fn fill(mut self, fill: impl Into<Background>) -> Self {
plot/shape/area.rs	77	public	pub fn stroke(mut self, stroke: impl Into<Background>) -> Self {
plot/shape/area.rs	84	public	pub fn curve(mut self, curve: Curve) -> Self {
plot/shape/area.rs	185	public	pub fn paint_cached( &self, bounds: &Bounds<Pixels>, fill: &mut PathCache, line: &mut PathCache, window: &mut Window, ) {
plot/shape/area.rs	220	public	pub fn paint(&self, bounds: &Bounds<Pixels>, window: &mut Window) {
plot/shape/bar.rs	13	public	pub enum BarAlignment {
plot/shape/bar.rs	25	impl	impl BarAlignment {
plot/shape/bar.rs	26	public	pub fn is_horizontal(self) -> bool {
plot/shape/bar.rs	30	public	pub fn is_vertical(self) -> bool {
plot/shape/bar.rs	39	public	pub fn gradient_angle(self) -> f32 {
plot/shape/bar.rs	50	public	pub struct Bar<T> {
plot/shape/bar.rs	62	impl	impl<T> Default for Bar<T> {
plot/shape/bar.rs	78	impl	impl<T> Bar<T> {
plot/shape/bar.rs	79	public	pub fn new() -> Self {
plot/shape/bar.rs	84	public	pub fn data<I>(mut self, data: I) -> Self where I: IntoIterator<Item = T>, {
plot/shape/bar.rs	95	public	pub fn alignment(mut self, alignment: BarAlignment) -> Self {
plot/shape/bar.rs	104	public	pub fn cross<F>(mut self, cross: F) -> Self where F: Fn(&T) -> Option<f32> + 'static, {
plot/shape/bar.rs	113	public	pub fn band_width(mut self, band_width: f32) -> Self {
plot/shape/bar.rs	119	public	pub fn base<F>(mut self, base: F) -> Self where F: Fn(&T) -> f32 + 'static, {
plot/shape/bar.rs	128	public	pub fn value<F>(mut self, value: F) -> Self where F: Fn(&T) -> Option<f32> + 'static, {
plot/shape/bar.rs	147	public	pub fn fill<F, B>(mut self, fill: F) -> Self where F: Fn(&T, Bounds<f32>, BarAlignment) -> B + 'static, B: Into<Background>, {
plot/shape/bar.rs	157	public	pub fn label<F>(mut self, label: F) -> Self where F: Fn(&T, Point<Pixels>) -> Vec<Text> + 'static, {
plot/shape/bar.rs	169	public	pub fn corner_radii(mut self, corner_radii: impl Into<Corners<Pixels>>) -> Self {
plot/shape/bar.rs	232	public	pub fn paint(&self, bounds: &Bounds<Pixels>, window: &mut Window, cx: &mut App) {
plot/shape/line.rs	11	public	pub struct Line<T> {
plot/shape/line.rs	24	impl	impl<T> Default for Line<T> {
plot/shape/line.rs	41	impl	impl<T> Line<T> {
plot/shape/line.rs	42	public	pub fn new() -> Self {
plot/shape/line.rs	47	public	pub fn data<I>(mut self, data: I) -> Self where I: IntoIterator<Item = T>, {
plot/shape/line.rs	56	public	pub fn x<F>(mut self, x: F) -> Self where F: Fn(&T) -> Option<f32> + 'static, {
plot/shape/line.rs	65	public	pub fn y<F>(mut self, y: F) -> Self where F: Fn(&T) -> Option<f32> + 'static, {
plot/shape/line.rs	74	public	pub fn stroke(mut self, stroke: impl Into<Background>) -> Self {
plot/shape/line.rs	80	public	pub fn stroke_width(mut self, stroke_width: impl Into<Pixels>) -> Self {
plot/shape/line.rs	86	public	pub fn curve(mut self, curve: Curve) -> Self {
plot/shape/line.rs	92	public	pub fn dot(mut self) -> Self {
plot/shape/line.rs	98	public	pub fn dot_size(mut self, dot_size: impl Into<Pixels>) -> Self {
plot/shape/line.rs	104	public	pub fn dot_fill(mut self, fill: impl Into<Background>) -> Self {
plot/shape/line.rs	111	public	pub fn dot_stroke(mut self, stroke: impl Into<Hsla>) -> Self {
plot/shape/line.rs	117	public	pub fn dot_fill_color(self, color: impl Into<Hsla>) -> Self {
plot/shape/line.rs	122	public	pub fn dot_stroke_color(self, color: impl Into<Hsla>) -> Self {
plot/shape/line.rs	227	public	pub fn paint_cached( &self, bounds: &Bounds<Pixels>, cache: &mut PathCache, window: &mut Window, ) {
plot/shape/line.rs	250	public	pub fn paint(&self, bounds: &Bounds<Pixels>, window: &mut Window) {
plot/shape/pie.rs	8	public	pub struct Pie<T> {
plot/shape/pie.rs	15	impl	impl<T> Default for Pie<T> {
plot/shape/pie.rs	26	impl	impl<T> Pie<T> {
plot/shape/pie.rs	27	public	pub fn new() -> Self {
plot/shape/pie.rs	32	public	pub fn value<F>(mut self, value: F) -> Self where F: 'static + Fn(&T) -> Option<f32>, {
plot/shape/pie.rs	41	public	pub fn start_angle(mut self, start_angle: f32) -> Self {
plot/shape/pie.rs	47	public	pub fn end_angle(mut self, end_angle: f32) -> Self {
plot/shape/pie.rs	53	public	pub fn pad_angle(mut self, pad_angle: f32) -> Self {
plot/shape/pie.rs	59	public	pub fn arcs<'a>(&self, data: &'a [T]) -> Vec<ArcData<'a, T>> {
plot/shape/radial_line.rs	27	public	pub struct RadialLine<T> {
plot/shape/radial_line.rs	41	impl	impl<T> Default for RadialLine<T> {
plot/shape/radial_line.rs	59	impl	impl<T> RadialLine<T> {
plot/shape/radial_line.rs	60	public	pub fn new() -> Self {
plot/shape/radial_line.rs	65	public	pub fn data<I>(mut self, data: I) -> Self where I: IntoIterator<Item = T>, {
plot/shape/radial_line.rs	78	public	pub fn angle<F>(mut self, angle: F) -> Self where F: Fn(&T, usize) -> Option<f32> + 'static, {
plot/shape/radial_line.rs	90	public	pub fn radius<F>(mut self, radius: F) -> Self where F: Fn(&T, usize) -> Option<f32> + 'static, {
plot/shape/radial_line.rs	99	public	pub fn closed(mut self) -> Self {
plot/shape/radial_line.rs	107	public	pub fn fill(mut self, fill: impl Into<Background>) -> Self {
plot/shape/radial_line.rs	113	public	pub fn stroke(mut self, stroke: impl Into<Background>) -> Self {
plot/shape/radial_line.rs	119	public	pub fn stroke_width(mut self, stroke_width: impl Into<Pixels>) -> Self {
plot/shape/radial_line.rs	125	public	pub fn dot(mut self) -> Self {
plot/shape/radial_line.rs	131	public	pub fn dot_size(mut self, dot_size: impl Into<Pixels>) -> Self {
plot/shape/radial_line.rs	137	public	pub fn dot_fill(mut self, fill: impl Into<Background>) -> Self {
plot/shape/radial_line.rs	144	public	pub fn dot_stroke(mut self, stroke: impl Into<Hsla>) -> Self {
plot/shape/radial_line.rs	150	public	pub fn dot_fill_color(self, color: impl Into<Hsla>) -> Self {
plot/shape/radial_line.rs	155	public	pub fn dot_stroke_color(self, color: impl Into<Hsla>) -> Self {
plot/shape/radial_line.rs	234	public	pub fn paint(&self, bounds: &Bounds<Pixels>, window: &mut Window) {
plot/shape/sankey.rs	16	public	pub enum SankeyAlign {
plot/shape/sankey.rs	30	public	pub struct SankeyLink {
plot/shape/sankey.rs	31	public	pub source: usize,
plot/shape/sankey.rs	32	public	pub target: usize,
plot/shape/sankey.rs	33	public	pub value: f64,
plot/shape/sankey.rs	36	impl	impl SankeyLink {
plot/shape/sankey.rs	39	public	pub fn new(source: usize, target: usize, value: f64) -> Self {
plot/shape/sankey.rs	51	public	pub struct SankeyNodeLayout {
plot/shape/sankey.rs	52	public	pub index: usize,
plot/shape/sankey.rs	56	public	pub value: f64,
plot/shape/sankey.rs	58	public	pub depth: usize,
plot/shape/sankey.rs	60	public	pub height: usize,
plot/shape/sankey.rs	62	public	pub layer: usize,
plot/shape/sankey.rs	63	public	pub x0: f32,
plot/shape/sankey.rs	64	public	pub x1: f32,
plot/shape/sankey.rs	65	public	pub y0: f32,
plot/shape/sankey.rs	66	public	pub y1: f32,
plot/shape/sankey.rs	68	public	pub source_links: Vec<usize>,
plot/shape/sankey.rs	70	public	pub target_links: Vec<usize>,
plot/shape/sankey.rs	84	public	pub struct SankeyLinkLayout {
plot/shape/sankey.rs	85	public	pub index: usize,
plot/shape/sankey.rs	86	public	pub source: usize,
plot/shape/sankey.rs	87	public	pub target: usize,
plot/shape/sankey.rs	90	public	pub value: f64,
plot/shape/sankey.rs	91	public	pub y0: f32,
plot/shape/sankey.rs	92	public	pub y1: f32,
plot/shape/sankey.rs	95	public	pub width: f32,
plot/shape/sankey.rs	97	public	pub source_width: f32,
plot/shape/sankey.rs	99	public	pub target_width: f32,
plot/shape/sankey.rs	105	public	pub struct SankeyGraph {
plot/shape/sankey.rs	106	public	pub nodes: Vec<SankeyNodeLayout>,
plot/shape/sankey.rs	107	public	pub links: Vec<SankeyLinkLayout>,
plot/shape/sankey.rs	110	impl	impl SankeyGraph {
plot/shape/sankey.rs	112	public	pub fn layer_count(&self) -> usize {
plot/shape/sankey.rs	123	public	pub enum SankeyError {
plot/shape/sankey.rs	130	impl	impl std::fmt::Display for SankeyError {
plot/shape/sankey.rs	139	impl	impl std::error::Error for SankeyError {}
plot/shape/sankey.rs	143	public	pub enum SankeyValueScale {
plot/shape/sankey.rs	153	impl	impl SankeyValueScale {
plot/shape/sankey.rs	164	public	pub struct Sankey {
plot/shape/sankey.rs	176	impl	impl Default for Sankey {
plot/shape/sankey.rs	192	impl	impl Sankey {
plot/shape/sankey.rs	194	public	pub fn new() -> Self {
plot/shape/sankey.rs	199	public	pub fn node_width(mut self, node_width: f32) -> Self {
plot/shape/sankey.rs	205	public	pub fn node_padding(mut self, node_padding: f32) -> Self {
plot/shape/sankey.rs	211	public	pub fn node_align(mut self, align: SankeyAlign) -> Self {
plot/shape/sankey.rs	217	public	pub fn iterations(mut self, iterations: usize) -> Self {
plot/shape/sankey.rs	223	public	pub fn value_scale(mut self, value_scale: SankeyValueScale) -> Self {
plot/shape/sankey.rs	229	public	pub fn extent(mut self, x0: f32, y0: f32, x1: f32, y1: f32) -> Self {
plot/shape/sankey.rs	238	public	pub fn size(self, width: f32, height: f32) -> Self {
plot/shape/sankey.rs	250	public	pub fn topology( &self, node_count: usize, links: &[SankeyLink], ) -> Result<SankeyGraph, SankeyError> {
plot/shape/sankey.rs	305	public	pub fn layout( &self, node_count: usize, links: &[SankeyLink], ) -> Result<SankeyGraph, SankeyError> {
plot/shape/sankey.rs	319	public	pub fn layout_from(&self, mut graph: SankeyGraph) -> SankeyGraph {
plot/shape/sankey.rs	905	public	pub fn sankey_link_path( source: &SankeyNodeLayout, target: &SankeyNodeLayout, link: &SankeyLinkLayout, min_width: f32, origin: Point<Pixels>, ) -> Option<Path<Pixels>> {
plot/shape/stack.rs	6	public	pub struct StackPoint<T> {
plot/shape/stack.rs	8	public	pub y0: f32,
plot/shape/stack.rs	10	public	pub y1: f32,
plot/shape/stack.rs	12	public	pub data: T,
plot/shape/stack.rs	18	public	pub struct StackSeries<T> {
plot/shape/stack.rs	20	public	pub key: String,
plot/shape/stack.rs	22	public	pub index: usize,
plot/shape/stack.rs	24	public	pub points: Vec<StackPoint<T>>,
plot/shape/stack.rs	28	public	pub struct Stack<T> {
plot/shape/stack.rs	34	impl	impl<T: Clone> Default for Stack<T> {
plot/shape/stack.rs	44	impl	impl<T: Clone> Stack<T> {
plot/shape/stack.rs	45	public	pub fn new() -> Self {
plot/shape/stack.rs	50	public	pub fn data<I>(mut self, data: I) -> Self where I: IntoIterator<Item = T>, {
plot/shape/stack.rs	59	public	pub fn keys<I, S>(mut self, keys: I) -> Self where I: IntoIterator<Item = S>, S: Into<String>, {
plot/shape/stack.rs	69	public	pub fn value<F>(mut self, value: F) -> Self where F: Fn(&T, &str) -> Option<f32> + 'static, {
plot/shape/stack.rs	78	public	pub fn series(&self) -> Vec<StackSeries<T>> {
plot/shape.rs	10	public	pub use arc::{Arc, ArcData};
plot/shape.rs	11	public	pub use area::Area;
plot/shape.rs	12	public	pub use bar::{Bar, BarAlignment};
plot/shape.rs	13	public	pub use line::Line;
plot/shape.rs	14	public	pub use pie::Pie;
plot/shape.rs	15	public	pub use radial_line::RadialLine;
plot/shape.rs	16	public	pub use sankey::{
plot/shape.rs	20	public	pub use stack::{Stack, StackPoint, StackSeries};
popover.rs	32	public	pub struct PopoverState {
popover.rs	44	impl	impl PopoverState {
popover.rs	45	public	pub fn new(default_open: bool, cx: &mut App) -> Self {
popover.rs	57	public	pub fn is_open(&self) -> bool {
popover.rs	61	public	pub fn dismiss(&mut self, window: &mut Window, cx: &mut Context<Self>) {
popover.rs	67	public	pub fn show(&mut self, window: &mut Window, cx: &mut Context<Self>) {
popover.rs	74	public	pub fn set_open(&mut self, open: bool, cx: &mut Context<Self>) {
popover.rs	80	public	pub fn sync_open(&mut self, open: bool, window: &mut Window, cx: &mut Context<Self>) {
popover.rs	85	public	pub fn toggle_open(&mut self, window: &mut Window, cx: &mut Context<Self>) {
popover.rs	137	public	pub fn track_focus(&mut self, focus_handle: Option<FocusHandle>) {
popover.rs	142	public	pub fn set_on_open_change(&mut self, handler: Option<OpenChangeHandler>) {
popover.rs	147	public	pub fn on_action_cancel(&mut self, _: &Cancel, window: &mut Window, cx: &mut Context<Self>) {
popover.rs	152	impl	impl Focusable for PopoverState {
popover.rs	158	impl	impl Render for PopoverState {
popover.rs	164	impl	impl EventEmitter<DismissEvent> for PopoverState {}
popover.rs	172	public	pub struct Popover {
popover.rs	188	impl	impl Popover {
popover.rs	189	public	pub fn new(id: impl Into<ElementId>) -> Self {
popover.rs	207	public	pub fn anchor(mut self, anchor: impl Into<Anchor>) -> Self {
popover.rs	213	public	pub fn offset(mut self, offset: gpui::Pixels) -> Self {
popover.rs	219	public	pub fn on_position( mut self, callback: impl Fn(ResolvedPosition, gpui::Bounds<gpui::Pixels>) + 'static, ) -> Self {
popover.rs	227	public	pub fn mouse_button(mut self, mouse_button: MouseButton) -> Self {
popover.rs	232	public	pub fn trigger<T>(mut self, trigger: T) -> Self where T: Selectable + IntoElement + 'static, {
popover.rs	245	public	pub fn trigger_with( mut self, trigger: impl FnOnce(bool, &Window, &App) -> AnyElement + 'static, ) -> Self {
popover.rs	253	public	pub fn default_open(mut self, open: bool) -> Self {
popover.rs	258	public	pub fn open(mut self, open: bool) -> Self {
popover.rs	263	public	pub fn track_focus(mut self, handle: &FocusHandle) -> Self {
popover.rs	268	public	pub fn overlay_closable(mut self, closable: bool) -> Self {
popover.rs	273	public	pub fn on_open_change( mut self, callback: impl Fn(&bool, &mut Window, &mut App) + 'static, ) -> Self {
popover.rs	281	public	pub fn content<F, E>(mut self, content: F) -> Self where E: IntoElement, F: FnOnce(&mut PopoverState, &mut Window, &mut Context<PopoverState>) -> E + 'static, {
popover.rs	295	impl	impl Styled for Popover {
popover.rs	301	impl	impl RenderOnce for Popover {
popup.rs	15	public	pub const POPUP_PRIORITY: usize = 100;
popup.rs	29	public	pub struct Popup {
popup.rs	40	impl	impl Popup {
popup.rs	41	public	pub fn new(id: impl Into<ElementId>, trigger: impl IntoElement) -> Self {
popup.rs	55	public	pub fn anchor(mut self, anchor: impl Into<Anchor>) -> Self {
popup.rs	61	public	pub fn offset(mut self, offset: Pixels) -> Self {
popup.rs	67	public	pub fn on_position( mut self, callback: impl Fn(ResolvedPosition, Bounds<Pixels>) + 'static, ) -> Self {
popup.rs	75	public	pub fn content(mut self, content: impl IntoElement) -> Self {
popup.rs	80	public	pub fn resolved_corner(anchor: Anchor, trigger_bounds: Bounds<Pixels>) -> Point<Pixels> {
popup.rs	116	impl	impl Styled for Popup {
popup.rs	122	impl	impl InteractiveElement for Popup {
popup.rs	128	impl	impl StatefulInteractiveElement for Popup {}
popup.rs	130	impl	impl RenderOnce for Popup {
positioner.rs	18	public	pub enum Align {
positioner.rs	50	public	pub struct ResolvedPosition {
positioner.rs	52	public	pub bounds: Bounds<Pixels>,
positioner.rs	55	public	pub placement: Option<Placement>,
positioner.rs	63	public	pub struct Positioner {
positioner.rs	73	public	pub struct PositionerState {
positioner.rs	77	impl	impl Positioner {
positioner.rs	79	public	pub fn side(trigger_bounds: Bounds<Pixels>) -> Self {
positioner.rs	100	public	pub fn corner(anchor: Anchor, position: Point<Pixels>) -> Self {
positioner.rs	115	public	pub fn position(mut self, position: Point<Pixels>) -> Self {
positioner.rs	126	public	pub fn placement(mut self, placement: Placement) -> Self {
positioner.rs	138	public	pub fn align(mut self, align: Align) -> Self {
positioner.rs	147	public	pub fn offset(mut self, offset: Pixels) -> Self {
positioner.rs	161	public	pub fn on_position(mut self, callback: impl Fn(ResolvedPosition) + 'static) -> Self {
positioner.rs	172	public	pub fn occlude(mut self) -> Self {
positioner.rs	178	public	pub fn margin(mut self, margin: Pixels) -> Self {
positioner.rs	327	impl	impl ParentElement for Positioner {
positioner.rs	333	impl	impl Element for Positioner {
positioner.rs	443	impl	impl IntoElement for Positioner {
progress.rs	12	public	pub struct Progress {
progress.rs	21	impl	impl Progress {
progress.rs	22	public	pub fn new(id: impl Into<ElementId>) -> Self {
progress.rs	34	public	pub fn value(mut self, value: f32) -> Self {
progress.rs	39	public	pub fn indeterminate(mut self, indeterminate: bool) -> Self {
progress.rs	44	public	pub fn accessibility_label(mut self, label: impl Into<SharedString>) -> Self {
progress.rs	50	impl	impl Styled for Progress {
progress.rs	56	impl	impl ParentElement for Progress {
progress.rs	62	impl	impl InteractiveElement for Progress {
progress.rs	68	impl	impl StatefulInteractiveElement for Progress {}
progress.rs	70	impl	impl RenderOnce for Progress {
progress.rs	91	public	pub struct $name {
progress.rs	97	impl	impl $name {
progress.rs	98	public	pub fn new() -> Self {
progress.rs	107	impl	impl Styled for $name {
progress.rs	113	impl	impl ParentElement for $name {
progress.rs	119	impl	impl RenderOnce for $name {
questionnaire/control.rs	19	public	pub enum QuestionnaireChoiceControl {
questionnaire/control.rs	24	impl	impl QuestionnaireChoiceControl {
questionnaire/control.rs	26	public	pub fn new( state: &Entity<QuestionnaireState>, item: impl Into<SharedString>, value: impl Into<SharedString>, id: impl Into<ElementId>, cx: &gpui::App, ) -> Option<Self> {
questionnaire/keyboard.rs	9	public	pub fn handle_key_down( state: &Entity<QuestionnaireState>, event: &KeyDownEvent, window: &mut Window, cx: &mut App, ) {
questionnaire/mod.rs	11	public	pub use control::QuestionnaireChoiceControl;
questionnaire/mod.rs	12	public	pub use keyboard::handle_key_down;
questionnaire/mod.rs	13	public	pub use state::*;
questionnaire/mod.rs	14	public	pub use types::*;
questionnaire/state.rs	28	public	pub struct QuestionnaireState {
questionnaire/state.rs	39	impl	impl QuestionnaireState {
questionnaire/state.rs	40	public	pub fn new( items: Vec<QuestionnaireItemDefinition>, cx: &mut Context<Self>, ) -> Result<Self, QuestionnaireSchemaError> {
questionnaire/state.rs	149	public	pub fn with_current_item( mut self, name: impl Into<SharedString>, ) -> Result<Self, QuestionnaireSchemaError> {
questionnaire/state.rs	162	public	pub fn with_shortcuts(mut self, mode: QuestionnaireShortcutMode) -> Self {
questionnaire/state.rs	167	public	pub fn current_item(&self) -> Option<&SharedString> {
questionnaire/state.rs	171	public	pub fn current_ix(&self) -> Option<usize> {
questionnaire/state.rs	176	public	pub fn total(&self) -> usize {
questionnaire/state.rs	180	public	pub fn progress(&self) -> QuestionnaireProgressState {
questionnaire/state.rs	184	public	pub fn item_definition(&self, name: &str) -> Option<&QuestionnaireItemDefinition> {
questionnaire/state.rs	188	public	pub fn choice_definition( &self, item: &str, value: &str, ) -> Option<&QuestionnaireChoiceDefinition> {
questionnaire/state.rs	199	public	pub fn item_state(&self, name: &str) -> Option<QuestionnaireItemState> {
questionnaire/state.rs	213	public	pub fn choice_state(&self, item: &str, value: &str) -> Option<QuestionnaireChoiceState> {
questionnaire/state.rs	229	public	pub fn choice_position(&self, item: &str, value: &str) -> Option<(usize, usize)> {
questionnaire/state.rs	245	public	pub fn navigation_state(&self) -> QuestionnaireNavigationState {
questionnaire/state.rs	262	public	pub fn answer(&self, name: &str) -> Option<QuestionnaireAnswer> {
questionnaire/state.rs	267	public	pub fn answers(&self) -> QuestionnaireAnswers {
questionnaire/state.rs	277	public	pub fn error(&self, name: &str) -> Option<&QuestionnaireValidationError> {
questionnaire/state.rs	281	public	pub fn is_complete(&self) -> bool {
questionnaire/state.rs	285	public	pub fn input_state(&self, name: &str) -> Option<Entity<InputState>> {
questionnaire/state.rs	291	public	pub fn focus_handle(&self) -> &FocusHandle {
questionnaire/state.rs	295	public	pub fn item_focus_handle(&self, name: &str) -> Option<&FocusHandle> {
questionnaire/state.rs	300	public	pub fn choice_focus_handle(&self, item: &str, value: &str) -> Option<&FocusHandle> {
questionnaire/state.rs	306	public	pub fn is_current_input_focused(&self, window: &Window) -> bool {
questionnaire/state.rs	316	public	pub fn current_input_has_text(&self, cx: &App) -> bool {
questionnaire/state.rs	325	public	pub fn focused_current_choice(&self, window: &Window) -> Option<&SharedString> {
questionnaire/state.rs	334	public	pub fn shortcut_mode(&self) -> Option<QuestionnaireShortcutMode> {
questionnaire/state.rs	338	public	pub fn shortcut_for_choice(&self, item: &str, value: &str) -> Option<SharedString> {
questionnaire/state.rs	360	public	pub fn choice_for_shortcut(&self, item: &str, key: &str) -> Option<&SharedString> {
questionnaire/state.rs	369	public	pub fn activate_shortcut( &mut self, key: &str, window: &mut Window, cx: &mut Context<Self>, ) -> bool {
questionnaire/state.rs	388	public	pub fn set_current_item( &mut self, name: &str, window: &mut Window, cx: &mut Context<Self>, ) -> Result<(), QuestionnaireSchemaError> {
questionnaire/state.rs	403	public	pub fn set_answer( &mut self, item: &str, mut answer: QuestionnaireAnswer, window: &mut Window, cx: &mut Context<Self>, ) -> Result<(), QuestionnaireSchemaError> {
questionnaire/state.rs	442	public	pub fn set_input_value( &mut self, item: &str, value: impl Into<SharedString>, window: &mut Window, cx: &mut Context<Self>, ) -> Result<(), QuestionnaireSchemaError> {
questionnaire/state.rs	464	public	pub fn set_item_disabled( &mut self, name: &str, disabled: bool, window: &mut Window, cx: &mut Context<Self>, ) -> Result<(), QuestionnaireSchemaError> {
questionnaire/state.rs	502	public	pub fn set_choice_disabled( &mut self, item: &str, value: &str, disabled: bool, cx: &mut Context<Self>, ) -> Result<(), QuestionnaireSchemaError> {
questionnaire/state.rs	519	public	pub fn set_external_error( &mut self, item: &str, error: impl Into<SharedString>, cx: &mut Context<Self>, ) -> Result<(), QuestionnaireSchemaError> {
questionnaire/state.rs	532	public	pub fn clear_external_error( &mut self, item: &str, cx: &mut Context<Self>, ) -> Result<(), QuestionnaireSchemaError> {
questionnaire/state.rs	543	public	pub fn reset(&mut self, window: &mut Window, cx: &mut Context<Self>) {
questionnaire/state.rs	574	public	pub fn activate_choice( &mut self, item: &str, value: &str, cx: &mut Context<Self>, ) -> Result<(), QuestionnaireSchemaError> {
questionnaire/state.rs	611	public	pub fn confirm_current(&mut self, window: &mut Window, cx: &mut Context<Self>) -> bool {
questionnaire/state.rs	622	public	pub fn go_previous(&mut self, window: &mut Window, cx: &mut Context<Self>) -> bool {
questionnaire/state.rs	634	public	pub fn go_next(&mut self, window: &mut Window, cx: &mut Context<Self>) -> bool {
questionnaire/state.rs	654	public	pub fn skip_current(&mut self, window: &mut Window, cx: &mut Context<Self>) -> bool {
questionnaire/state.rs	673	public	pub fn submit(&mut self, window: &mut Window, cx: &mut Context<Self>) -> bool {
questionnaire/state.rs	698	public	pub fn focus_current_item(&self, window: &mut Window, cx: &mut App) -> bool {
questionnaire/state.rs	704	public	pub fn focus_invalid_item(&self, item: &str, window: &mut Window, cx: &mut App) -> bool {
questionnaire/state.rs	744	public	pub fn focus_choice(&self, item: &str, value: &str, window: &mut Window, cx: &mut App) -> bool {
questionnaire/state.rs	755	public	pub fn focus_input(&self, item: &str, window: &mut Window, cx: &mut App) -> bool {
questionnaire/state.rs	766	public	pub fn focus_previous_answer(&mut self, window: &mut Window, cx: &mut Context<Self>) -> bool {
questionnaire/state.rs	770	public	pub fn focus_next_answer(&mut self, window: &mut Window, cx: &mut Context<Self>) -> bool {
questionnaire/state.rs	774	public	pub fn move_current_radio( &mut self, direction: isize, window: &mut Window, cx: &mut Context<Self>, ) -> bool {
questionnaire/state.rs	1160	impl	impl EventEmitter<QuestionnaireEvent> for QuestionnaireState {}
questionnaire/types.rs	8	public	pub type QuestionnaireValidator = Rc<dyn Fn(&QuestionnaireValidationContext) -> Result<(), SharedString> + 'static>;
questionnaire/types.rs	13	public	pub struct QuestionnaireChoiceDefinition {
questionnaire/types.rs	21	impl	impl QuestionnaireChoiceDefinition {
questionnaire/types.rs	22	public	pub fn new( value: impl Into<SharedString>, accessibility_label: impl Into<SharedString>, ) -> Self {
questionnaire/types.rs	35	public	pub fn with_description(mut self, description: impl Into<SharedString>) -> Self {
questionnaire/types.rs	40	public	pub fn with_disabled(mut self, disabled: bool) -> Self {
questionnaire/types.rs	45	public	pub fn with_default_selected(mut self, selected: bool) -> Self {
questionnaire/types.rs	50	public	pub fn value(&self) -> &SharedString {
questionnaire/types.rs	54	public	pub fn accessibility_label(&self) -> &SharedString {
questionnaire/types.rs	58	public	pub fn description(&self) -> Option<&SharedString> {
questionnaire/types.rs	62	public	pub fn is_disabled(&self) -> bool {
questionnaire/types.rs	66	public	pub fn is_default_selected(&self) -> bool {
questionnaire/types.rs	73	public	pub struct QuestionnaireInputDefinition {
questionnaire/types.rs	79	impl	impl QuestionnaireInputDefinition {
questionnaire/types.rs	80	public	pub fn new(state: Entity<InputState>, accessibility_label: impl Into<SharedString>) -> Self {
questionnaire/types.rs	88	public	pub fn with_disabled(mut self, disabled: bool) -> Self {
questionnaire/types.rs	93	public	pub fn state(&self) -> &Entity<InputState> {
questionnaire/types.rs	97	public	pub fn accessibility_label(&self) -> &SharedString {
questionnaire/types.rs	101	public	pub fn is_disabled(&self) -> bool {
questionnaire/types.rs	108	public	pub struct QuestionnaireItemDefinition {
questionnaire/types.rs	120	impl	impl fmt::Debug for QuestionnaireItemDefinition {
questionnaire/types.rs	137	impl	impl QuestionnaireItemDefinition {
questionnaire/types.rs	138	public	pub fn new( name: impl Into<SharedString>, accessibility_label: impl Into<SharedString>, ) -> Self {
questionnaire/types.rs	155	public	pub fn with_description(mut self, description: impl Into<SharedString>) -> Self {
questionnaire/types.rs	160	public	pub fn with_required(mut self, required: bool) -> Self {
questionnaire/types.rs	165	public	pub fn with_multiple(mut self, multiple: bool) -> Self {
questionnaire/types.rs	170	public	pub fn with_disabled(mut self, disabled: bool) -> Self {
questionnaire/types.rs	175	public	pub fn with_choices( mut self, choices: impl IntoIterator<Item = QuestionnaireChoiceDefinition>, ) -> Self {
questionnaire/types.rs	183	public	pub fn with_choice(mut self, choice: QuestionnaireChoiceDefinition) -> Self {
questionnaire/types.rs	188	public	pub fn with_input(mut self, input: QuestionnaireInputDefinition) -> Self {
questionnaire/types.rs	193	public	pub fn with_validator( mut self, validator: impl Fn(&QuestionnaireValidationContext) -> Result<(), SharedString> + 'static, ) -> Self {
questionnaire/types.rs	201	public	pub fn name(&self) -> &SharedString {
questionnaire/types.rs	205	public	pub fn accessibility_label(&self) -> &SharedString {
questionnaire/types.rs	209	public	pub fn description(&self) -> Option<&SharedString> {
questionnaire/types.rs	213	public	pub fn is_required(&self) -> bool {
questionnaire/types.rs	217	public	pub fn is_multiple(&self) -> bool {
questionnaire/types.rs	221	public	pub fn is_disabled(&self) -> bool {
questionnaire/types.rs	225	public	pub fn choices(&self) -> &[QuestionnaireChoiceDefinition] {
questionnaire/types.rs	229	public	pub fn input(&self) -> Option<&QuestionnaireInputDefinition> {
questionnaire/types.rs	233	public	pub fn validator(&self) -> Option<&QuestionnaireValidator> {
questionnaire/types.rs	239	public	pub enum QuestionnaireItemStatus {
questionnaire/types.rs	247	public	pub enum QuestionnaireShortcutMode {
questionnaire/types.rs	254	public	pub struct QuestionnaireAnswer {
questionnaire/types.rs	259	impl	impl QuestionnaireAnswer {
questionnaire/types.rs	260	public	pub fn new() -> Self {
questionnaire/types.rs	264	public	pub fn with_choices( mut self, choices: impl IntoIterator<Item = impl Into<SharedString>>, ) -> Self {
questionnaire/types.rs	277	public	pub fn with_freeform(mut self, value: impl Into<SharedString>) -> Self {
questionnaire/types.rs	283	public	pub fn choices(&self) -> &[SharedString] {
questionnaire/types.rs	287	public	pub fn freeform(&self) -> Option<&SharedString> {
questionnaire/types.rs	291	public	pub fn is_empty(&self) -> bool {
questionnaire/types.rs	297	public	pub struct QuestionnaireAnswers {
questionnaire/types.rs	301	impl	impl QuestionnaireAnswers {
questionnaire/types.rs	306	public	pub fn get(&self, name: &str) -> Option<&QuestionnaireAnswer> {
questionnaire/types.rs	312	public	pub fn iter(&self) -> impl Iterator<Item = (&SharedString, &QuestionnaireAnswer)> {
questionnaire/types.rs	316	public	pub fn len(&self) -> usize {
questionnaire/types.rs	320	public	pub fn is_empty(&self) -> bool {
questionnaire/types.rs	326	public	pub struct QuestionnaireProgressState {
questionnaire/types.rs	331	impl	impl QuestionnaireProgressState {
questionnaire/types.rs	336	public	pub fn current(&self) -> usize {
questionnaire/types.rs	340	public	pub fn total(&self) -> usize {
questionnaire/types.rs	346	public	pub struct QuestionnaireItemState {
questionnaire/types.rs	356	impl	impl QuestionnaireItemState {
questionnaire/types.rs	377	public	pub fn name(&self) -> &SharedString {
questionnaire/types.rs	381	public	pub fn status(&self) -> QuestionnaireItemStatus {
questionnaire/types.rs	385	public	pub fn is_required(&self) -> bool {
questionnaire/types.rs	389	public	pub fn is_multiple(&self) -> bool {
questionnaire/types.rs	393	public	pub fn is_disabled(&self) -> bool {
questionnaire/types.rs	397	public	pub fn is_invalid(&self) -> bool {
questionnaire/types.rs	401	public	pub fn has_input(&self) -> bool {
questionnaire/types.rs	407	public	pub struct QuestionnaireChoiceState {
questionnaire/types.rs	415	impl	impl QuestionnaireChoiceState {
questionnaire/types.rs	432	public	pub fn value(&self) -> &SharedString {
questionnaire/types.rs	436	public	pub fn is_selected(&self) -> bool {
questionnaire/types.rs	440	public	pub fn is_disabled(&self) -> bool {
questionnaire/types.rs	444	public	pub fn is_invalid(&self) -> bool {
questionnaire/types.rs	448	public	pub fn shortcut(&self) -> Option<&SharedString> {
questionnaire/types.rs	454	public	pub struct QuestionnaireNavigationState {
questionnaire/types.rs	462	impl	impl QuestionnaireNavigationState {
questionnaire/types.rs	479	public	pub fn is_previous_visible(&self) -> bool {
questionnaire/types.rs	483	public	pub fn is_next_visible(&self) -> bool {
questionnaire/types.rs	487	public	pub fn is_skip_visible(&self) -> bool {
questionnaire/types.rs	491	public	pub fn is_submit_visible(&self) -> bool {
questionnaire/types.rs	495	public	pub fn is_confirmable(&self) -> bool {
questionnaire/types.rs	502	public	pub struct QuestionnaireValidationContext {
questionnaire/types.rs	508	impl	impl QuestionnaireValidationContext {
questionnaire/types.rs	521	public	pub fn item(&self) -> &SharedString {
questionnaire/types.rs	525	public	pub fn answer(&self) -> &QuestionnaireAnswer {
questionnaire/types.rs	529	public	pub fn answers(&self) -> &QuestionnaireAnswers {
questionnaire/types.rs	535	public	pub struct QuestionnaireAnswerChange {
questionnaire/types.rs	541	impl	impl QuestionnaireAnswerChange {
questionnaire/types.rs	554	public	pub fn item(&self) -> &SharedString {
questionnaire/types.rs	558	public	pub fn answer(&self) -> &QuestionnaireAnswer {
questionnaire/types.rs	562	public	pub fn status(&self) -> QuestionnaireItemStatus {
questionnaire/types.rs	568	public	pub struct QuestionnaireSubmissionItem {
questionnaire/types.rs	574	impl	impl QuestionnaireSubmissionItem {
questionnaire/types.rs	587	public	pub fn name(&self) -> &SharedString {
questionnaire/types.rs	591	public	pub fn status(&self) -> QuestionnaireItemStatus {
questionnaire/types.rs	595	public	pub fn answer(&self) -> &QuestionnaireAnswer {
questionnaire/types.rs	601	public	pub struct QuestionnaireSubmission {
questionnaire/types.rs	605	impl	impl QuestionnaireSubmission {
questionnaire/types.rs	610	public	pub fn items(&self) -> &[QuestionnaireSubmissionItem] {
questionnaire/types.rs	614	public	pub fn answer(&self, name: &str) -> Option<&QuestionnaireAnswer> {
questionnaire/types.rs	623	public	pub enum QuestionnaireEvent {
questionnaire/types.rs	640	public	pub enum QuestionnaireValidationError {
questionnaire/types.rs	649	impl	impl QuestionnaireValidationError {
questionnaire/types.rs	651	public	pub fn message(&self) -> Option<&SharedString> {
questionnaire/types.rs	661	public	pub enum QuestionnaireSchemaError {
questionnaire/types.rs	676	impl	impl fmt::Display for QuestionnaireSchemaError {
questionnaire/types.rs	698	impl	impl Error for QuestionnaireSchemaError {}
radio.rs	21	public	pub struct Radio {
radio.rs	40	public	pub struct RadioStyles {
radio.rs	45	impl	impl RadioStyles {
radio.rs	46	public	pub fn checked(mut self, build: impl FnOnce(StateStyle) -> StateStyle) -> Self {
radio.rs	52	public	pub fn disabled(mut self, build: impl FnOnce(StateStyle) -> StateStyle) -> Self {
radio.rs	59	impl	impl Radio {
radio.rs	60	public	pub fn new(id: impl Into<ElementId>) -> Self {
radio.rs	84	public	pub fn id(mut self, id: impl Into<ElementId>) -> Self {
radio.rs	91	public	pub fn checked(mut self, checked: bool) -> Self {
radio.rs	96	public	pub fn disabled(mut self, disabled: bool) -> Self {
radio.rs	102	public	pub fn styles(mut self, build: impl FnOnce(RadioStyles) -> RadioStyles) -> Self {
radio.rs	119	public	pub fn accessibility_label(mut self, label: impl Into<SharedString>) -> Self {
radio.rs	128	public	pub fn on_change( mut self, handler: impl Fn(bool, &ClickEvent, &mut Window, &mut App) + 'static, ) -> Self {
radio.rs	140	public	pub fn track_focus(mut self, focus_handle: &FocusHandle) -> Self {
radio.rs	147	public	pub fn set_position(mut self, position: usize, size: usize) -> Self {
radio.rs	153	public	pub fn tab_index(mut self, tab_index: isize) -> Self {
radio.rs	158	public	pub fn tab_stop(mut self, tab_stop: bool) -> Self {
radio.rs	173	impl	impl Styled for Radio {
radio.rs	179	impl	impl ParentElement for Radio {
radio.rs	185	impl	impl InteractiveElement for Radio {
radio.rs	191	impl	impl StatefulInteractiveElement for Radio {}
radio.rs	193	impl	impl RenderOnce for Radio {
radio_group.rs	12	public	pub struct RadioGroup {
radio_group.rs	19	impl	impl RadioGroup {
radio_group.rs	20	public	pub fn new(id: impl Into<ElementId>) -> Self {
radio_group.rs	30	public	pub fn axis(mut self, axis: Axis) -> Self {
radio_group.rs	36	impl	impl Styled for RadioGroup {
radio_group.rs	42	impl	impl ParentElement for RadioGroup {
radio_group.rs	48	impl	impl InteractiveElement for RadioGroup {
radio_group.rs	54	impl	impl StatefulInteractiveElement for RadioGroup {}
radio_group.rs	56	impl	impl RenderOnce for RadioGroup {
reduce_motion.rs	45	impl	impl Global for SystemReduceMotion {}
reduce_motion.rs	65	public	pub fn apply_system_reduce_motion(cx: &mut App) {
resizable/mod.rs	9	public	pub use panel::*;
resizable/mod.rs	11	public	pub use resize_handle::*;
resizable/mod.rs	14	public	pub const PANEL_MIN_SIZE: Pixels = px(100.);
resizable/mod.rs	17	public	pub fn h_resizable(id: impl Into<ElementId>) -> ResizablePanelGroup {
resizable/mod.rs	22	public	pub fn v_resizable(id: impl Into<ElementId>) -> ResizablePanelGroup {
resizable/mod.rs	27	public	pub fn resizable_panel() -> ResizablePanel {
resizable/mod.rs	33	public	pub struct ResizableState {
resizable/mod.rs	42	impl	impl Default for ResizableState {
resizable/mod.rs	54	impl	impl ResizableState {
resizable/mod.rs	56	public	pub fn sizes(&self) -> &Vec<Pixels> {
resizable/mod.rs	69	public	pub fn resize_panel( &mut self, ix: usize, size: Pixels, window: &mut Window, cx: &mut Context<Self>, ) {
resizable/mod.rs	95	public	pub fn insert_panel( &mut self, size: Option<Pixels>, ix: Option<usize>, cx: &mut Context<Self>, ) {
resizable/mod.rs	221	public	pub fn remove_panel(&mut self, panel_ix: usize, cx: &mut Context<Self>) {
resizable/mod.rs	233	public	pub fn reset_panel(&mut self, panel_ix: usize, cx: &mut Context<Self>) {
resizable/mod.rs	242	public	pub fn clear(&mut self) {
resizable/mod.rs	249	public	pub fn container_size(&self) -> Pixels {
resizable/mod.rs	388	impl	impl EventEmitter<ResizablePanelEvent> for ResizableState {}
resizable/mod.rs	392	public	pub size: Option<Pixels>,
resizable/mod.rs	393	public	pub size_range: Range<Pixels>,
resizable/panel.rs	17	public	pub enum ResizablePanelEvent {
resizable/panel.rs	23	impl	impl Render for DragPanel {
resizable/panel.rs	31	public	pub struct ResizablePanelGroup {
resizable/panel.rs	41	impl	impl ResizablePanelGroup {
resizable/panel.rs	43	public	pub fn new(id: impl Into<ElementId>) -> Self {
resizable/panel.rs	59	public	pub fn with_handle_appearance(mut self, appearance: ResizeHandleRenderer) -> Self {
resizable/panel.rs	67	public	pub fn with_state(mut self, state: &Entity<ResizableState>) -> Self {
resizable/panel.rs	73	public	pub fn axis(mut self, axis: Axis) -> Self {
resizable/panel.rs	83	public	pub fn child(mut self, panel: impl Into<ResizablePanel>) -> Self {
resizable/panel.rs	89	public	pub fn children<I>(mut self, panels: impl IntoIterator<Item = I>) -> Self where I: Into<ResizablePanel>, {
resizable/panel.rs	101	public	pub fn size(mut self, size: Pixels) -> Self {
resizable/panel.rs	111	public	pub fn on_resize( mut self, on_resize: impl Fn(&Entity<ResizableState>, &mut Window, &mut App) + 'static, ) -> Self {
resizable/panel.rs	120	impl	impl<T> From<T> for ResizablePanel where T: Into<AnyElement>, {
resizable/panel.rs	129	impl	impl From<ResizablePanelGroup> for ResizablePanel {
resizable/panel.rs	135	impl	impl EventEmitter<ResizablePanelEvent> for ResizablePanelGroup {}
resizable/panel.rs	137	impl	impl RenderOnce for ResizablePanelGroup {
resizable/panel.rs	238	public	pub struct ResizablePanel {
resizable/panel.rs	252	impl	impl ResizablePanel {
resizable/panel.rs	269	public	pub fn visible(mut self, visible: bool) -> Self {
resizable/panel.rs	275	public	pub fn size(mut self, size: impl Into<Pixels>) -> Self {
resizable/panel.rs	283	public	pub fn size_range(mut self, range: impl Into<Range<Pixels>>) -> Self {
resizable/panel.rs	289	impl	impl Styled for ResizablePanel {
resizable/panel.rs	295	impl	impl ParentElement for ResizablePanel {
resizable/panel.rs	301	impl	impl RenderOnce for ResizablePanel {
resizable/panel.rs	389	impl	impl IntoElement for ResizePanelGroupElement {
resizable/panel.rs	397	impl	impl Element for ResizePanelGroupElement {
resizable/resize_handle.rs	17	public	pub fn resize_handle<T: 'static, E: 'static + Render>( id: impl Into<ElementId>, axis: Axis, ) -> ResizeHandle<T, E> {
resizable/resize_handle.rs	28	public	pub type ResizeHandleRenderer = Rc<dyn Fn(&ResizeHandleContext, &mut Window, &mut App) -> Option<AnyElement>>;
resizable/resize_handle.rs	35	public	pub struct ResizeHandleContext {
resizable/resize_handle.rs	41	impl	impl ResizeHandleContext {
resizable/resize_handle.rs	44	public	pub fn axis(&self) -> Axis {
resizable/resize_handle.rs	54	public	pub fn edge(&self) -> Option<HandleEdge> {
resizable/resize_handle.rs	59	public	pub fn is_active(&self) -> bool {
resizable/resize_handle.rs	64	public	pub fn state(&self) -> ResizeHandleState {
resizable/resize_handle.rs	76	public	pub enum ResizeHandleState {
resizable/resize_handle.rs	88	impl	impl ResizeHandleState {
resizable/resize_handle.rs	90	public	pub fn is_active(self) -> bool {
resizable/resize_handle.rs	119	public	pub enum HandleEdge {
resizable/resize_handle.rs	128	public	pub struct ResizeHandle<T: 'static, E: 'static + Render> {
resizable/resize_handle.rs	137	impl	impl<T: 'static, E: 'static + Render> ResizeHandle<T, E> {
resizable/resize_handle.rs	151	public	pub fn with_appearance(mut self, appearance: ResizeHandleRenderer) -> Self {
resizable/resize_handle.rs	156	public	pub fn on_drag( mut self, value: T, f: impl Fn(Rc<T>, &Point<Pixels>, &mut Window, &mut App) -> Entity<E> + 'static, ) -> Self {
resizable/resize_handle.rs	171	public	pub fn inside(mut self, edge: HandleEdge) -> Self {
resizable/resize_handle.rs	189	impl	impl SharedHandleState {
resizable/resize_handle.rs	203	impl	impl<T: 'static, E: 'static + Render> IntoElement for ResizeHandle<T, E> {
resizable/resize_handle.rs	210	impl	impl<T: 'static, E: 'static + Render> Element for ResizeHandle<T, E> {
root.rs	46	public	pub trait RootPlugin: Render + Sized {
root.rs	52	trait-member	fn prepare(&mut self, _window: &mut Window, _cx: &mut Context<Self>) {}
root.rs	58	trait-member	fn style(&self, _surface: &mut Stateful<Div>, _window: &mut Window, _cx: &mut App) {}
root.rs	66	trait-member	fn decorate( &self, surface: AnyElement, _root: &Root, _window: &mut Window, _cx: &mut App, ) -> impl IntoElement {
root.rs	83	impl	impl Global for PluginRegistry {}
root.rs	92	public	pub struct Root {
root.rs	98	impl	impl Root {
root.rs	101	public	pub fn register_plugin<V: RootPlugin>( cx: &mut App, build: fn(&mut Window, &mut Context<V>) -> V, ) {
root.rs	147	public	pub fn new(view: impl Into<AnyView>, window: &mut Window, cx: &mut Context<Self>) -> Self {
root.rs	165	public	pub fn view(&self) -> &AnyView {
root.rs	170	public	pub fn plugin<V: RootPlugin>(&self) -> Option<Entity<V>> {
root.rs	176	public	pub fn read<'a>(window: &'a Window, cx: &'a App) -> &'a Self {
root.rs	183	public	pub fn update<R>( window: &mut Window, cx: &mut App, f: impl FnOnce(&mut Self, &mut Window, &mut Context<Self>) -> R, ) -> R {
root.rs	275	impl	impl Styled for Root {
root.rs	280	impl	impl Render for Root {
scroll_bounce.rs	21	public	pub struct ScrollBounceMotion {
scroll_bounce.rs	26	impl	impl Default for ScrollBounceMotion {
scroll_bounce.rs	36	impl	impl ScrollBounceMotion {
scroll_bounce.rs	46	public	pub fn with_tracking(mut self, tracking: f32) -> Self {
scroll_bounce.rs	62	public	pub fn with_response(mut self, response: Duration) -> Self {
scroll_bounce.rs	68	public	pub fn tracking(&self) -> f32 {
scroll_bounce.rs	73	public	pub fn response(&self) -> Duration {
scroll_bounce.rs	95	public	pub struct ScrollBounce {
scroll_bounce.rs	104	impl	impl ScrollBounce {
scroll_bounce.rs	105	public	pub fn new<H: ScrollbarHandle + Clone>( id: impl Into<ElementId>, handle: &H, child: impl IntoElement, ) -> Self {
scroll_bounce.rs	121	public	pub fn enabled(mut self, enabled: bool) -> Self {
scroll_bounce.rs	127	public	pub fn motion(mut self, motion: ScrollBounceMotion) -> Self {
scroll_bounce.rs	135	public	pub fn on_scroll(mut self, handler: impl Fn(&mut Window, &mut App) + 'static) -> Self {
scroll_bounce.rs	162	public	pub struct ScrollBouncePrepaintState {
scroll_bounce.rs	167	impl	impl IntoElement for ScrollBounce {
scroll_bounce.rs	174	impl	impl Element for ScrollBounce {
scroll_bounce.rs	383	impl	impl Physics {
scrollable_mask.rs	76	public	pub struct ScrollableMask<H: ScrollbarHandle + Clone = ScrollHandle> {
scrollable_mask.rs	83	impl	impl<H: ScrollbarHandle + Clone> ScrollableMask<H> {
scrollable_mask.rs	86	public	pub fn new(axis: Axis, scroll_handle: &H) -> Self {
scrollable_mask.rs	99	public	pub fn id(mut self, id: impl Into<ElementId>) -> Self {
scrollable_mask.rs	106	public	pub fn debug(mut self) -> Self {
scrollable_mask.rs	112	impl	impl<H: ScrollbarHandle + Clone> IntoElement for ScrollableMask<H> {
scrollable_mask.rs	120	impl	impl<H: ScrollbarHandle + Clone> Element for ScrollableMask<H> {
scrollbar.rs	48	public	pub enum ScrollbarMode {
scrollbar.rs	58	impl	impl ScrollbarMode {
scrollbar.rs	69	public	pub trait ScrollbarHandle: 'static {
scrollbar.rs	71	trait-member	fn viewport_bounds(&self) -> Bounds<Pixels>;
scrollbar.rs	73	trait-member	fn offset(&self) -> Point<Pixels>;
scrollbar.rs	75	trait-member	fn set_offset(&self, offset: Point<Pixels>);
scrollbar.rs	77	trait-member	fn content_size(&self) -> Size<Pixels>;
scrollbar.rs	79	trait-member	fn start_drag(&self) {}
scrollbar.rs	81	trait-member	fn end_drag(&self) {}
scrollbar.rs	84	impl	impl ScrollbarHandle for ScrollHandle {
scrollbar.rs	102	impl	impl ScrollbarHandle for UniformListScrollHandle {
scrollbar.rs	121	impl	impl ScrollbarHandle for ListState {
scrollbar.rs	170	impl	impl Default for ScrollbarState {
scrollbar.rs	199	impl	impl<T: Copy + PartialEq> ScalarTransition<T> {
scrollbar.rs	243	impl	impl WidthAnimation {
scrollbar.rs	275	public	pub enum ScrollbarEntrance {
scrollbar.rs	289	public	pub struct ScrollbarMotion {
scrollbar.rs	298	impl	impl Default for ScrollbarMotion {
scrollbar.rs	311	impl	impl ScrollbarMotion {
scrollbar.rs	313	public	pub fn with_idle(mut self, idle: Duration) -> Self {
scrollbar.rs	319	public	pub fn with_enter(mut self, enter: Duration) -> Self {
scrollbar.rs	325	public	pub fn with_exit(mut self, exit: Duration) -> Self {
scrollbar.rs	331	public	pub fn with_expand(mut self, expand: Duration) -> Self {
scrollbar.rs	337	public	pub fn with_entrance(mut self, entrance: ScrollbarEntrance) -> Self {
scrollbar.rs	343	public	pub fn with_thumb_hover_entrance(mut self, entrance: ScrollbarEntrance) -> Self {
scrollbar.rs	348	public	pub fn idle(&self) -> Duration {
scrollbar.rs	352	public	pub fn enter(&self) -> Duration {
scrollbar.rs	356	public	pub fn exit(&self) -> Duration {
scrollbar.rs	360	public	pub fn expand(&self) -> Duration {
scrollbar.rs	364	public	pub fn entrance(&self) -> ScrollbarEntrance {
scrollbar.rs	368	public	pub fn thumb_hover_entrance(&self) -> ScrollbarEntrance {
scrollbar.rs	395	impl	impl VisibilityAnimation {
scrollbar.rs	508	impl	impl Deref for ScrollbarState {
scrollbar.rs	516	impl	impl ScrollbarState {
scrollbar.rs	557	impl	impl ScrollbarStateInner {
scrollbar.rs	630	public	pub enum ScrollbarAxis {
scrollbar.rs	641	public	pub struct ScrollbarTrackStyle {
scrollbar.rs	647	impl	impl ScrollbarTrackStyle {
scrollbar.rs	648	public	pub fn bg(mut self, background: Hsla) -> Self {
scrollbar.rs	653	public	pub fn border_color(mut self, border: Hsla) -> Self {
scrollbar.rs	658	public	pub fn width(mut self, width: impl Into<Pixels>) -> Self {
scrollbar.rs	664	impl	impl FluentBuilder for ScrollbarTrackStyle {}
scrollbar.rs	668	public	pub struct ScrollbarThumbStyle {
scrollbar.rs	676	impl	impl ScrollbarThumbStyle {
scrollbar.rs	677	public	pub fn bg(mut self, background: impl Into<Background>) -> Self {
scrollbar.rs	682	public	pub fn width(mut self, width: impl Into<Pixels>) -> Self {
scrollbar.rs	687	public	pub fn inset(mut self, inset: impl Into<Pixels>) -> Self {
scrollbar.rs	692	public	pub fn radius(mut self, radius: impl Into<Pixels>) -> Self {
scrollbar.rs	697	public	pub fn min_length(mut self, min_length: impl Into<Pixels>) -> Self {
scrollbar.rs	703	impl	impl FluentBuilder for ScrollbarThumbStyle {}
scrollbar.rs	707	public	pub struct ScrollbarStyles {
scrollbar.rs	716	impl	impl ScrollbarStyles {
scrollbar.rs	717	public	pub fn track(mut self, build: impl FnOnce(ScrollbarTrackStyle) -> ScrollbarTrackStyle) -> Self {
scrollbar.rs	722	public	pub fn track_hover( mut self, build: impl FnOnce(ScrollbarTrackStyle) -> ScrollbarTrackStyle, ) -> Self {
scrollbar.rs	730	public	pub fn track_active( mut self, build: impl FnOnce(ScrollbarTrackStyle) -> ScrollbarTrackStyle, ) -> Self {
scrollbar.rs	738	public	pub fn thumb(mut self, build: impl FnOnce(ScrollbarThumbStyle) -> ScrollbarThumbStyle) -> Self {
scrollbar.rs	743	public	pub fn thumb_hover( mut self, build: impl FnOnce(ScrollbarThumbStyle) -> ScrollbarThumbStyle, ) -> Self {
scrollbar.rs	751	public	pub fn thumb_active( mut self, build: impl FnOnce(ScrollbarThumbStyle) -> ScrollbarThumbStyle, ) -> Self {
scrollbar.rs	760	impl	impl FluentBuilder for ScrollbarStyles {}
scrollbar.rs	762	impl	impl From<Axis> for ScrollbarAxis {
scrollbar.rs	771	impl	impl ScrollbarAxis {
scrollbar.rs	774	public	pub fn is_vertical(&self) -> bool {
scrollbar.rs	780	public	pub fn is_horizontal(&self) -> bool {
scrollbar.rs	786	public	pub fn is_both(&self) -> bool {
scrollbar.rs	792	public	pub fn has_vertical(&self) -> bool {
scrollbar.rs	798	public	pub fn has_horizontal(&self) -> bool {
scrollbar.rs	815	public	pub struct Scrollbar {
scrollbar.rs	831	impl	impl Scrollbar {
scrollbar.rs	836	public	pub fn new<H: ScrollbarHandle + Clone>(scroll_handle: &H) -> Self {
scrollbar.rs	853	public	pub fn horizontal<H: ScrollbarHandle + Clone>(scroll_handle: &H) -> Self {
scrollbar.rs	859	public	pub fn vertical<H: ScrollbarHandle + Clone>(scroll_handle: &H) -> Self {
scrollbar.rs	866	public	pub fn id(mut self, id: impl Into<ElementId>) -> Self {
scrollbar.rs	874	public	pub fn mode(mut self, mode: ScrollbarMode) -> Self {
scrollbar.rs	882	public	pub fn scroll_size(mut self, scroll_size: Size<Pixels>) -> Self {
scrollbar.rs	893	public	pub fn viewport_bounds(mut self, bounds: Bounds<Pixels>) -> Self {
scrollbar.rs	903	public	pub fn viewport_from_layout(mut self) -> Self {
scrollbar.rs	919	public	pub fn axis(mut self, axis: impl Into<ScrollbarAxis>) -> Self {
scrollbar.rs	924	public	pub fn styles(mut self, build: impl FnOnce(ScrollbarStyles) -> ScrollbarStyles) -> Self {
scrollbar.rs	935	public	pub fn max_fps(mut self, max_fps: usize) -> Self {
scrollbar.rs	942	public	pub const fn width() -> Pixels {
scrollbar.rs	1155	impl	impl IntoElement for Scrollbar {
scrollbar.rs	1164	public	pub struct PrepaintState {
scrollbar.rs	1171	public	pub struct AxisPrepaintState {
scrollbar.rs	1201	impl	impl ThumbGeometry {
scrollbar.rs	1252	impl	impl Element for Scrollbar {
select.rs	16	public	pub fn init(cx: &mut App) {
select.rs	44	public	pub struct Select {
select.rs	60	impl	impl Select {
select.rs	61	public	pub fn new(id: impl Into<ElementId>) -> Self {
select.rs	80	public	pub fn open(mut self, open: bool) -> Self {
select.rs	86	public	pub fn disabled(mut self, disabled: bool) -> Self {
select.rs	92	public	pub fn focus_handle(mut self, focus_handle: &FocusHandle) -> Self {
select.rs	98	public	pub fn content_focus_handle(mut self, focus_handle: &FocusHandle) -> Self {
select.rs	104	public	pub fn accessibility_label(mut self, label: impl Into<SharedString>) -> Self {
select.rs	112	public	pub fn accessibility_value(mut self, value: impl Into<SharedString>) -> Self {
select.rs	118	public	pub fn on_open_change( mut self, handler: impl Fn(bool, &mut Window, &mut App) + 'static, ) -> Self {
select.rs	127	public	pub fn key_context(mut self, key_context: &'static str) -> Self {
select.rs	138	public	pub fn on_dismiss(mut self, handler: impl Fn(&mut Window, &mut App) + 'static) -> Self {
select.rs	147	public	pub fn on_confirm(mut self, handler: impl Fn(&mut Window, &mut App) + 'static) -> Self {
select.rs	153	impl	impl Styled for Select {
select.rs	159	impl	impl ParentElement for Select {
select.rs	165	impl	impl RenderOnce for Select {
selectable_text.rs	19	public	pub struct SelectableText {
selectable_text.rs	29	impl	impl SelectableText {
selectable_text.rs	31	public	pub fn new(id: impl Into<ElementId>, text: impl Into<SharedString>) -> Self {
selectable_text.rs	36	public	pub fn with_handle( id: impl Into<ElementId>, handle: TextSelectionHandle, text: impl Into<SharedString>, ) -> Self {
selectable_text.rs	57	public	pub fn document_order(mut self, order: u64) -> Self {
selectable_text.rs	63	public	pub fn text_style(mut self, style: TextStyleRefinement) -> Self {
selectable_text.rs	70	public	pub fn selection_color(mut self, color: Hsla) -> Self {
selectable_text.rs	130	impl	impl IntoElement for SelectableText {
selectable_text.rs	138	impl	impl Element for SelectableText {
sheet.rs	23	public	pub fn init(cx: &mut App) {
sheet.rs	32	public	pub struct Sheet {
sheet.rs	45	impl	impl Sheet {
sheet.rs	46	public	pub fn new(cx: &mut App) -> Self {
sheet.rs	61	public	pub fn overlay(mut self, overlay: impl IntoElement) -> Self {
sheet.rs	66	public	pub fn surface(mut self, surface: impl IntoElement) -> Self {
sheet.rs	71	public	pub fn overlay_closable(mut self, closable: bool) -> Self {
sheet.rs	77	public	pub fn overlay_interactive(mut self, interactive: bool) -> Self {
sheet.rs	82	public	pub fn on_close( mut self, handler: impl Fn(&ClickEvent, &mut Window, &mut App) + 'static, ) -> Self {
sheet.rs	91	public	pub fn focus_handle(mut self, focus: FocusHandle) -> Self {
sheet.rs	97	public	pub fn dismiss_before_y(mut self, y: Pixels) -> Self {
sheet.rs	103	public	pub fn request_close(mut self, handler: impl Fn(&mut Window, &mut App) + 'static) -> Self {
sheet.rs	109	impl	impl Styled for Sheet {
sheet.rs	115	impl	impl RenderOnce for Sheet {
slider.rs	15	public	pub enum SliderEvent {
slider.rs	29	public	pub enum SliderValue {
slider.rs	34	impl	impl std::fmt::Display for SliderValue {
slider.rs	43	impl	impl From<f32> for SliderValue {
slider.rs	49	impl	impl From<(f32, f32)> for SliderValue {
slider.rs	55	impl	impl From<Range<f32>> for SliderValue {
slider.rs	61	impl	impl Default for SliderValue {
slider.rs	67	impl	impl SliderValue {
slider.rs	69	public	pub fn clamp(self, min: f32, max: f32) -> Self {
slider.rs	80	public	pub fn is_single(&self) -> bool {
slider.rs	86	public	pub fn is_range(&self) -> bool {
slider.rs	91	public	pub fn start(&self) -> f32 {
slider.rs	99	public	pub fn end(&self) -> f32 {
slider.rs	125	public	pub enum SliderScale {
slider.rs	157	impl	impl SliderScale {
slider.rs	159	public	pub fn is_linear(&self) -> bool {
slider.rs	164	public	pub fn is_logarithmic(&self) -> bool {
slider.rs	170	public	pub struct SliderState {
slider.rs	185	impl	impl SliderState {
slider.rs	187	public	pub fn new() -> Self {
slider.rs	201	public	pub fn min(mut self, min: f32) -> Self {
slider.rs	218	public	pub fn max(mut self, max: f32) -> Self {
slider.rs	231	public	pub fn step(mut self, step: f32) -> Self {
slider.rs	237	public	pub fn scale(mut self, scale: SliderScale) -> Self {
slider.rs	254	public	pub fn default_value(mut self, value: impl Into<SliderValue>) -> Self {
slider.rs	261	public	pub fn set_value( &mut self, value: impl Into<SliderValue>, _: &mut Window, cx: &mut Context<Self>, ) {
slider.rs	273	public	pub fn value(&self) -> SliderValue {
slider.rs	278	public	pub fn min_value(&self) -> f32 {
slider.rs	283	public	pub fn max_value(&self) -> f32 {
slider.rs	288	public	pub fn step_value(&self) -> f32 {
slider.rs	343	public	pub fn update_value_by_position( &mut self, axis: Axis, position: Point<Pixels>, is_start: bool, _: &mut Window, cx: &mut Context<Self>, ) {
slider.rs	386	public	pub fn handle_release(&mut self, cx: &mut Context<Self>) {
slider.rs	398	impl	impl Render for DragThumb {
slider.rs	407	impl	impl Render for DragSlider {
slider.rs	417	public	pub struct Slider {
slider.rs	425	impl	impl Slider {
slider.rs	426	public	pub fn new(state: &Entity<SliderState>) -> Self {
slider.rs	436	public	pub fn horizontal(mut self) -> Self {
slider.rs	441	public	pub fn vertical(mut self) -> Self {
slider.rs	446	public	pub fn axis(mut self, axis: Axis) -> Self {
slider.rs	451	public	pub fn disabled(mut self, disabled: bool) -> Self {
slider.rs	457	impl	impl ParentElement for Slider {
slider.rs	463	impl	impl Styled for Slider {
slider.rs	469	impl	impl RenderOnce for Slider {
slider.rs	525	public	pub struct SliderTrack {
slider.rs	533	impl	impl SliderTrack {
slider.rs	534	public	pub fn new(state: &Entity<SliderState>) -> Self {
slider.rs	544	public	pub fn axis(mut self, axis: Axis) -> Self {
slider.rs	548	public	pub fn disabled(mut self, disabled: bool) -> Self {
slider.rs	554	impl	impl ParentElement for SliderTrack {
slider.rs	560	impl	impl Styled for SliderTrack {
slider.rs	566	impl	impl InteractiveElement for SliderTrack {
slider.rs	572	impl	impl RenderOnce for SliderTrack {
slider.rs	640	public	pub struct SliderIndicator {
slider.rs	646	impl	impl SliderIndicator {
slider.rs	647	public	pub fn new(state: &Entity<SliderState>) -> Self {
slider.rs	656	impl	impl ParentElement for SliderIndicator {
slider.rs	662	impl	impl Styled for SliderIndicator {
slider.rs	668	impl	impl InteractiveElement for SliderIndicator {
slider.rs	674	impl	impl StatefulInteractiveElement for SliderIndicator {}
slider.rs	676	impl	impl RenderOnce for SliderIndicator {
slider.rs	690	public	pub struct SliderThumb {
slider.rs	699	impl	impl SliderThumb {
slider.rs	700	public	pub fn new(state: &Entity<SliderState>) -> Self {
slider.rs	711	public	pub fn axis(mut self, axis: Axis) -> Self {
slider.rs	715	public	pub fn start(mut self, start: bool) -> Self {
slider.rs	719	public	pub fn disabled(mut self, disabled: bool) -> Self {
slider.rs	725	impl	impl ParentElement for SliderThumb {
slider.rs	731	impl	impl Styled for SliderThumb {
slider.rs	737	impl	impl InteractiveElement for SliderThumb {
slider.rs	743	impl	impl StatefulInteractiveElement for SliderThumb {}
slider.rs	745	impl	impl RenderOnce for SliderThumb {
slider.rs	779	impl	impl EventEmitter<SliderEvent> for SliderState {}
slider.rs	781	impl	impl SliderState {
slider.rs	783	public	pub fn percentage(&self) -> Range<f32> {
slider.rs	788	public	pub fn bounds(&self) -> Bounds<Pixels> {
slider.rs	793	public	pub fn set_bounds(&mut self, bounds: Bounds<Pixels>) {
state_style.rs	9	public	pub struct StateStyle {
state_style.rs	13	impl	impl StateStyle {
state_style.rs	19	impl	impl Styled for StateStyle {
state_style.rs	25	impl	impl FluentBuilder for StateStyle {}
styled.rs	7	public	pub enum RoleOverride {
styled.rs	14	impl	impl RoleOverride {
styled.rs	15	public	pub fn resolve(self, default: impl FnOnce() -> Role) -> Option<Role> {
styled.rs	23	impl	impl From<Role> for RoleOverride {
styled.rs	28	impl	impl From<Option<Role>> for RoleOverride {
styled.rs	38	public	pub fn h_flex() -> Div {
styled.rs	46	public	pub fn v_flex() -> Div {
styled.rs	50	public	pub fn box_shadow( x: impl Into<Pixels>, y: impl Into<Pixels>, blur: impl Into<Pixels>, spread: impl Into<Pixels>, color: Hsla, ) -> BoxShadow {
styled.rs	78	public	pub trait StyledExt: Styled + Sized {
styled.rs	79	trait-member	fn refine_style(mut self, style: &StyleRefinement) -> Self {
styled.rs	105	trait-member	fn h_flex(self) -> Self {
styled.rs	113	trait-member	fn v_flex(self) -> Self {
styled.rs	117	trait-member	fn paddings<L>(self, paddings: impl Into<Edges<L>>) -> Self where L: Into<DefiniteLength> + Clone + Default + std::fmt::Debug + PartialEq, {
styled.rs	128	trait-member	fn margins<L>(self, margins: impl Into<Edges<L>>) -> Self where L: Into<DefiniteLength> + Clone + Default + std::fmt::Debug + PartialEq, {
styled.rs	139	trait-member	fn debug_red(self) -> Self {
styled.rs	147	trait-member	fn debug_blue(self) -> Self {
styled.rs	155	trait-member	fn debug_yellow(self) -> Self {
styled.rs	163	trait-member	fn debug_green(self) -> Self {
styled.rs	171	trait-member	fn debug_pink(self) -> Self {
styled.rs	179	trait-member	fn debug_focused(self, focus_handle: &FocusHandle, window: &Window, cx: &App) -> Self {
styled.rs	197	trait-member	fn corner_radii(self, radius: Corners<Pixels>) -> Self {
styled.rs	205	impl	impl<E: Styled> StyledExt for E {}
styled.rs	208	public	pub fn styled_ext_reflection_methods<T: Styled + 'static>() -> Vec<gpui::inspector_reflection::FunctionReflection<T>> {
switch.rs	22	public	pub struct Switch {
switch.rs	39	public	pub struct SwitchStyles {
switch.rs	44	impl	impl SwitchStyles {
switch.rs	45	public	pub fn checked(mut self, build: impl FnOnce(StateStyle) -> StateStyle) -> Self {
switch.rs	51	public	pub fn disabled(mut self, build: impl FnOnce(StateStyle) -> StateStyle) -> Self {
switch.rs	60	public	pub struct SwitchTrack {
switch.rs	71	public	pub struct SwitchTrackStyles {
switch.rs	76	impl	impl SwitchTrackStyles {
switch.rs	77	public	pub fn checked(mut self, build: impl FnOnce(StateStyle) -> StateStyle) -> Self {
switch.rs	83	public	pub fn disabled(mut self, build: impl FnOnce(StateStyle) -> StateStyle) -> Self {
switch.rs	90	impl	impl SwitchTrack {
switch.rs	91	public	pub fn new(id: impl Into<ElementId>) -> Self {
switch.rs	102	public	pub fn checked(mut self, checked: bool) -> Self {
switch.rs	107	public	pub fn disabled(mut self, disabled: bool) -> Self {
switch.rs	112	public	pub fn styles(mut self, build: impl FnOnce(SwitchTrackStyles) -> SwitchTrackStyles) -> Self {
switch.rs	130	impl	impl Styled for SwitchTrack {
switch.rs	136	impl	impl ParentElement for SwitchTrack {
switch.rs	142	impl	impl InteractiveElement for SwitchTrack {
switch.rs	148	impl	impl StatefulInteractiveElement for SwitchTrack {}
switch.rs	150	impl	impl RenderOnce for SwitchTrack {
switch.rs	159	public	pub struct SwitchThumb {
switch.rs	170	public	pub struct SwitchThumbStyles {
switch.rs	175	impl	impl SwitchThumbStyles {
switch.rs	176	public	pub fn checked(mut self, build: impl FnOnce(StateStyle) -> StateStyle) -> Self {
switch.rs	182	public	pub fn disabled(mut self, build: impl FnOnce(StateStyle) -> StateStyle) -> Self {
switch.rs	189	impl	impl SwitchThumb {
switch.rs	190	public	pub fn new(checked: bool) -> Self {
switch.rs	201	public	pub fn disabled(mut self, disabled: bool) -> Self {
switch.rs	206	public	pub fn styles(mut self, build: impl FnOnce(SwitchThumbStyles) -> SwitchThumbStyles) -> Self {
switch.rs	224	impl	impl Styled for SwitchThumb {
switch.rs	230	impl	impl ParentElement for SwitchThumb {
switch.rs	236	impl	impl RenderOnce for SwitchThumb {
switch.rs	243	impl	impl Switch {
switch.rs	244	public	pub fn new(id: impl Into<ElementId>) -> Self {
switch.rs	263	public	pub fn checked(mut self, checked: bool) -> Self {
switch.rs	269	public	pub fn disabled(mut self, disabled: bool) -> Self {
switch.rs	275	public	pub fn styles(mut self, build: impl FnOnce(SwitchStyles) -> SwitchStyles) -> Self {
switch.rs	293	public	pub fn on_change( mut self, handler: impl Fn(bool, &ClickEvent, &mut Window, &mut App) + 'static, ) -> Self {
switch.rs	302	public	pub fn accessibility_label(mut self, label: impl Into<SharedString>) -> Self {
switch.rs	308	public	pub fn tab_index(mut self, tab_index: isize) -> Self {
switch.rs	314	public	pub fn tab_stop(mut self, tab_stop: bool) -> Self {
switch.rs	320	public	pub fn track_focus(mut self, focus_handle: &FocusHandle) -> Self {
switch.rs	335	impl	impl Styled for Switch {
switch.rs	341	impl	impl ParentElement for Switch {
switch.rs	347	impl	impl InteractiveElement for Switch {
switch.rs	353	impl	impl StatefulInteractiveElement for Switch {}
switch.rs	355	impl	impl RenderOnce for Switch {
table.rs	14	public	pub struct $name {
table.rs	20	impl	impl $name {
table.rs	22	public	pub fn new(id: impl Into<ElementId>) -> Self {
table.rs	31	impl	impl Styled for $name {
table.rs	37	impl	impl ParentElement for $name {
table.rs	43	impl	impl InteractiveElement for $name {
table.rs	54	impl	impl StatefulInteractiveElement for $name {}
table.rs	56	impl	impl RenderOnce for $name {
table.rs	69	public	pub struct Table {
table.rs	78	impl	impl Table {
table.rs	80	public	pub fn new(id: impl Into<ElementId>) -> Self {
table.rs	94	public	pub fn row_count(mut self, count: usize) -> Self {
table.rs	101	public	pub fn column_count(mut self, count: usize) -> Self {
table.rs	107	public	pub fn accessibility_label(mut self, label: impl Into<SharedString>) -> Self {
table.rs	113	impl	impl Styled for Table {
table.rs	119	impl	impl ParentElement for Table {
table.rs	125	impl	impl InteractiveElement for Table {
table.rs	136	impl	impl StatefulInteractiveElement for Table {}
table.rs	138	impl	impl RenderOnce for Table {
table.rs	162	public	pub struct TableRow {
table.rs	169	impl	impl TableRow {
table.rs	171	public	pub fn new(id: impl Into<ElementId>, row_index: usize) -> Self {
table.rs	181	impl	impl Styled for TableRow {
table.rs	187	impl	impl ParentElement for TableRow {
table.rs	193	impl	impl InteractiveElement for TableRow {
table.rs	204	impl	impl StatefulInteractiveElement for TableRow {}
table.rs	206	impl	impl RenderOnce for TableRow {
table.rs	220	public	pub struct $name {
table.rs	227	impl	impl $name {
table.rs	229	public	pub fn new(id: impl Into<ElementId>, column_index: usize) -> Self {
table.rs	239	impl	impl Styled for $name {
table.rs	245	impl	impl ParentElement for $name {
table.rs	251	impl	impl InteractiveElement for $name {
table.rs	262	impl	impl StatefulInteractiveElement for $name {}
table.rs	264	impl	impl RenderOnce for $name {
table.rs	285	public	pub struct TableCaption {
table.rs	291	impl	impl TableCaption {
table.rs	293	public	pub fn new(id: impl Into<ElementId>) -> Self {
table.rs	302	impl	impl Styled for TableCaption {
table.rs	308	impl	impl ParentElement for TableCaption {
table.rs	314	impl	impl InteractiveElement for TableCaption {
table.rs	325	impl	impl StatefulInteractiveElement for TableCaption {}
table.rs	327	impl	impl RenderOnce for TableCaption {
tabs.rs	23	public	pub struct Tab {
tabs.rs	37	impl	impl Tab {
tabs.rs	38	public	pub fn new(id: impl Into<ElementId>) -> Self {
tabs.rs	55	public	pub fn id(mut self, id: impl Into<ElementId>) -> Self {
tabs.rs	60	public	pub fn selected(mut self, selected: bool) -> Self {
tabs.rs	65	public	pub fn disabled(mut self, disabled: bool) -> Self {
tabs.rs	70	public	pub fn accessibility_label(mut self, label: impl Into<SharedString>) -> Self {
tabs.rs	77	public	pub fn set_position(mut self, position: usize, size: usize) -> Self {
tabs.rs	83	public	pub fn on_click( mut self, handler: impl Fn(&ClickEvent, &mut Window, &mut App) + 'static, ) -> Self {
tabs.rs	91	public	pub fn styles(mut self, build: impl FnOnce(TabStyles) -> TabStyles) -> Self {
tabs.rs	110	public	pub struct TabStyles {
tabs.rs	115	impl	impl TabStyles {
tabs.rs	116	public	pub fn selected(mut self, build: impl FnOnce(StateStyle) -> StateStyle) -> Self {
tabs.rs	122	public	pub fn disabled(mut self, build: impl FnOnce(StateStyle) -> StateStyle) -> Self {
tabs.rs	129	impl	impl Styled for Tab {
tabs.rs	135	impl	impl ParentElement for Tab {
tabs.rs	141	impl	impl InteractiveElement for Tab {
tabs.rs	147	impl	impl StatefulInteractiveElement for Tab {}
tabs.rs	149	impl	impl RenderOnce for Tab {
tabs.rs	191	public	pub struct Tabs {
tabs.rs	197	impl	impl Tabs {
tabs.rs	198	public	pub fn new(id: impl Into<ElementId>) -> Self {
tabs.rs	207	impl	impl Styled for Tabs {
tabs.rs	213	impl	impl ParentElement for Tabs {
tabs.rs	219	impl	impl InteractiveElement for Tabs {
tabs.rs	225	impl	impl StatefulInteractiveElement for Tabs {}
tabs.rs	227	impl	impl RenderOnce for Tabs {
text/document.rs	33	impl	impl NodeRenderOptions {
text/document.rs	40	impl	impl ParsedDocument {
text/format/html5minify/mod.rs	39	impl	impl<T> Minify for T where T: AsRef<[u8]>, {
text/format/html5minify/mod.rs	55	public	pub struct Minifier<'a, W: io::Write> {
text/format/html5minify/mod.rs	71	impl	impl<'a> Context<'a> {
text/format/html5minify/mod.rs	121	impl	impl<'a, W> Minifier<'a, W> where W: io::Write, {
text/format/html5minify/mod.rs	127	public	pub fn new(w: &'a mut W) -> Self {
text/format/html5minify/mod.rs	141	public	pub fn collapse_whitespace(&mut self, collapse: bool) -> &mut Self {
text/format/html5minify/mod.rs	150	public	pub fn omit_doctype(&mut self, omit: bool) -> &mut Self {
text/format/html5minify/mod.rs	159	public	pub fn preserve_comments(&mut self, preserve: bool) -> &mut Self {
text/format/html5minify/mod.rs	171	public	pub fn minify<R: io::Read>(&mut self, mut r: &mut R) -> io::Result<()> {
text/inline.rs	43	impl	impl InlineHighlight {
text/inline.rs	57	impl	impl From<HighlightStyle> for InlineHighlight {
text/inline.rs	300	impl	impl InlineState {
text/inline.rs	307	impl	impl Inline {
text/inline.rs	844	impl	impl IntoElement for Inline {
text/inline.rs	852	impl	impl Element for Inline {
text/inline_element.rs	8	public	pub struct InlineElement {
text/inline_element.rs	13	impl	impl InlineElement {
text/inline_element.rs	14	public	pub fn new(element: impl IntoElement) -> Self {
text/inline_element.rs	23	public	pub fn with_baseline(mut self, baseline: Pixels) -> Self {
text/inline_element.rs	33	public	pub struct InlineRenderContext {
text/inline_element.rs	40	impl	impl InlineRenderContext {
text/inline_element.rs	56	public	pub fn text_style(&self) -> &TextStyle {
text/inline_element.rs	61	public	pub fn font_size(&self) -> Pixels {
text/inline_element.rs	66	public	pub fn line_height(&self) -> Pixels {
text/inline_element.rs	71	public	pub fn rem_size(&self) -> Pixels {
text/inline_flow.rs	102	impl	impl InlineFlowFrameState {
text/inline_flow.rs	148	impl	impl FlowLayoutKey {
text/inline_flow.rs	244	impl	impl InlineFlow {
text/inline_flow.rs	302	impl	impl IntoElement for InlineFlow {
text/inline_flow.rs	310	impl	impl Element for InlineFlow {
text/inline_flow.rs	687	impl	impl From<&InlineFlowItem> for MeasureItem {
text/inline_flow.rs	727	impl	impl MeasureItem {
text/inline_object.rs	21	public	pub size: Size<Pixels>,
text/inline_object.rs	22	public	pub baseline: Pixels,
text/inline_object.rs	25	impl	impl InlineMetrics {
text/inline_object.rs	43	public	pub metrics: InlineMetrics,
text/inline_object.rs	50	impl	impl MeasuredInlineObject {
text/inline_object.rs	53	public	pub fn measure( text: &str, presentation: Option<InlineElement>, style: &TextStyle, window: &mut Window, cx: &mut App, ) -> Self {
text/inline_object.rs	107	public	pub fn fit_text(mut self, width: Option<Pixels>) -> Self {
text/inline_object.rs	166	impl	impl InlineObject {
text/inline_object.rs	167	public	pub fn link( mut self, link: Option<super::node::LinkMark>, handler: Option<Arc<super::text_view::LinkClickHandlerFn>>, ) -> Self {
text/inline_object.rs	177	public	pub fn new( id: impl Into<ElementId>, text: SharedString, accessibility_label: SharedString, object: MeasuredInlineObject, selected: Arc<Mutex<bool>>, selection_bounds: Bounds<Pixels>, line_bounds: Bounds<Pixels>, ) -> Self {
text/inline_object.rs	203	impl	impl IntoElement for InlineObject {
text/inline_object.rs	210	impl	impl Element for InlineObject {
text/markdown_ext.rs	21	public	pub use markdown::mdast as markdown_ast;
text/markdown_ext.rs	28	public	pub type MarkdownBlockParserFn = dyn for<'a> Fn(&mdast::Node, &MarkdownParseContext<'a>) -> Option<MarkdownNode> + Send + Sync;
text/markdown_ext.rs	32	public	pub type MarkdownBlockRenderFn = dyn Fn(&MarkdownNode, &mut Window, &mut App) -> AnyElement + Send + Sync;
text/markdown_ext.rs	45	public	pub trait MarkdownPlugin: Send + Sync + 'static {
text/markdown_ext.rs	49	trait-member	fn is_block(&self) -> bool {
text/markdown_ext.rs	54	trait-member	fn name(&self) -> &str;
text/markdown_ext.rs	57	trait-member	fn parse(&self, node: &mdast::Node, cx: &MarkdownParseContext<'_>) -> Option<MarkdownNode>;
text/markdown_ext.rs	60	trait-member	fn render(&self, node: &MarkdownNode, _window: &mut Window, _cx: &mut App) -> impl IntoElement {
text/markdown_ext.rs	66	trait-member	fn render_inline( &self, node: &MarkdownNode, _context: &InlineRenderContext, window: &mut Window, cx: &mut App, ) -> Option<InlineElement> {
text/markdown_ext.rs	78	public	pub struct MarkdownParseContext<'a> {
text/markdown_ext.rs	83	impl	impl<'a> MarkdownParseContext<'a> {
text/markdown_ext.rs	89	public	pub fn source(&self) -> &'a str {
text/markdown_ext.rs	95	public	pub fn offset(&self) -> usize {
text/markdown_ext.rs	100	public	pub fn node_source(&self, node: &mdast::Node) -> Option<&'a str> {
text/markdown_ext.rs	108	public	pub struct MarkdownNode {
text/markdown_ext.rs	117	impl	impl MarkdownNode {
text/markdown_ext.rs	119	public	pub fn new<T>(name: impl Into<SharedString>, data: T) -> Self where T: Any + Send + Sync + 'static, {
text/markdown_ext.rs	134	public	pub fn name(&self) -> &str {
text/markdown_ext.rs	139	public	pub fn as_text(&self) -> &str {
text/markdown_ext.rs	144	public	pub fn as_markdown(&self) -> &str {
text/markdown_ext.rs	149	public	pub fn source_range(&self) -> Option<Range<usize>> {
text/markdown_ext.rs	154	public	pub fn accessibility_name(&self) -> &str {
text/markdown_ext.rs	158	public	pub fn accessibility_label(mut self, label: impl Into<SharedString>) -> Self {
text/markdown_ext.rs	191	public	pub fn text(mut self, text: impl Into<SharedString>) -> Self {
text/markdown_ext.rs	197	public	pub fn markdown(mut self, markdown: impl Into<SharedString>) -> Self {
text/markdown_ext.rs	203	public	pub fn data<T>(&self) -> Option<&T> where T: Any + Send + Sync + 'static, {
text/markdown_ext.rs	223	impl	impl fmt::Debug for MarkdownNode {
text/markdown_ext.rs	234	impl	impl PartialEq for MarkdownNode {
text/markdown_ext.rs	246	public	pub struct MarkdownExtensions {
text/markdown_ext.rs	257	impl	impl MarkdownExtensions {
text/markdown_ext.rs	261	public	pub fn parser_revision(mut self, revision: u64) -> Self {
text/markdown_ext.rs	272	public	pub fn frontmatter(mut self) -> Self {
text/markdown_ext.rs	282	public	pub fn mdx(mut self) -> Self {
text/markdown_ext.rs	289	public	pub fn block_parser<F>(mut self, parser: F) -> Self where F: for<'a> Fn(&mdast::Node, &MarkdownParseContext<'a>) -> Option<MarkdownNode> + Send + Sync + 'static, {
text/markdown_ext.rs	301	public	pub fn block_renderer<F, E>(mut self, name: impl Into<SharedString>, renderer: F) -> Self where F: Fn(&MarkdownNode, &mut Window, &mut App) -> E + Send + Sync + 'static, E: IntoElement, {
text/markdown_ext.rs	311	public	pub fn plugin<P>(self, plugin: P) -> Self where P: MarkdownPlugin, {
text/mod.rs	21	public	pub use inline_element::*;
text/mod.rs	22	public	pub use markdown_ext::*;
text/mod.rs	23	public	pub use node::{CodeBlock, TableData};
text/mod.rs	24	public	pub use range_highlight::{RangeHighlight, RangeHighlightError, RenderedText};
text/mod.rs	25	public	pub use state::*;
text/mod.rs	26	public	pub use stream_fade::TextViewMotion;
text/mod.rs	27	public	pub use style::*;
text/mod.rs	28	public	pub use text_view::*;
text/mod.rs	36	public	pub fn markdown(source: impl Into<SharedString>) -> TextView {
text/mod.rs	43	public	pub fn html(source: impl Into<SharedString>) -> TextView {
text/mod.rs	49	public	pub enum Text {
text/mod.rs	54	impl	impl From<SharedString> for Text {
text/mod.rs	60	impl	impl From<&str> for Text {
text/mod.rs	66	impl	impl From<String> for Text {
text/mod.rs	72	impl	impl From<TextView> for Text {
text/mod.rs	78	impl	impl Text {
text/mod.rs	82	public	pub fn style(self, style: TextViewStyle) -> Self {
text/mod.rs	91	public	pub fn get_text(&self, cx: &App) -> SharedString {
text/mod.rs	105	impl	impl RenderOnce for Text {
text/node.rs	106	impl	impl BlockNode {
text/node.rs	399	public	pub struct LinkMark {
text/node.rs	400	public	pub url: SharedString,
text/node.rs	402	public	pub identifier: Option<SharedString>,
text/node.rs	403	public	pub title: Option<SharedString>,
text/node.rs	407	public	pub struct TextMark {
text/node.rs	408	public	pub bold: bool,
text/node.rs	409	public	pub italic: bool,
text/node.rs	410	public	pub strikethrough: bool,
text/node.rs	411	public	pub underline: bool,
text/node.rs	412	public	pub code: bool,
text/node.rs	416	public	pub highlight: Option<Hsla>,
text/node.rs	417	public	pub link: Option<LinkMark>,
text/node.rs	420	impl	impl TextMark {
text/node.rs	421	public	pub fn bold(mut self) -> Self {
text/node.rs	426	public	pub fn italic(mut self) -> Self {
text/node.rs	431	public	pub fn strikethrough(mut self) -> Self {
text/node.rs	436	public	pub fn underline(mut self) -> Self {
text/node.rs	441	public	pub fn code(mut self) -> Self {
text/node.rs	447	public	pub fn highlight(mut self, color: Hsla) -> Self {
text/node.rs	452	public	pub fn link(mut self, link: impl Into<LinkMark>) -> Self {
text/node.rs	457	public	pub fn merge(&mut self, other: TextMark) {
text/node.rs	474	public	pub struct Span {
text/node.rs	475	public	pub start: usize,
text/node.rs	476	public	pub end: usize,
text/node.rs	481	public	pub struct ImageNode {
text/node.rs	482	public	pub url: SharedUri,
text/node.rs	483	public	pub link: Option<LinkMark>,
text/node.rs	484	public	pub title: Option<SharedString>,
text/node.rs	485	public	pub alt: Option<SharedString>,
text/node.rs	486	public	pub width: Option<DefiniteLength>,
text/node.rs	487	public	pub height: Option<DefiniteLength>,
text/node.rs	494	impl	impl ImageNode {
text/node.rs	495	public	pub fn title(&self) -> String {
text/node.rs	517	impl	impl std::fmt::Debug for ImageNode {
text/node.rs	531	impl	impl PartialEq for ImageNode {
text/node.rs	555	impl	impl SourceRangeSelection {
text/node.rs	639	impl	impl PartialEq for InlineNode {
text/node.rs	698	impl	impl MarkdownSource {
text/node.rs	1051	impl	impl InlineNode {
text/node.rs	1120	impl	impl Clone for ParagraphRenderCache {
text/node.rs	1127	impl	impl std::fmt::Debug for ParagraphRenderCache {
text/node.rs	1151	impl	impl PartialEq for Paragraph {
text/node.rs	1159	impl	impl Paragraph {
text/node.rs	1522	impl	impl Clone for TableDataCache {
text/node.rs	1529	impl	impl PartialEq for TableDataCache {
text/node.rs	1535	impl	impl std::fmt::Debug for TableDataCache {
text/node.rs	1544	public	pub struct TableData {
text/node.rs	1546	public	pub headers: Vec<String>,
text/node.rs	1549	public	pub rows: Vec<Vec<String>>,
text/node.rs	1551	public	pub markdown: String,
text/node.rs	1558	public	pub span: Option<Range<usize>>,
text/node.rs	1561	impl	impl Table {
text/node.rs	1654	impl	impl From<mdast::AlignKind> for ColumnumnAlign {
text/node.rs	1667	public	pub children: Vec<TableCell>,
text/node.rs	1672	public	pub children: Paragraph,
text/node.rs	1673	public	pub width: Option<DefiniteLength>,
text/node.rs	1676	impl	impl Paragraph {
text/node.rs	1743	public	pub struct CodeBlock {
text/node.rs	1748	public	pub span: Option<Span>,
text/node.rs	1756	impl	impl std::fmt::Debug for CachedCodeBlockHighlights {
text/node.rs	1764	impl	impl PartialEq for CodeBlock {
text/node.rs	1770	impl	impl CodeBlock {
text/node.rs	1772	public	pub fn lang(&self) -> Option<SharedString> {
text/node.rs	1777	public	pub fn code(&self) -> SharedString {
text/node.rs	1789	public	pub fn from_code(code: impl Into<SharedString>, lang: Option<impl Into<SharedString>>) -> Self {
text/node.rs	2006	impl	impl NodeContext {
text/node.rs	2042	impl	impl PartialEq for NodeContext {
text/node.rs	2087	impl	impl Paragraph {
text/node.rs	2634	impl	impl Paragraph {
text/node.rs	2697	impl	impl BlockNode {
text/node.rs	2801	impl	impl BlockNode {
text/range_highlight.rs	52	public	pub struct RenderedText {
text/range_highlight.rs	59	impl	impl std::fmt::Debug for RenderedText {
text/range_highlight.rs	68	impl	impl RenderedText {
text/range_highlight.rs	85	public	pub fn as_str(&self) -> &str {
text/range_highlight.rs	90	public	pub fn len(&self) -> usize {
text/range_highlight.rs	95	public	pub fn is_empty(&self) -> bool {
text/range_highlight.rs	105	impl	impl PartialEq for RenderedText {
text/range_highlight.rs	111	impl	impl Eq for RenderedText {}
text/range_highlight.rs	118	public	pub struct RangeHighlight {
text/range_highlight.rs	123	impl	impl RangeHighlight {
text/range_highlight.rs	125	public	pub fn new(range: Range<usize>, background: impl Into<Hsla>) -> Self {
text/range_highlight.rs	132	public	pub fn range(&self) -> Range<usize> {
text/range_highlight.rs	136	public	pub fn background(&self) -> Hsla {
text/range_highlight.rs	145	public	pub enum RangeHighlightError {
text/range_highlight.rs	154	impl	impl std::fmt::Display for RangeHighlightError {
text/range_highlight.rs	163	impl	impl std::error::Error for RangeHighlightError {}
text/range_highlight.rs	186	impl	impl LeafSpan {
text/range_highlight.rs	207	impl	impl RenderedIndex {
text/range_highlight.rs	320	impl	impl IndexBuilder {
text/range_highlight.rs	467	impl	impl RangeHighlightFrame {
text/range_highlight.rs	549	impl	impl<'a> LeafRemap<'a> {
text/range_highlight.rs	870	impl	impl PendingReveal {
text/range_highlight.rs	961	impl	impl RevealRequest {
text/range_highlight.rs	988	impl	impl RevealAt {
text/selection.rs	31	impl	impl From<char> for CharType {
text/selection.rs	42	impl	impl CharType {
text/selection_adapter.rs	24	impl	impl VirtualBlockSelection {
text/selection_adapter.rs	83	impl	impl TextViewSelectionAdapter {
text/state.rs	74	public	pub enum SelectionFormat {
text/state.rs	97	public	pub struct TextViewState {
text/state.rs	160	impl	impl TextViewState {
text/state.rs	162	public	pub fn markdown(text: &str, cx: &mut Context<Self>) -> Self {
text/state.rs	167	public	pub fn html(text: &str, cx: &mut Context<Self>) -> Self {
text/state.rs	293	public	pub fn selectable(mut self, selectable: bool) -> Self {
text/state.rs	299	public	pub fn set_selectable(&mut self, selectable: bool, cx: &mut Context<Self>) {
text/state.rs	305	public	pub fn selection_format(mut self, selection_format: SelectionFormat) -> Self {
text/state.rs	311	public	pub fn set_selection_format( &mut self, selection_format: SelectionFormat, cx: &mut Context<Self>, ) {
text/state.rs	321	public	pub fn scrollable(mut self, scrollable: bool) -> Self {
text/state.rs	327	public	pub fn set_scrollable(&mut self, scrollable: bool, cx: &mut Context<Self>) {
text/state.rs	337	public	pub fn is_clamped(&self) -> bool {
text/state.rs	346	public	pub fn set_text(&mut self, text: &str, cx: &mut Context<Self>) {
text/state.rs	380	public	pub fn push_str(&mut self, new_text: &str, cx: &mut Context<Self>) {
text/state.rs	390	public	pub fn motion(mut self, motion: TextViewMotion) -> Self {
text/state.rs	396	public	pub fn set_motion(&mut self, motion: TextViewMotion) {
text/state.rs	420	public	pub fn selected_text(&self) -> String {
text/state.rs	434	public	pub fn selected_source_range(&self) -> Option<Range<usize>> {
text/state.rs	517	public	pub fn invalidate_inline_layout(&mut self, cx: &mut Context<Self>) {
text/state.rs	584	public	pub fn rendered_text(&self) -> RenderedText {
text/state.rs	606	public	pub fn set_range_highlights( &mut self, highlights: impl IntoIterator<Item = RangeHighlight>, cx: &mut Context<Self>, ) -> Result<(), RangeHighlightError> {
text/state.rs	642	public	pub fn reveal_range( &mut self, range: Range<usize>, cx: &mut Context<Self>, ) -> Result<(), RangeHighlightError> {
text/state.rs	665	public	pub fn clear_range_highlights(&mut self, cx: &mut Context<Self>) {
text/state.rs	764	public	pub fn bounds(&self) -> Bounds<Pixels> {
text/state.rs	769	public	pub fn list_state(&self) -> &ListState {
text/state.rs	774	public	pub fn is_selecting(&self) -> bool {
text/state.rs	779	public	pub fn focus_handle(&self) -> &FocusHandle {
text/state.rs	814	public	pub fn clear_selection(&mut self, cx: &mut Context<Self>) {
text/state.rs	828	public	pub fn select_all(&mut self, cx: &mut Context<Self>) {
text/state.rs	953	impl	impl TextViewState {
text/state.rs	997	impl	impl Render for TextViewState {
text/state.rs	1118	impl	impl UpdateFuture {
text/state.rs	1133	impl	impl Future for UpdateFuture {
text/state.rs	1176	impl	impl UpdateOptions {
text/stream_fade.rs	28	public	pub struct TextViewMotion {
text/stream_fade.rs	34	impl	impl Default for TextViewMotion {
text/stream_fade.rs	44	impl	impl TextViewMotion {
text/stream_fade.rs	46	public	pub fn with_stream_fade(mut self, duration: Duration) -> Self {
text/stream_fade.rs	54	public	pub fn with_stream_fade_stagger(mut self, stagger: Duration) -> Self {
text/stream_fade.rs	60	public	pub fn with_stream_fade_easing(mut self, easing: Easing) -> Self {
text/stream_fade.rs	65	public	pub fn stream_fade(&self) -> Duration {
text/stream_fade.rs	69	public	pub fn stream_fade_stagger(&self) -> Duration {
text/stream_fade.rs	73	public	pub fn stream_fade_easing(&self) -> &Easing {
text/stream_fade.rs	111	impl	impl From<TextLeafKey> for ElementId {
text/stream_fade.rs	120	impl	impl TextLeafKey {
text/stream_fade.rs	165	impl	impl StreamFadeFrame {
text/stream_fade.rs	199	impl	impl StreamFadeTracker {
text/stream_fade.rs	368	impl	impl<'a> Iterator for Chunks<'a> {
text/stream_fade.rs	379	impl	impl TextLeaf<'_> {
text/style.rs	14	public	pub struct TextViewStyle {
text/style.rs	31	impl	impl PartialEq for TextViewStyle {
text/style.rs	50	impl	impl Default for TextViewStyle {
text/style.rs	56	impl	impl TextViewStyle {
text/style.rs	58	public	pub fn from_theme(theme: &crate::Theme) -> Self {
text/style.rs	93	public	pub fn with_foreground(mut self, color: Hsla) -> Self {
text/style.rs	99	public	pub fn with_muted_foreground(mut self, color: Hsla) -> Self {
text/style.rs	105	public	pub fn with_link(mut self, color: Hsla) -> Self {
text/style.rs	114	public	pub fn with_selection(mut self, color: Hsla) -> Self {
text/style.rs	120	public	pub fn with_code_background(mut self, color: Hsla) -> Self {
text/style.rs	126	public	pub fn with_border(mut self, color: Hsla) -> Self {
text/style.rs	132	public	pub fn with_paragraph_gap(mut self, gap: Rems) -> Self {
text/style.rs	138	public	pub fn with_heading<F>(mut self, heading: F) -> Self where F: Fn(u8) -> StyleRefinement + Send + Sync + 'static, {
text/style.rs	147	public	pub fn with_code_block(mut self, style: StyleRefinement) -> Self {
text/style.rs	156	public	pub fn with_inline_code(mut self, style: HighlightStyle) -> Self {
text/style.rs	168	public	pub fn with_table(mut self, style: StyleRefinement) -> Self {
text/style.rs	175	public	pub fn with_table_head(mut self, style: StyleRefinement) -> Self {
text/style.rs	185	public	pub fn with_table_cell(mut self, style: StyleRefinement) -> Self {
text/style.rs	191	public	pub fn with_dark(mut self, is_dark: bool) -> Self {
text/style.rs	197	public	pub fn foreground(&self) -> Hsla {
text/style.rs	202	public	pub fn muted_foreground(&self) -> Hsla {
text/style.rs	207	public	pub fn link(&self) -> Hsla {
text/style.rs	212	public	pub fn selection(&self) -> Hsla {
text/style.rs	217	public	pub fn code_background(&self) -> Hsla {
text/style.rs	222	public	pub fn border(&self) -> Hsla {
text/style.rs	227	public	pub fn paragraph_gap(&self) -> Rems {
text/style.rs	232	public	pub fn heading(&self, level: u8) -> StyleRefinement {
text/style.rs	237	public	pub fn code_block(&self) -> &StyleRefinement {
text/style.rs	242	public	pub fn table(&self) -> &StyleRefinement {
text/style.rs	247	public	pub fn table_head(&self) -> &StyleRefinement {
text/style.rs	252	public	pub fn table_cell(&self) -> &StyleRefinement {
text/style.rs	258	public	pub fn inline_code(&self) -> HighlightStyle {
text/style.rs	263	public	pub fn is_dark(&self) -> bool {
text/text_view.rs	30	public	pub struct TextViewDefaults {
text/text_view.rs	35	impl	impl Global for TextViewDefaults {}
text/text_view.rs	37	impl	impl TextViewDefaults {
text/text_view.rs	39	public	pub fn new() -> Self {
text/text_view.rs	44	public	pub fn with_style(mut self, style: TextViewStyle) -> Self {
text/text_view.rs	50	public	pub fn with_code_block_highlighter<F>(mut self, highlighter: F) -> Self where F: Fn(&CodeBlock) -> Vec<(Range<usize>, gpui::HighlightStyle)> + Send + Sync + 'static, {
text/text_view.rs	59	public	pub fn install(self, cx: &mut App) {
text/text_view.rs	64	public	pub fn global(cx: &App) -> Self {
text/text_view.rs	69	public	pub fn has_code_block_highlighter(&self) -> bool {
text/text_view.rs	124	public	pub struct TextView {
text/text_view.rs	146	public	pub trait TextViewPlugin {
text/text_view.rs	147	trait-member	fn setup(self, text_view: TextView) -> TextView;
text/text_view.rs	150	impl	impl<P> TextViewPlugin for P where P: MarkdownPlugin, {
text/text_view.rs	162	impl	impl Styled for TextView {
text/text_view.rs	168	impl	impl TextView {
text/text_view.rs	170	public	pub fn new(state: &Entity<TextViewState>) -> Self {
text/text_view.rs	194	public	pub fn markdown(id: impl Into<ElementId>, markdown: impl Into<SharedString>) -> Self {
text/text_view.rs	218	public	pub fn html(id: impl Into<ElementId>, html: impl Into<SharedString>) -> Self {
text/text_view.rs	246	public	pub fn image_source<F>(mut self, resolver: F) -> Self where F: Fn(&gpui::SharedUri) -> gpui::ImageSource + Send + Sync + 'static, {
text/text_view.rs	255	public	pub fn style(mut self, style: TextViewStyle) -> Self {
text/text_view.rs	261	public	pub fn selectable(mut self, selectable: bool) -> Self {
text/text_view.rs	270	public	pub fn selection_format(mut self, selection_format: SelectionFormat) -> Self {
text/text_view.rs	287	public	pub fn scrollable(mut self, scrollable: bool) -> Self {
text/text_view.rs	310	public	pub fn max_lines(mut self, max_lines: usize) -> Self {
text/text_view.rs	319	public	pub fn code_block_actions<F, E>(mut self, f: F) -> Self where F: Fn(&CodeBlock, &mut Window, &mut App) -> E + Send + Sync + 'static, E: IntoElement, {
text/text_view.rs	334	public	pub fn code_block_highlighter<F>(mut self, highlighter: F) -> Self where F: Fn(&CodeBlock) -> Vec<(Range<usize>, gpui::HighlightStyle)> + Send + Sync + 'static, {
text/text_view.rs	349	public	pub fn shared_code_block_highlighter( mut self, highlighter: Arc< dyn Fn(&CodeBlock) -> Vec<(Range<usize>, gpui::HighlightStyle)> + Send + Sync, >, ) -> Self {
text/text_view.rs	363	public	pub fn table_actions<F, E>(mut self, f: F) -> Self where F: Fn(&TableData, &mut Window, &mut App) -> E + Send + Sync + 'static, E: IntoElement, {
text/text_view.rs	378	public	pub fn on_link_click<F>(mut self, handler: F) -> Self where F: Fn(&SharedString, &ClickEvent, &mut Window, &mut App) + Send + Sync + 'static, {
text/text_view.rs	394	public	pub fn on_reveal<F>(mut self, handler: F) -> Self where F: Fn(Bounds<Pixels>, &mut Window, &mut App) + 'static, {
text/text_view.rs	403	public	pub fn markdown_extensions(mut self, extensions: MarkdownExtensions) -> Self {
text/text_view.rs	410	public	pub fn motion(mut self, motion: TextViewMotion) -> Self {
text/text_view.rs	419	public	pub fn markdown_mdx(mut self) -> Self {
text/text_view.rs	430	public	pub fn markdown_block_parser<F>(mut self, parser: F) -> Self where F: for<'a> Fn( &markdown::mdast::Node, &crate::text::MarkdownParseContext<'a>, ) -> Option<MarkdownNode> + Send + Sync + 'static, {
text/text_view.rs	445	public	pub fn markdown_block_renderer<F, E>( mut self, name: impl Into<SharedString>, renderer: F, ) -> Self where F: Fn(&MarkdownNode, &mut Window, &mut App) -> E + Send + Sync + 'static, E: IntoElement, {
text/text_view.rs	459	public	pub fn plugin<P>(self, plugin: P) -> Self where P: TextViewPlugin, {
text/text_view.rs	467	impl	impl IntoElement for TextView {
text/text_view.rs	475	public	pub struct TextViewLayoutState {
text/text_view.rs	480	public	pub struct TextViewPrepaintState {
text/text_view.rs	572	impl	impl Element for TextView {
text/text_view.rs	1570	impl	impl Render for InlineImageTextViewTestRoot {
text/text_view.rs	1630	impl	impl Render for ListItemBlockRoot {
text/text_view.rs	1693	impl	impl Render for TableRoot {
text/text_view.rs	1810	impl	impl MaxLinesTestRoot {
text/text_view.rs	1820	impl	impl Render for MaxLinesTestRoot {
text/text_view.rs	1931	impl	impl Render for ClampedPageRoot {
text/text_view.rs	2006	impl	impl Render for HeadingStyleRoot {
text/text_view.rs	2082	impl	impl Render for SelectionRoot {
text/text_view.rs	2159	impl	impl Render for MarkdownRoot {
text/text_view.rs	2256	impl	impl Render for MarkdownRoot {
text/text_view.rs	2334	impl	impl Render for LineRoot {
text/text_view.rs	2385	impl	impl Render for ListRoot {
text/text_view.rs	2448	impl	impl Render for MarkdownRoot {
text/text_view.rs	2541	impl	impl Render for LinkRoot {
text/text_view.rs	2610	impl	impl Render for Root {
text/text_view.rs	2677	impl	impl Render for LinkedImageRoot {
text/text_view.rs	2783	impl	impl ClippedTallTextViewTestRoot {
text/text_view.rs	2794	impl	impl Render for ClippedTallTextViewTestRoot {
text/text_view.rs	2908	impl	impl Render for TouchRoot {
text/text_view.rs	2962	impl	impl Render for TouchRoot {
text/text_view.rs	3142	impl	impl Render for ListRoot {
text_boundary.rs	11	impl	impl From<char> for CharacterKind {
text_selection.rs	24	public	pub struct TextSelectionScopeId(u64);
text_selection.rs	26	impl	impl TextSelectionScopeId {
text_selection.rs	31	public	pub fn new() -> Self {
text_selection.rs	49	public	pub struct TextSelectionContentKey(u64);
text_selection.rs	51	impl	impl TextSelectionContentKey {
text_selection.rs	53	public	pub const fn new(value: u64) -> Self {
text_selection.rs	58	public	pub const fn value(self) -> u64 {
text_selection.rs	65	public	pub struct TextSelectionEndpoint {
text_selection.rs	71	impl	impl TextSelectionEndpoint {
text_selection.rs	88	public	pub const fn entity_id(&self) -> Option<EntityId> {
text_selection.rs	93	public	pub const fn content_point(&self) -> Point<Pixels> {
text_selection.rs	98	public	pub const fn content_key(&self) -> Option<TextSelectionContentKey> {
text_selection.rs	105	public	pub struct TextSelectionWindowPoints {
text_selection.rs	110	impl	impl TextSelectionWindowPoints {
text_selection.rs	112	public	pub const fn anchor(&self) -> Point<Pixels> {
text_selection.rs	117	public	pub const fn cursor(&self) -> Point<Pixels> {
text_selection.rs	124	public	pub struct TextSelectionSnapshot {
text_selection.rs	134	public	pub enum TextSelectionCoverage {
text_selection.rs	146	impl	impl TextSelectionSnapshot {
text_selection.rs	181	public	pub const fn anchor(&self) -> TextSelectionEndpoint {
text_selection.rs	186	public	pub const fn cursor(&self) -> TextSelectionEndpoint {
text_selection.rs	191	public	pub const fn is_selecting(&self) -> bool {
text_selection.rs	196	public	pub const fn window_points(&self) -> Option<TextSelectionWindowPoints> {
text_selection.rs	201	public	pub const fn coverage(&self) -> TextSelectionCoverage {
text_selection.rs	216	public	pub struct TextSelectionRegistration {
text_selection.rs	228	impl	impl TextSelectionRegistration {
text_selection.rs	230	public	pub fn new(hitbox: Hitbox, bounds: Bounds<Pixels>) -> Self {
text_selection.rs	250	public	pub fn with_rendered_element( mut self, participant: &TextSelectionHandle, window: &mut Window, cx: &mut App, ) -> Self {
text_selection.rs	289	public	pub fn with_scroll_offset(mut self, scroll_offset: Point<Pixels>) -> Self {
text_selection.rs	295	public	pub fn with_scope(mut self, scope: TextSelectionScopeId) -> Self {
text_selection.rs	301	public	pub fn with_document_order(mut self, document_order: u64) -> Self {
text_selection.rs	307	public	pub fn with_text_bounds(mut self, text_bounds: Vec<Bounds<Pixels>>) -> Self {
text_selection.rs	315	public	pub fn with_selection_edges(mut self, start: Bounds<Pixels>, end: Bounds<Pixels>) -> Self {
text_selection.rs	321	public	pub fn hitbox(&self) -> &Hitbox {
text_selection.rs	326	public	pub const fn bounds(&self) -> Bounds<Pixels> {
text_selection.rs	331	public	pub const fn scroll_offset(&self) -> Point<Pixels> {
text_selection.rs	336	public	pub const fn scope(&self) -> TextSelectionScopeId {
text_selection.rs	341	public	pub const fn document_order(&self) -> u64 {
text_selection.rs	346	public	pub fn text_bounds(&self) -> &[Bounds<Pixels>] {
text_selection.rs	351	public	pub const fn selection_edges(&self) -> Option<(Bounds<Pixels>, Bounds<Pixels>)> {
text_selection.rs	358	public	pub struct TextSelectionRun {
text_selection.rs	369	impl	impl TextSelectionRun {
text_selection.rs	371	public	pub fn new(text: impl Into<SharedString>, layout: TextLayout, bounds: Bounds<Pixels>) -> Self {
text_selection.rs	381	public	pub const fn with_document_order(mut self, document_order: u64) -> Self {
text_selection.rs	387	public	pub const fn document_order(&self) -> u64 {
text_selection.rs	392	public	pub fn text(&self) -> &SharedString {
text_selection.rs	397	public	pub fn layout(&self) -> &TextLayout {
text_selection.rs	402	public	pub const fn bounds(&self) -> Bounds<Pixels> {
text_selection.rs	409	public	pub struct TextSelectionProjection {
text_selection.rs	416	impl	impl TextSelectionProjection {
text_selection.rs	418	public	pub fn ranges(&self) -> &[Option<Range<usize>>] {
text_selection.rs	423	public	pub const fn is_active(&self) -> bool {
text_selection.rs	603	public	pub enum TextSelectionEvent {
text_selection.rs	655	impl	impl EventEmitter<TextSelectionEvent> for SelectableTextState {}
text_selection.rs	657	impl	impl SelectableTextState {
text_selection.rs	783	public	pub struct TouchHandleLayout {
text_selection.rs	789	public	pub struct TextSelectionHandle(Entity<SelectableTextState>);
text_selection.rs	791	impl	impl TextSelectionHandle {
text_selection.rs	793	public	pub fn new(fallback_copy_text: impl Into<String>, cx: &mut App) -> Self {
text_selection.rs	798	public	pub fn entity_id(&self) -> EntityId {
text_selection.rs	803	public	pub fn snapshot(&self, cx: &App) -> Option<TextSelectionSnapshot> {
text_selection.rs	808	public	pub fn set_fallback_copy_text(&self, text: impl Into<String>, cx: &mut App) {
text_selection.rs	814	public	pub fn set_local_selection(&self, active: bool, cx: &mut App) {
text_selection.rs	820	public	pub fn has_local_selection(&self, cx: &App) -> bool {
text_selection.rs	825	public	pub fn register( &self, mut registration: TextSelectionRegistration, window: &mut Window, cx: &mut App, ) {
text_selection.rs	843	public	pub fn update_runs(&self, runs: &[TextSelectionRun], cx: &mut App) -> TextSelectionProjection {
text_selection.rs	853	public	pub fn subscribe( &self, mut callback: impl FnMut(&TextSelectionEvent, &mut App) + 'static, cx: &mut App, ) -> Subscription {
text_selection.rs	863	public	pub fn refresh_window_on_change(&self, window: &Window, cx: &mut App) -> Subscription {
text_selection.rs	876	public	pub fn focus_with(&self, callback: impl Fn(&mut Window, &mut App) + 'static, cx: &mut App) {
text_selection.rs	882	public	pub fn clear_with(&self, callback: impl Fn(&mut App) + 'static, cx: &mut App) {
text_selection.rs	887	public	pub fn copy_with(&self, callback: impl Fn(&mut App) -> String + 'static, cx: &mut App) {
text_selection.rs	895	public	pub fn prepaint_touch_handles(&self, window: &mut Window, cx: &App) -> TouchHandleLayout {
text_selection.rs	921	public	pub fn paint_touch_handles( &self, layout: &TouchHandleLayout, color: Hsla, window: &mut Window, cx: &mut App, ) {
text_selection.rs	986	public	pub fn resolve_content_key_with( &self, callback: impl Fn(Point<Pixels>, &App) -> Option<TextSelectionContentKey> + 'static, cx: &mut App, ) {
text_selection.rs	1017	impl	impl SelectionEndpoint {
text_selection.rs	1071	impl	impl TouchSelection {
text_selection.rs	1123	impl	impl WindowSelectionState {
text_selection.rs	1250	public	pub fn finish_frame(&mut self, cx: &mut App) -> Vec<ClearHandler> {
text_selection.rs	1284	public	pub fn register_participant( &mut self, selection: TextSelectionHandle, registration: TextSelectionRegistration, cx: &mut App, ) {
text_selection.rs	1341	public	pub fn end(&mut self, cx: &mut App) {
text_selection.rs	1356	public	pub fn clear(&mut self, cx: &mut App) {
text_selection.rs	1448	public	pub fn has_selection(&self, cx: &App) -> bool {
text_selection.rs	1459	public	pub fn snapshot(&self) -> Option<TextSelectionSnapshot> {
text_selection.rs	2244	impl	impl Global for SelectionStateRegistry {}
text_selection.rs	2249	impl	impl Global for PendingTextSelectionScopes {}
text_selection.rs	2254	impl	impl Global for TextSelectionScopeStacks {}
text_selection.rs	2308	public	pub struct TextSelection;
text_selection.rs	2310	impl	impl TextSelection {
text_selection.rs	2312	public	pub fn selected_text(window: &mut Window, cx: &mut App) -> String {
text_selection.rs	2322	public	pub fn has_selection(window: &mut Window, cx: &mut App) -> bool {
text_selection.rs	2327	public	pub fn clear(window: &mut Window, cx: &mut App) {
text_selection.rs	2338	public	pub fn clear_for_window(window_id: gpui::WindowId, cx: &mut App) {
text_selection.rs	2343	public	pub fn end(window: &mut Window, cx: &mut App) {
text_selection.rs	2352	public	pub fn observe_touch_selection( window: &Window, cx: &mut App, callback: impl Fn(&mut App) + 'static, ) -> Subscription {
text_selection.rs	2363	public	pub fn touch_selection(window: &Window, cx: &App) -> Option<TouchSelectionSnapshot> {
text_selection.rs	2372	public	pub fn register_touch_ui(bounds: Bounds<Pixels>, window: &Window, cx: &mut App) {
text_selection.rs	2379	public	pub fn close_edit_menu(window: &mut Window, cx: &mut App) {
text_selection.rs	2387	public	pub fn select_all(window: &mut Window, cx: &mut App) {
text_selection.rs	2395	public	pub fn begin_edge_drag( edge: SelectionEdge, finger: Point<Pixels>, window: &mut Window, cx: &mut App, ) {
text_selection.rs	2410	public	pub fn update_edge_drag(finger: Point<Pixels>, window: &mut Window, cx: &mut App) {
text_selection.rs	2418	public	pub fn end_edge_drag(window: &mut Window, cx: &mut App) {
text_selection.rs	2425	public	pub fn activate_scope(scope: TextSelectionScopeId, window: &mut Window, cx: &mut App) {
text_selection.rs	2444	public	pub struct TextSelectionLayer;
text_selection.rs	2461	impl	impl<E: Element> IntoElement for TextSelectionScopeMarker<E> {
text_selection.rs	2469	impl	impl<E: Element> Element for TextSelectionScopeMarker<E> {
text_selection.rs	2536	public	pub struct TextSelectionLayerPrepaintState(Entity<WindowSelectionState>);
text_selection.rs	2538	impl	impl IntoElement for TextSelectionLayer {
text_selection.rs	2546	impl	impl Element for TextSelectionLayer {
theme.rs	10	public	pub enum ThemeAppearance {
theme.rs	17	public	pub struct Theme {
theme.rs	18	public	pub appearance: ThemeAppearance,
theme.rs	19	public	pub tokens: SemanticThemeTokens,
theme.rs	20	public	pub scrollbar: ScrollbarTheme,
theme.rs	21	public	pub resizable: ResizableTheme,
theme.rs	22	public	pub plot: PlotTheme,
theme.rs	25	impl	impl Global for Theme {}
theme.rs	27	impl	impl Theme {
theme.rs	28	public	pub fn global(cx: &App) -> Self {
theme.rs	32	public	pub fn global_mut(cx: &mut App) -> &mut Self {
theme.rs	45	impl	impl ActiveTheme for App {
theme.rs	57	public	pub struct ScrollbarTheme {
theme.rs	63	impl	impl ScrollbarTheme {
theme.rs	64	public	pub fn new() -> Self {
theme.rs	68	public	pub fn with_mode(mut self, mode: ScrollbarMode) -> Self {
theme.rs	73	public	pub fn with_motion(mut self, motion: ScrollbarMotion) -> Self {
theme.rs	78	public	pub fn with_styles(mut self, styles: ScrollbarStyles) -> Self {
theme.rs	83	public	pub fn mode(&self) -> ScrollbarMode {
theme.rs	87	public	pub fn motion(&self) -> ScrollbarMotion {
theme.rs	91	public	pub fn styles(&self) -> &ScrollbarStyles {
theme.rs	101	public	pub struct PlotTheme {
theme.rs	105	impl	impl PlotTheme {
theme.rs	106	public	pub fn new() -> Self {
theme.rs	110	public	pub fn with_motion(mut self, motion: PlotMotion) -> Self {
theme.rs	115	public	pub fn motion(&self) -> &PlotMotion {
theme.rs	134	public	pub struct ResizableTheme {
theme.rs	135	public	pub handle: Option<gpui::Hsla>,
theme.rs	136	public	pub active_handle: Option<gpui::Hsla>,
theme_tokens.rs	11	public	pub struct SemanticThemeTokens {
theme_tokens.rs	12	public	pub colors: ColorTokens,
theme_tokens.rs	13	public	pub radius: RadiusTokens,
theme_tokens.rs	14	public	pub spacing: SpacingTokens,
theme_tokens.rs	15	public	pub typography: TypographyTokens,
theme_tokens.rs	16	public	pub shadow: ShadowTokens,
theme_tokens.rs	20	public	pub struct ColorTokens {
theme_tokens.rs	21	public	pub background: Hsla,
theme_tokens.rs	22	public	pub foreground: Hsla,
theme_tokens.rs	23	public	pub surface: Hsla,
theme_tokens.rs	24	public	pub surface_foreground: Hsla,
theme_tokens.rs	25	public	pub primary: Hsla,
theme_tokens.rs	26	public	pub primary_foreground: Hsla,
theme_tokens.rs	27	public	pub secondary: Hsla,
theme_tokens.rs	28	public	pub secondary_foreground: Hsla,
theme_tokens.rs	29	public	pub muted: Hsla,
theme_tokens.rs	30	public	pub muted_foreground: Hsla,
theme_tokens.rs	31	public	pub accent: Hsla,
theme_tokens.rs	32	public	pub accent_foreground: Hsla,
theme_tokens.rs	33	public	pub destructive: Hsla,
theme_tokens.rs	34	public	pub destructive_foreground: Hsla,
theme_tokens.rs	35	public	pub border: Hsla,
theme_tokens.rs	36	public	pub input: Hsla,
theme_tokens.rs	37	public	pub ring: Hsla,
theme_tokens.rs	44	public	pub selection: Hsla,
theme_tokens.rs	47	impl	impl Default for ColorTokens {
theme_tokens.rs	53	impl	impl ColorTokens {
theme_tokens.rs	55	public	pub fn light() -> Self {
theme_tokens.rs	79	public	pub fn dark() -> Self {
theme_tokens.rs	109	public	pub struct RadiusTokens {
theme_tokens.rs	110	public	pub none: Pixels,
theme_tokens.rs	111	public	pub sm: Pixels,
theme_tokens.rs	112	public	pub md: Pixels,
theme_tokens.rs	113	public	pub lg: Pixels,
theme_tokens.rs	114	public	pub xl: Pixels,
theme_tokens.rs	115	public	pub full: Pixels,
theme_tokens.rs	118	impl	impl Default for RadiusTokens {
theme_tokens.rs	132	public	pub struct SpacingTokens {
theme_tokens.rs	133	public	pub xxs: Pixels,
theme_tokens.rs	134	public	pub xs: Pixels,
theme_tokens.rs	135	public	pub sm: Pixels,
theme_tokens.rs	136	public	pub md: Pixels,
theme_tokens.rs	137	public	pub lg: Pixels,
theme_tokens.rs	138	public	pub xl: Pixels,
theme_tokens.rs	139	public	pub xxl: Pixels,
theme_tokens.rs	142	impl	impl Default for SpacingTokens {
theme_tokens.rs	157	public	pub struct TextStyleToken {
theme_tokens.rs	158	public	pub size: Pixels,
theme_tokens.rs	159	public	pub line_height: Pixels,
theme_tokens.rs	160	public	pub weight: FontWeight,
theme_tokens.rs	164	public	pub struct TypographyTokens {
theme_tokens.rs	165	public	pub sans: SharedString,
theme_tokens.rs	166	public	pub mono: SharedString,
theme_tokens.rs	167	public	pub xs: TextStyleToken,
theme_tokens.rs	168	public	pub sm: TextStyleToken,
theme_tokens.rs	169	public	pub md: TextStyleToken,
theme_tokens.rs	170	public	pub lg: TextStyleToken,
theme_tokens.rs	171	public	pub xl: TextStyleToken,
theme_tokens.rs	172	public	pub mono_md: TextStyleToken,
theme_tokens.rs	175	impl	impl Default for TypographyTokens {
theme_tokens.rs	191	public	pub struct ShadowTokens {
theme_tokens.rs	192	public	pub sm: Vec<BoxShadow>,
theme_tokens.rs	193	public	pub md: Vec<BoxShadow>,
theme_tokens.rs	194	public	pub lg: Vec<BoxShadow>,
theme_tokens.rs	197	impl	impl ShadowTokens {
theme_tokens.rs	198	public	pub fn elevations(color: Hsla) -> Self {
time_field.rs	35	public	pub enum TimePrecision {
time_field.rs	43	impl	impl TimePrecision {
time_field.rs	45	public	pub fn format(self, hour_cycle: HourCycle) -> &'static str {
time_field.rs	55	public	pub fn truncate(self, time: NaiveTime) -> NaiveTime {
time_field.rs	68	public	pub enum HourCycle {
time_field.rs	78	public	pub enum TimeSegment {
time_field.rs	86	impl	impl TimeSegment {
time_field.rs	99	public	pub enum TimeFieldEvent {
time_field.rs	116	impl	impl SegmentEditor {
time_field.rs	302	public	pub struct TimeFieldState {
time_field.rs	307	impl	impl TimeFieldState {
time_field.rs	308	public	pub fn new(_: &mut Window, cx: &mut Context<Self>) -> Self {
time_field.rs	316	public	pub fn precision(mut self, precision: TimePrecision) -> Self {
time_field.rs	321	public	pub fn set_precision( &mut self, precision: TimePrecision, _: &mut Window, cx: &mut Context<Self>, ) {
time_field.rs	334	public	pub fn hour_cycle(mut self, hour_cycle: HourCycle) -> Self {
time_field.rs	339	public	pub fn set_hour_cycle( &mut self, hour_cycle: HourCycle, _: &mut Window, cx: &mut Context<Self>, ) {
time_field.rs	351	public	pub fn time(&self) -> NaiveTime {
time_field.rs	356	public	pub fn set_time(&mut self, time: NaiveTime, _: &mut Window, cx: &mut Context<Self>) {
time_field.rs	363	public	pub fn selected_segment(&self) -> TimeSegment {
time_field.rs	367	public	pub fn focus(&self, window: &mut Window, cx: &mut App) {
time_field.rs	442	impl	impl Focusable for TimeFieldState {
time_field.rs	447	impl	impl EventEmitter<TimeFieldEvent> for TimeFieldState {}
time_field.rs	448	impl	impl Render for TimeFieldState {
time_field.rs	456	public	pub struct TimeFieldSegmentState {
time_field.rs	463	impl	impl TimeFieldSegmentState {
time_field.rs	464	public	pub fn segment(&self) -> TimeSegment {
time_field.rs	470	public	pub fn value(&self) -> u32 {
time_field.rs	476	public	pub fn is_selected(&self) -> bool {
time_field.rs	480	public	pub fn is_disabled(&self) -> bool {
time_field.rs	490	public	pub struct TimeFieldSegment {
time_field.rs	496	impl	impl TimeFieldSegment {
time_field.rs	498	public	pub fn clear_children(mut self) -> Self {
time_field.rs	504	impl	impl ParentElement for TimeFieldSegment {
time_field.rs	509	impl	impl Styled for TimeFieldSegment {
time_field.rs	514	impl	impl InteractiveElement for TimeFieldSegment {
time_field.rs	519	impl	impl StatefulInteractiveElement for TimeFieldSegment {}
time_field.rs	520	impl	impl RenderOnce for TimeFieldSegment {
time_field.rs	533	public	pub struct TimeField {
time_field.rs	541	impl	impl TimeField {
time_field.rs	542	public	pub fn new(id: impl Into<ElementId>, state: &Entity<TimeFieldState>) -> Self {
time_field.rs	552	public	pub fn disabled(mut self, disabled: bool) -> Self {
time_field.rs	559	public	pub fn render_segment( mut self, render: impl Fn(TimeFieldSegment, TimeFieldSegmentState, &mut Window, &mut App) -> AnyElement + 'static, ) -> Self {
time_field.rs	569	impl	impl Styled for TimeField {
time_field.rs	575	impl	impl RenderOnce for TimeField {
toast.rs	22	public	pub struct ToastMotion {
toast.rs	31	public	pub duration: Duration,
toast.rs	33	public	pub exit_duration: Duration,
toast.rs	35	public	pub collapsed_peek: Pixels,
toast.rs	37	public	pub expanded_gap: Pixels,
toast.rs	39	public	pub collapsed_scale_step: f32,
toast.rs	41	public	pub collapsed_visible: usize,
toast.rs	44	impl	impl ToastMotion {
toast.rs	46	public	pub fn sonner() -> Self {
toast.rs	58	impl	impl Default for ToastMotion {
toast.rs	66	public	pub struct ToastStackState {
toast.rs	73	impl	impl ToastStackState {
toast.rs	75	public	pub fn is_expanded(&self) -> bool {
toast.rs	82	public	pub struct ToastOptions {
toast.rs	84	public	pub timeout: Option<Duration>,
toast.rs	99	public	pub struct ToastAdvance<I, T> {
toast.rs	101	public	pub changed: bool,
toast.rs	103	public	pub presented: Vec<I>,
toast.rs	105	public	pub ending: Vec<I>,
toast.rs	107	public	pub removed: Vec<(I, T)>,
toast.rs	112	public	pub struct ToastManager<I, T> {
toast.rs	118	impl	impl<I, T> ToastManager<I, T> {
toast.rs	120	public	pub fn new(motion: ToastMotion) -> Self {
toast.rs	129	public	pub fn len(&self) -> usize {
toast.rs	134	public	pub fn is_empty(&self) -> bool {
toast.rs	139	public	pub fn iter(&self) -> impl DoubleEndedIterator<Item = (&I, &T, ToastTransitionStatus)> {
toast.rs	146	public	pub fn visible(&self, limit: usize) -> impl Iterator<Item = (&I, &T, ToastTransitionStatus)> {
toast.rs	167	public	pub fn get(&self, id: &I) -> Option<&T> where I: Eq, {
toast.rs	177	impl	impl<I: Clone + Eq, T> ToastManager<I, T> {
toast.rs	179	public	pub fn push(&mut self, id: I, value: T, options: ToastOptions, now: Instant) -> Option<T> {
toast.rs	198	public	pub fn dismiss(&mut self, id: &I, now: Instant) -> bool {
toast.rs	212	public	pub fn dismiss_all(&mut self, now: Instant) -> Vec<I> {
toast.rs	226	public	pub fn advance(&mut self, now: Instant, paused: bool) -> ToastAdvance<I, T> {
toast.rs	282	public	pub struct ToastStack {
toast.rs	293	impl	impl ToastStack {
toast.rs	295	public	pub fn new(id: impl Into<ElementId>, state: ToastStackState) -> Self {
toast.rs	310	public	pub fn item(mut self, id: impl Into<ElementId>, child: impl IntoElement) -> Self {
toast.rs	316	public	pub fn motion(mut self, motion: ToastMotion) -> Self {
toast.rs	322	public	pub fn placement(mut self, placement: Anchor) -> Self {
toast.rs	328	public	pub fn focus_handle(mut self, focus_handle: FocusHandle) -> Self {
toast.rs	334	impl	impl Styled for ToastStack {
toast.rs	340	impl	impl ParentElement for ToastStack {
toast.rs	352	impl	impl InteractiveElement for ToastStack {
toast.rs	363	impl	impl StatefulInteractiveElement for ToastStack {}
toast.rs	414	impl	impl RenderOnce for ToastStack {
toast.rs	586	public	pub enum ToastTransitionStatus {
toast.rs	598	public	pub struct Toast {
toast.rs	605	impl	impl Toast {
toast.rs	607	public	pub fn new(id: impl Into<ElementId>) -> Self {
toast.rs	617	public	pub fn transition_status(mut self, status: ToastTransitionStatus) -> Self {
toast.rs	623	public	pub fn status(&self) -> ToastTransitionStatus {
toast.rs	628	impl	impl Styled for Toast {
toast.rs	634	impl	impl ParentElement for Toast {
toast.rs	640	impl	impl InteractiveElement for Toast {
toast.rs	651	impl	impl StatefulInteractiveElement for Toast {}
toast.rs	653	impl	impl RenderOnce for Toast {
toggle.rs	20	public	pub struct Toggle {
toggle.rs	37	public	pub struct ToggleStyles {
toggle.rs	42	impl	impl ToggleStyles {
toggle.rs	43	public	pub fn pressed(mut self, build: impl FnOnce(StateStyle) -> StateStyle) -> Self {
toggle.rs	49	public	pub fn disabled(mut self, build: impl FnOnce(StateStyle) -> StateStyle) -> Self {
toggle.rs	56	impl	impl Toggle {
toggle.rs	57	public	pub fn new(id: impl Into<ElementId>) -> Self {
toggle.rs	75	public	pub fn pressed(mut self, pressed: bool) -> Self {
toggle.rs	80	public	pub fn disabled(mut self, disabled: bool) -> Self {
toggle.rs	86	public	pub fn styles(mut self, build: impl FnOnce(ToggleStyles) -> ToggleStyles) -> Self {
toggle.rs	103	public	pub fn accessibility_label(mut self, label: impl Into<SharedString>) -> Self {
toggle.rs	109	public	pub fn on_change( mut self, handler: impl Fn(bool, &ClickEvent, &mut Window, &mut App) + 'static, ) -> Self {
toggle.rs	117	public	pub fn tab_index(mut self, tab_index: isize) -> Self {
toggle.rs	122	public	pub fn tab_stop(mut self, tab_stop: bool) -> Self {
toggle.rs	127	public	pub fn track_focus(mut self, focus_handle: &FocusHandle) -> Self {
toggle.rs	140	impl	impl Styled for Toggle {
toggle.rs	146	impl	impl ParentElement for Toggle {
toggle.rs	152	impl	impl InteractiveElement for Toggle {
toggle.rs	158	impl	impl StatefulInteractiveElement for Toggle {}
toggle.rs	160	impl	impl RenderOnce for Toggle {
toggle_group.rs	12	public	pub struct ToggleGroup {
toggle_group.rs	19	impl	impl ToggleGroup {
toggle_group.rs	20	public	pub fn new(id: impl Into<ElementId>) -> Self {
toggle_group.rs	30	public	pub fn axis(mut self, axis: Axis) -> Self {
toggle_group.rs	36	impl	impl Styled for ToggleGroup {
toggle_group.rs	42	impl	impl ParentElement for ToggleGroup {
toggle_group.rs	48	impl	impl InteractiveElement for ToggleGroup {
toggle_group.rs	54	impl	impl StatefulInteractiveElement for ToggleGroup {}
toggle_group.rs	56	impl	impl RenderOnce for ToggleGroup {
toolbar.rs	45	public	pub struct Toolbar {
toolbar.rs	53	impl	impl Toolbar {
toolbar.rs	54	public	pub fn new(id: impl Into<ElementId>) -> Self {
toolbar.rs	67	public	pub fn disabled(mut self, disabled: bool) -> Self {
toolbar.rs	137	impl	impl Styled for Toolbar {
toolbar.rs	143	impl	impl ParentElement for Toolbar {
toolbar.rs	149	impl	impl InteractiveElement for Toolbar {
toolbar.rs	155	impl	impl StatefulInteractiveElement for Toolbar {}
toolbar.rs	157	impl	impl RenderOnce for Toolbar {
toolbar.rs	207	public	pub struct ToolbarGroup {
toolbar.rs	214	impl	impl ToolbarGroup {
toolbar.rs	215	public	pub fn new(id: impl Into<ElementId>) -> Self {
toolbar.rs	225	public	pub fn label(mut self, label: impl Into<SharedString>) -> Self {
toolbar.rs	231	impl	impl Styled for ToolbarGroup {
toolbar.rs	237	impl	impl ParentElement for ToolbarGroup {
toolbar.rs	243	impl	impl InteractiveElement for ToolbarGroup {
toolbar.rs	249	impl	impl StatefulInteractiveElement for ToolbarGroup {}
toolbar.rs	251	impl	impl RenderOnce for ToolbarGroup {
tooltip.rs	24	public	pub struct Tooltip {
tooltip.rs	28	impl	impl Tooltip {
tooltip.rs	29	public	pub fn new(id: impl Into<ElementId>) -> Self {
tooltip.rs	36	impl	impl Styled for Tooltip {
tooltip.rs	42	impl	impl ParentElement for Tooltip {
tooltip.rs	48	impl	impl RenderOnce for Tooltip {
tooltip.rs	56	public	pub struct TooltipRequest {
tooltip.rs	62	impl	impl TooltipRequest {
tooltip.rs	63	public	pub fn new( trigger_bounds: Bounds<Pixels>, build: impl Fn(&mut Window, &mut App) -> AnyView + 'static, ) -> Self {
tooltip.rs	74	public	pub fn placement(mut self, placement: Placement) -> Self {
tooltip.rs	82	public	pub enum TooltipTransition {
tooltip.rs	97	public	pub struct TooltipOverlay {
tooltip.rs	110	impl	impl TooltipOverlay {
tooltip.rs	111	public	pub fn new() -> Self {
tooltip.rs	126	public	pub fn render_with( mut self, renderer: impl Fn(AnyView, TooltipTransition, &mut Window, &mut App) -> AnyElement + 'static, ) -> Self {
tooltip.rs	139	public	pub fn request_show( &mut self, content: TooltipRequest, window: &mut Window, cx: &mut Context<Self>, ) {
tooltip.rs	177	public	pub fn request_hide(&mut self, window: &mut Window, cx: &mut Context<Self>) {
tooltip.rs	197	public	pub fn hide(&mut self, cx: &mut Context<Self>) {
tooltip.rs	215	impl	impl Default for TooltipOverlay {
tooltip.rs	221	impl	impl Render for TooltipOverlay {
tooltip.rs	254	public	pub struct TooltipPositioner(Positioner);
tooltip.rs	256	impl	impl TooltipPositioner {
tooltip.rs	257	public	pub fn new(trigger_bounds: Bounds<Pixels>) -> Self {
tooltip.rs	261	public	pub fn placement(mut self, placement: Placement) -> Self {
tooltip.rs	267	impl	impl ParentElement for TooltipPositioner {
tooltip.rs	273	impl	impl IntoElement for TooltipPositioner {
touch_selection.rs	16	public	pub enum SelectionEdge {
touch_selection.rs	23	impl	impl SelectionEdge {
touch_selection.rs	25	public	pub const fn opposite(self) -> Self {
touch_selection.rs	41	public	pub struct TouchSelectionSnapshot {
touch_selection.rs	53	impl	impl TouchSelectionSnapshot {
touch_selection.rs	84	public	pub const fn start(&self) -> Bounds<Pixels> {
touch_selection.rs	89	public	pub const fn end(&self) -> Bounds<Pixels> {
touch_selection.rs	94	public	pub const fn edge(&self, edge: SelectionEdge) -> Bounds<Pixels> {
touch_selection.rs	103	public	pub const fn is_edge_visible(&self, edge: SelectionEdge) -> bool {
touch_selection.rs	111	public	pub fn is_empty(&self) -> bool {
touch_selection.rs	117	public	pub fn bounds(&self) -> Option<Bounds<Pixels>> {
touch_selection.rs	128	public	pub const fn is_menu_open(&self) -> bool {
touch_selection.rs	133	public	pub const fn dragging(&self) -> Option<SelectionEdge> {
touch_selection.rs	145	public	pub struct TouchHandle;
touch_selection.rs	147	impl	impl TouchHandle {
touch_selection.rs	149	public	pub const HIT_SIZE: Pixels = px(44.);
touch_selection.rs	151	public	pub const KNOB_SIZE: Pixels = px(10.);
touch_selection.rs	153	public	pub const BAR_WIDTH: Pixels = px(2.);
touch_selection.rs	155	public	pub const EXTENT: Pixels = px(12.);
touch_selection.rs	158	public	pub fn hit_bounds(edge: SelectionEdge, caret: Bounds<Pixels>) -> Bounds<Pixels> {
touch_selection.rs	170	public	pub fn paint(edge: SelectionEdge, caret: Bounds<Pixels>, color: Hsla, window: &mut Window) {
touch_selection.rs	216	impl	impl EdgeDrag {
tree.rs	20	public	pub fn init(cx: &mut App) {
tree.rs	30	public	pub const fn key_context() -> &'static str {
tree.rs	41	public	pub struct TreeItem {
tree.rs	42	public	pub id: SharedString,
tree.rs	43	public	pub label: SharedString,
tree.rs	44	public	pub children: Vec<TreeItem>,
tree.rs	50	public	pub struct TreeEntry {
tree.rs	55	impl	impl TreeEntry {
tree.rs	56	public	pub fn new(item: TreeItem, depth: usize) -> Self {
tree.rs	61	public	pub fn item(&self) -> &TreeItem {
tree.rs	66	public	pub fn depth(&self) -> usize {
tree.rs	71	public	pub fn is_root(&self) -> bool {
tree.rs	76	public	pub fn is_folder(&self) -> bool {
tree.rs	81	public	pub fn is_expanded(&self) -> bool {
tree.rs	86	public	pub fn is_disabled(&self) -> bool {
tree.rs	93	public	pub enum TreeEvent {
tree.rs	98	impl	impl TreeItem {
tree.rs	99	public	pub fn new(id: impl Into<SharedString>, label: impl Into<SharedString>) -> Self {
tree.rs	111	public	pub fn child(mut self, child: TreeItem) -> Self {
tree.rs	116	public	pub fn children(mut self, children: impl IntoIterator<Item = TreeItem>) -> Self {
tree.rs	121	public	pub fn expanded(self, expanded: bool) -> Self {
tree.rs	126	public	pub fn disabled(self, disabled: bool) -> Self {
tree.rs	132	public	pub fn is_folder(&self) -> bool {
tree.rs	136	public	pub fn is_disabled(&self) -> bool {
tree.rs	141	public	pub fn is_expanded(&self) -> bool {
tree.rs	146	public	pub fn ancestors(&self, target_id: &SharedString) -> Option<Vec<TreeItem>> {
tree.rs	171	public	pub struct TreeEntryState {
tree.rs	176	impl	impl TreeEntryState {
tree.rs	178	public	pub fn is_selected(self) -> bool {
tree.rs	183	public	pub fn is_right_clicked(self) -> bool {
tree.rs	191	public	pub struct TreeState {
tree.rs	201	impl	impl EventEmitter<TreeEvent> for TreeState {}
tree.rs	203	impl	impl TreeState {
tree.rs	204	public	pub fn new(cx: &mut App) -> Self {
tree.rs	216	public	pub fn items(mut self, items: impl Into<Vec<TreeItem>>) -> Self {
tree.rs	221	public	pub fn set_items(&mut self, items: impl Into<Vec<TreeItem>>, cx: &mut Context<Self>) {
tree.rs	228	public	pub fn selected_index(&self) -> Option<usize> {
tree.rs	232	public	pub fn set_selected_index(&mut self, ix: Option<usize>, cx: &mut Context<Self>) {
tree.rs	237	public	pub fn set_selected_item(&mut self, item: Option<&TreeItem>, cx: &mut Context<Self>) {
tree.rs	250	public	pub fn selected_item(&self) -> Option<&TreeItem> {
tree.rs	255	public	pub fn selected_entry(&self) -> Option<&TreeEntry> {
tree.rs	259	public	pub fn entry(&self, ix: usize) -> Option<&TreeEntry> {
tree.rs	263	public	pub fn scroll_handle(&self) -> &UniformListScrollHandle {
tree.rs	267	public	pub fn scroll_to_item(&mut self, ix: usize, strategy: gpui::ScrollStrategy) {
tree.rs	271	public	pub fn index_of(&self, id: &SharedString) -> Option<usize> {
tree.rs	275	public	pub fn reveal_item( &mut self, id: &SharedString, strategy: gpui::ScrollStrategy, cx: &mut Context<Self>, ) {
tree.rs	287	public	pub fn focus(&mut self, window: &mut Window, cx: &mut App) {
tree.rs	448	impl	impl Render for TreeState {
tree.rs	496	public	pub struct Tree {
tree.rs	504	impl	impl Tree {
tree.rs	505	public	pub fn new(state: &Entity<TreeState>) -> Self {
tree.rs	516	public	pub fn item<R>(mut self, render_item: R) -> Self where R: Fn(usize, &TreeEntry, TreeEntryState, &mut Window, &mut App) -> AnyElement + 'static, {
tree.rs	525	public	pub fn list_style(mut self, style: StyleRefinement) -> Self {
tree.rs	531	impl	impl Styled for Tree {
tree.rs	537	impl	impl RenderOnce for Tree {
undo_history.rs	5	public	pub struct UndoHistory<T> {
undo_history.rs	15	impl	impl<T> UndoHistory<T> {
undo_history.rs	16	public	pub fn new() -> Self {
undo_history.rs	31	public	pub fn max_undos(mut self, max_undos: usize) -> Self {
undo_history.rs	41	public	pub fn group_interval(mut self, group_interval: Duration) -> Self {
undo_history.rs	47	public	pub fn start_grouping(&mut self) {
undo_history.rs	52	public	pub fn end_grouping(&mut self) {
undo_history.rs	57	public	pub fn is_ignoring(&self) -> bool {
undo_history.rs	62	public	pub fn set_ignoring(&mut self, ignoring: bool) {
undo_history.rs	67	public	pub fn push(&mut self, item: T) {
undo_history.rs	90	public	pub fn undo(&mut self) -> Option<Vec<T>> where T: Clone, {
undo_history.rs	102	public	pub fn redo(&mut self) -> Option<Vec<T>> where T: Clone, {
undo_history.rs	118	public	pub fn can_undo(&self) -> bool {
undo_history.rs	123	public	pub fn can_redo(&self) -> bool {
undo_history.rs	128	public	pub fn clear(&mut self) {
undo_history.rs	142	impl	impl<T> Default for UndoHistory<T> {
virtual_list.rs	35	public	pub deferred_scroll_to_item: Option<DeferredScrollToItem>,
virtual_list.rs	42	public	pub struct VirtualListScrollHandle {
virtual_list.rs	47	impl	impl From<ScrollHandle> for VirtualListScrollHandle {
virtual_list.rs	55	impl	impl AsRef<ScrollHandle> for VirtualListScrollHandle {
virtual_list.rs	61	impl	impl crate::ScrollbarHandle for VirtualListScrollHandle {
virtual_list.rs	79	impl	impl Deref for VirtualListScrollHandle {
virtual_list.rs	87	impl	impl VirtualListScrollHandle {
virtual_list.rs	89	public	pub fn new() -> Self {
virtual_list.rs	102	public	pub fn base_handle(&self) -> &ScrollHandle {
virtual_list.rs	107	public	pub fn scroll_to_item(&self, ix: usize, strategy: ScrollStrategy) {
virtual_list.rs	123	public	pub fn scroll_to_bottom(&self) {
virtual_list.rs	139	public	pub fn v_virtual_list<R, V>( view: Entity<V>, id: impl Into<ElementId>, item_sizes: Rc<Vec<Size<Pixels>>>, f: impl 'static + Fn(&mut V, Range<usize>, &mut Window, &mut Context<V>) -> Vec<R>, ) -> VirtualList where R: IntoElement, V: Render, {
virtual_list.rs	160	public	pub fn h_virtual_list<R, V>( view: Entity<V>, id: impl Into<ElementId>, item_sizes: Rc<Vec<Size<Pixels>>>, f: impl 'static + Fn(&mut V, Range<usize>, &mut Window, &mut Context<V>) -> Vec<R>, ) -> VirtualList where R: IntoElement, V: Render, {
virtual_list.rs	174	public	pub fn virtual_list<R, V>( view: Entity<V>, id: impl Into<ElementId>, axis: Axis, item_sizes: Rc<Vec<Size<Pixels>>>, f: impl 'static + Fn(&mut V, Range<usize>, &mut Window, &mut Context<V>) -> Vec<R>, ) -> VirtualList where R: IntoElement, V: Render, {
virtual_list.rs	215	public	pub struct VirtualList {
virtual_list.rs	229	impl	impl Styled for VirtualList {
virtual_list.rs	235	impl	impl VirtualList {
virtual_list.rs	236	public	pub fn track_scroll(mut self, scroll_handle: &VirtualListScrollHandle) -> Self {
virtual_list.rs	243	public	pub fn with_sizing_behavior(mut self, behavior: ListSizingBehavior) -> Self {
virtual_list.rs	249	public	pub fn with_item_to_measure_index(mut self, index: usize) -> Self {
virtual_list.rs	258	public	pub fn with_scroll_handle(mut self, scroll_handle: &VirtualListScrollHandle) -> Self {
virtual_list.rs	340	public	pub struct VirtualListFrameState {
virtual_list.rs	351	public	pub struct ItemSizeLayout {
virtual_list.rs	359	impl	impl ItemSizeLayout {
virtual_list.rs	414	impl	impl IntoElement for VirtualList {
virtual_list.rs	422	impl	impl Element for VirtualList {
