source	line	kind	declaration
accordion.rs	18	public	pub struct Accordion {
accordion.rs	29	impl	impl Accordion {
accordion.rs	31	public	pub fn new(id: impl Into<ElementId>) -> Self {
accordion.rs	45	public	pub fn multiple(mut self, multiple: bool) -> Self {
accordion.rs	51	public	pub fn bordered(mut self, bordered: bool) -> Self {
accordion.rs	57	public	pub fn disabled(mut self, disabled: bool) -> Self {
accordion.rs	63	public	pub fn item<F>(mut self, child: F) -> Self where F: FnOnce(AccordionItem) -> AccordionItem, {
accordion.rs	75	public	pub fn on_toggle_click( mut self, on_toggle_click: impl Fn(&[usize], &mut Window, &mut App) + 'static, ) -> Self {
accordion.rs	84	impl	impl Sizable for Accordion {
accordion.rs	91	impl	impl Styled for Accordion {
accordion.rs	97	impl	impl RenderOnce for Accordion {
accordion.rs	160	public	pub struct AccordionItem {
accordion.rs	176	impl	impl AccordionItem {
accordion.rs	178	public	pub fn new() -> Self {
accordion.rs	197	public	pub fn icon(mut self, icon: impl Into<Icon>) -> Self {
accordion.rs	203	public	pub fn title(mut self, title: impl IntoElement) -> Self {
accordion.rs	208	public	pub fn open(mut self, open: bool) -> Self {
accordion.rs	213	public	pub fn disabled(mut self, disabled: bool) -> Self {
accordion.rs	219	public	pub fn title_style(mut self, style: StyleRefinement) -> Self {
accordion.rs	229	public	pub fn hover(mut self, f: impl FnOnce(StyleRefinement) -> StyleRefinement) -> Self {
accordion.rs	235	public	pub fn content_style(mut self, style: StyleRefinement) -> Self {
accordion.rs	259	impl	impl ParentElement for AccordionItem {
accordion.rs	265	impl	impl Sizable for AccordionItem {
accordion.rs	272	impl	impl Styled for AccordionItem {
accordion.rs	278	impl	impl RenderOnce for AccordionItem {
alert.rs	16	public	pub enum AlertVariant {
alert.rs	25	impl	impl AlertVariant {
alert.rs	59	public	pub struct Alert {
alert.rs	72	impl	impl Alert {
alert.rs	74	public	pub fn new(id: impl Into<ElementId>, message: impl Into<Text>) -> Self {
alert.rs	90	public	pub fn info(id: impl Into<ElementId>, message: impl Into<Text>) -> Self {
alert.rs	97	public	pub fn success(id: impl Into<ElementId>, message: impl Into<Text>) -> Self {
alert.rs	104	public	pub fn warning(id: impl Into<ElementId>, message: impl Into<Text>) -> Self {
alert.rs	111	public	pub fn error(id: impl Into<ElementId>, message: impl Into<Text>) -> Self {
alert.rs	118	public	pub fn with_variant(mut self, variant: AlertVariant) -> Self {
alert.rs	124	public	pub fn icon(mut self, icon: impl Into<Icon>) -> Self {
alert.rs	130	public	pub fn title(mut self, title: impl Into<SharedString>) -> Self {
alert.rs	139	public	pub fn banner(mut self) -> Self {
alert.rs	145	public	pub fn visible(mut self, visible: bool) -> Self {
alert.rs	151	public	pub fn on_close( mut self, on_close: impl Fn(&ClickEvent, &mut Window, &mut App) + 'static, ) -> Self {
alert.rs	160	impl	impl Sizable for Alert {
alert.rs	167	impl	impl Styled for Alert {
alert.rs	173	impl	impl RenderOnce for Alert {
attachment.rs	18	public	pub enum AttachmentStatus {
attachment.rs	32	impl	impl AttachmentStatus {
attachment.rs	34	public	pub fn is_pending(self) -> bool {
attachment.rs	39	public	pub fn is_uploading(self) -> bool {
attachment.rs	44	public	pub fn is_processing(self) -> bool {
attachment.rs	49	public	pub fn is_failed(self) -> bool {
attachment.rs	54	public	pub fn is_complete(self) -> bool {
attachment.rs	59	public	pub fn is_in_progress(self) -> bool {
attachment.rs	66	public	pub struct Attachment {
attachment.rs	78	impl	impl Attachment {
attachment.rs	80	public	pub fn new() -> Self {
attachment.rs	95	public	pub fn id(mut self, id: impl Into<ElementId>) -> Self {
attachment.rs	105	public	pub fn on_click( mut self, handler: impl Fn(&ClickEvent, &mut Window, &mut App) + 'static, ) -> Self {
attachment.rs	114	public	pub fn status(mut self, status: AttachmentStatus) -> Self {
attachment.rs	120	public	pub fn axis(mut self, axis: Axis) -> Self {
attachment.rs	126	public	pub fn media(mut self, media: AttachmentMedia) -> Self {
attachment.rs	132	public	pub fn content(mut self, content: AttachmentContent) -> Self {
attachment.rs	138	public	pub fn actions(mut self, actions: AttachmentActions) -> Self {
attachment.rs	144	impl	impl Default for Attachment {
attachment.rs	150	impl	impl Sizable for Attachment {
attachment.rs	157	impl	impl Styled for Attachment {
attachment.rs	163	impl	impl Attachment {
attachment.rs	184	impl	impl RenderOnce for Attachment {
attachment.rs	258	public	pub struct AttachmentMedia {
attachment.rs	267	impl	impl AttachmentMedia {
attachment.rs	269	public	pub fn new() -> Self {
attachment.rs	281	public	pub fn src(mut self, source: impl Into<ImageSource>) -> Self {
attachment.rs	287	public	pub fn overlay(mut self, overlay: impl IntoElement) -> Self {
attachment.rs	311	impl	impl Default for AttachmentMedia {
attachment.rs	317	impl	impl ParentElement for AttachmentMedia {
attachment.rs	323	impl	impl Sizable for AttachmentMedia {
attachment.rs	330	impl	impl Styled for AttachmentMedia {
attachment.rs	336	impl	impl RenderOnce for AttachmentMedia {
attachment.rs	399	public	pub struct AttachmentContent {
attachment.rs	411	impl	impl AttachmentContent {
attachment.rs	413	public	pub fn new() -> Self {
attachment.rs	422	public	pub fn title(mut self, title: AttachmentTitle) -> Self {
attachment.rs	428	public	pub fn description(mut self, description: AttachmentDescription) -> Self {
attachment.rs	457	impl	impl Default for AttachmentContent {
attachment.rs	463	impl	impl ParentElement for AttachmentContent {
attachment.rs	470	impl	impl Styled for AttachmentContent {
attachment.rs	476	impl	impl RenderOnce for AttachmentContent {
attachment.rs	496	public	pub struct AttachmentTitle {
attachment.rs	503	impl	impl AttachmentTitle {
attachment.rs	505	public	pub fn new(text: impl Into<SharedString>) -> Self {
attachment.rs	515	public	pub fn status(mut self, status: AttachmentStatus) -> Self {
attachment.rs	521	public	pub fn with_shimmer_style(mut self, style: ShimmerStyle) -> Self {
attachment.rs	527	impl	impl Styled for AttachmentTitle {
attachment.rs	533	impl	impl RenderOnce for AttachmentTitle {
attachment.rs	559	public	pub struct AttachmentDescription {
attachment.rs	565	impl	impl AttachmentDescription {
attachment.rs	567	public	pub fn new(text: impl Into<SharedString>) -> Self {
attachment.rs	576	public	pub fn status(mut self, status: AttachmentStatus) -> Self {
attachment.rs	582	impl	impl Styled for AttachmentDescription {
attachment.rs	588	impl	impl RenderOnce for AttachmentDescription {
attachment.rs	614	public	pub struct AttachmentActions {
attachment.rs	620	impl	impl AttachmentActions {
attachment.rs	622	public	pub fn new() -> Self {
attachment.rs	636	impl	impl Default for AttachmentActions {
attachment.rs	642	impl	impl ParentElement for AttachmentActions {
attachment.rs	648	impl	impl Styled for AttachmentActions {
attachment.rs	654	impl	impl RenderOnce for AttachmentActions {
attachment.rs	712	public	pub struct AttachmentGroup {
attachment.rs	718	impl	impl AttachmentGroup {
attachment.rs	720	public	pub fn new(id: impl Into<ElementId>) -> Self {
attachment.rs	729	impl	impl ParentElement for AttachmentGroup {
attachment.rs	735	impl	impl Styled for AttachmentGroup {
attachment.rs	741	impl	impl RenderOnce for AttachmentGroup {
avatar/avatar.rs	17	public	pub struct Avatar {
avatar/avatar.rs	27	impl	impl Avatar {
avatar/avatar.rs	28	public	pub fn new() -> Self {
avatar/avatar.rs	41	public	pub fn src(mut self, source: impl Into<ImageSource>) -> Self {
avatar/avatar.rs	47	public	pub fn name(mut self, name: impl Into<SharedString>) -> Self {
avatar/avatar.rs	57	public	pub fn placeholder(mut self, icon: impl Into<Icon>) -> Self {
avatar/avatar.rs	63	impl	impl Sizable for Avatar {
avatar/avatar.rs	70	impl	impl Styled for Avatar {
avatar/avatar.rs	76	impl	impl InteractiveElement for Avatar {
avatar/avatar.rs	82	impl	impl RenderOnce for Avatar {
avatar/avatar.rs	153	impl	impl IdentityColor {
avatar/avatar_group.rs	10	public	pub struct AvatarGroup {
avatar/avatar_group.rs	19	impl	impl AvatarGroup {
avatar/avatar_group.rs	21	public	pub fn new() -> Self {
avatar/avatar_group.rs	33	public	pub fn child(mut self, avatar: Avatar) -> Self {
avatar/avatar_group.rs	39	public	pub fn children(mut self, avatars: impl IntoIterator<Item = Avatar>) -> Self {
avatar/avatar_group.rs	45	public	pub fn limit(mut self, limit: usize) -> Self {
avatar/avatar_group.rs	51	public	pub fn ellipsis(mut self) -> Self {
avatar/avatar_group.rs	57	impl	impl Sizable for AvatarGroup {
avatar/avatar_group.rs	64	impl	impl Styled for AvatarGroup {
avatar/avatar_group.rs	70	impl	impl InteractiveElement for AvatarGroup {
avatar/avatar_group.rs	76	impl	impl RenderOnce for AvatarGroup {
avatar/mod.rs	4	public	pub use avatar::*;
avatar/mod.rs	5	public	pub use avatar_group::*;
avatar/mod.rs	33	impl	impl AvatarSized for Div {}
avatar/mod.rs	34	impl	impl AvatarSized for Icon {}
avatar/mod.rs	35	impl	impl AvatarSized for Img {}
badge.rs	17	impl	impl BadgeVariant {
badge.rs	31	public	pub struct Badge {
badge.rs	41	impl	impl Badge {
badge.rs	43	public	pub fn new() -> Self {
badge.rs	56	public	pub fn dot(mut self) -> Self {
badge.rs	64	public	pub fn count(mut self, count: usize) -> Self {
badge.rs	70	public	pub fn icon(mut self, icon: impl Into<Icon>) -> Self {
badge.rs	76	public	pub fn max(mut self, max: usize) -> Self {
badge.rs	82	public	pub fn color(mut self, color: impl Into<Hsla>) -> Self {
badge.rs	88	impl	impl ParentElement for Badge {
badge.rs	94	impl	impl Sizable for Badge {
badge.rs	101	impl	impl RenderOnce for Badge {
breadcrumb.rs	13	public	pub struct Breadcrumb {
breadcrumb.rs	20	public	pub struct BreadcrumbItem {
breadcrumb.rs	29	impl	impl BreadcrumbItem {
breadcrumb.rs	31	public	pub fn new(label: impl Into<SharedString>) -> Self {
breadcrumb.rs	42	public	pub fn disabled(mut self, disabled: bool) -> Self {
breadcrumb.rs	47	public	pub fn on_click( mut self, on_click: impl Fn(&ClickEvent, &mut Window, &mut App) + 'static, ) -> Self {
breadcrumb.rs	67	impl	impl Styled for BreadcrumbItem {
breadcrumb.rs	73	impl	impl From<&'static str> for BreadcrumbItem {
breadcrumb.rs	79	impl	impl From<String> for BreadcrumbItem {
breadcrumb.rs	85	impl	impl From<SharedString> for BreadcrumbItem {
breadcrumb.rs	91	impl	impl RenderOnce for BreadcrumbItem {
breadcrumb.rs	117	impl	impl Breadcrumb {
breadcrumb.rs	119	public	pub fn new() -> Self {
breadcrumb.rs	127	public	pub fn child(mut self, item: impl Into<BreadcrumbItem>) -> Self {
breadcrumb.rs	133	public	pub fn children(mut self, items: impl IntoIterator<Item = impl Into<BreadcrumbItem>>) -> Self {
breadcrumb.rs	141	impl	impl RenderOnce for BreadcrumbSeparator {
breadcrumb.rs	150	impl	impl Styled for Breadcrumb {
breadcrumb.rs	156	impl	impl RenderOnce for Breadcrumb {
bubble.rs	13	public	pub enum BubbleVariant {
bubble.rs	33	public	pub enum BubbleReactionSide {
bubble.rs	46	public	pub struct Bubble {
bubble.rs	54	impl	impl Bubble {
bubble.rs	56	public	pub fn new() -> Self {
bubble.rs	67	public	pub fn alignment(mut self, alignment: MessageAlignment) -> Self {
bubble.rs	73	public	pub fn with_variant(mut self, variant: BubbleVariant) -> Self {
bubble.rs	87	public	pub fn content(mut self, mut content: BubbleContent) -> Self {
bubble.rs	96	public	pub fn reactions(mut self, reactions: BubbleReactions) -> Self {
bubble.rs	102	impl	impl Default for Bubble {
bubble.rs	108	impl	impl ParentElement for Bubble {
bubble.rs	114	impl	impl Styled for Bubble {
bubble.rs	120	impl	impl RenderOnce for Bubble {
bubble.rs	153	public	pub struct BubbleContent {
bubble.rs	160	impl	impl BubbleContent {
bubble.rs	162	public	pub fn new() -> Self {
bubble.rs	172	impl	impl Default for BubbleContent {
bubble.rs	178	impl	impl ParentElement for BubbleContent {
bubble.rs	184	impl	impl Styled for BubbleContent {
bubble.rs	190	impl	impl RenderOnce for BubbleContent {
bubble.rs	254	public	pub struct BubbleGroup {
bubble.rs	259	impl	impl BubbleGroup {
bubble.rs	261	public	pub fn new() -> Self {
bubble.rs	269	impl	impl Default for BubbleGroup {
bubble.rs	275	impl	impl ParentElement for BubbleGroup {
bubble.rs	281	impl	impl Styled for BubbleGroup {
bubble.rs	287	impl	impl RenderOnce for BubbleGroup {
bubble.rs	307	public	pub struct BubbleReactions {
bubble.rs	314	impl	impl BubbleReactions {
bubble.rs	316	public	pub fn new() -> Self {
bubble.rs	326	public	pub fn side(mut self, side: BubbleReactionSide) -> Self {
bubble.rs	332	public	pub fn alignment(mut self, alignment: MessageAlignment) -> Self {
bubble.rs	344	public	pub fn action(mut self, action: Button) -> Self {
bubble.rs	351	impl	impl Default for BubbleReactions {
bubble.rs	357	impl	impl ParentElement for BubbleReactions {
bubble.rs	364	impl	impl Styled for BubbleReactions {
bubble.rs	370	impl	impl RenderOnce for BubbleReactions {
button/button.rs	20	public	pub enum ButtonRounded {
button/button.rs	29	impl	impl From<Pixels> for ButtonRounded {
button/button.rs	36	public	pub struct ButtonCustomVariant {
button/button.rs	44	public	pub trait ButtonVariants: Sized {
button/button.rs	45	trait-member	fn with_variant(self, variant: ButtonVariant) -> Self;
button/button.rs	48	trait-member	fn primary(self) -> Self {
button/button.rs	53	trait-member	fn secondary(self) -> Self {
button/button.rs	58	trait-member	fn danger(self) -> Self {
button/button.rs	63	trait-member	fn warning(self) -> Self {
button/button.rs	68	trait-member	fn success(self) -> Self {
button/button.rs	73	trait-member	fn info(self) -> Self {
button/button.rs	78	trait-member	fn ghost(self) -> Self {
button/button.rs	83	trait-member	fn link(self) -> Self {
button/button.rs	88	trait-member	fn text(self) -> Self {
button/button.rs	93	trait-member	fn custom(self, style: ButtonCustomVariant) -> Self {
button/button.rs	98	impl	impl ButtonCustomVariant {
button/button.rs	99	public	pub fn new(cx: &App) -> Self {
button/button.rs	110	public	pub fn color(mut self, color: Hsla) -> Self {
button/button.rs	116	public	pub fn foreground(mut self, color: Hsla) -> Self {
button/button.rs	122	public	pub fn hover(mut self, color: Hsla) -> Self {
button/button.rs	128	public	pub fn active(mut self, color: Hsla) -> Self {
button/button.rs	134	public	pub fn shadow(mut self, shadow: bool) -> Self {
button/button.rs	142	public	pub enum ButtonVariant {
button/button.rs	157	impl	impl ButtonVariant {
button/button.rs	159	public	pub fn is_link(&self) -> bool {
button/button.rs	164	public	pub fn is_text(&self) -> bool {
button/button.rs	169	public	pub fn is_ghost(&self) -> bool {
button/button.rs	186	public	pub struct Button {
button/button.rs	226	impl	impl From<Button> for AnyElement {
button/button.rs	232	impl	impl Button {
button/button.rs	233	public	pub fn new(id: impl Into<ElementId>) -> Self {
button/button.rs	312	public	pub fn role(mut self, role: impl Into<RoleOverride>) -> Self {
button/button.rs	318	public	pub fn outline(mut self) -> Self {
button/button.rs	324	public	pub fn rounded(mut self, rounded: impl Into<ButtonRounded>) -> Self {
button/button.rs	357	public	pub fn label(mut self, label: impl Into<SharedString>) -> Self {
button/button.rs	363	public	pub fn accessibility_id(mut self, id: impl Into<SharedString>) -> Self {
button/button.rs	377	public	pub fn accessibility_label(mut self, label: impl Into<SharedString>) -> Self {
button/button.rs	383	public	pub fn icon(mut self, icon: impl Into<ButtonIcon>) -> Self {
button/button.rs	389	public	pub fn tooltip(mut self, tooltip: impl Into<SharedString>) -> Self {
button/button.rs	398	public	pub fn tooltip_placement(mut self, placement: Placement) -> Self {
button/button.rs	404	public	pub fn tooltip_with_action( mut self, tooltip: impl Into<SharedString>, action: &dyn gpui::Action, context: Option<&str>, ) -> Self {
button/button.rs	421	public	pub fn loading(mut self, loading: bool) -> Self {
button/button.rs	427	public	pub fn compact(mut self) -> Self {
button/button.rs	433	public	pub fn on_click( mut self, handler: impl Fn(&ClickEvent, &mut Window, &mut App) + 'static, ) -> Self {
button/button.rs	442	public	pub fn on_hover(mut self, handler: impl Fn(&bool, &mut Window, &mut App) + 'static) -> Self {
button/button.rs	450	public	pub fn loading_icon(mut self, icon: impl Into<Icon>) -> Self {
button/button.rs	458	public	pub fn tab_index(mut self, tab_index: isize) -> Self {
button/button.rs	466	public	pub fn tab_stop(mut self, tab_stop: bool) -> Self {
button/button.rs	472	public	pub fn dropdown_caret(mut self, dropdown_caret: bool) -> Self {
button/button.rs	483	public	pub fn toggled(mut self, toggled: bool) -> Self {
button/button.rs	503	impl	impl Disableable for Button {
button/button.rs	510	impl	impl crate::FocusableExt for Button {
button/button.rs	521	impl	impl Selectable for Button {
button/button.rs	532	impl	impl Sizable for Button {
button/button.rs	539	impl	impl ButtonVariants for Button {
button/button.rs	546	impl	impl Styled for Button {
button/button.rs	552	impl	impl ParentElement for Button {
button/button.rs	558	impl	impl InteractiveElement for Button {
button/button.rs	564	impl	impl RenderOnce for Button {
button/button.rs	856	impl	impl ButtonVariant {
button/button_group.rs	18	public	pub struct ButtonGroup {
button/button_group.rs	35	impl	impl Disableable for ButtonGroup {
button/button_group.rs	42	impl	impl ButtonGroup {
button/button_group.rs	44	public	pub fn new(id: impl Into<ElementId>) -> Self {
button/button_group.rs	61	public	pub fn child(mut self, child: Button) -> Self {
button/button_group.rs	67	public	pub fn children(mut self, children: impl IntoIterator<Item = Button>) -> Self {
button/button_group.rs	73	public	pub fn multiple(mut self, multiple: bool) -> Self {
button/button_group.rs	79	public	pub fn layout(mut self, layout: Axis) -> Self {
button/button_group.rs	87	public	pub fn compact(mut self) -> Self {
button/button_group.rs	95	public	pub fn outline(mut self) -> Self {
button/button_group.rs	123	public	pub fn on_click( mut self, handler: impl Fn(&Vec<usize>, &mut Window, &mut App) + 'static, ) -> Self {
button/button_group.rs	132	impl	impl Sizable for ButtonGroup {
button/button_group.rs	139	impl	impl Styled for ButtonGroup {
button/button_group.rs	145	impl	impl ButtonVariants for ButtonGroup {
button/button_group.rs	152	impl	impl RenderOnce for ButtonGroup {
button/button_icon.rs	7	public	pub struct ButtonIcon {
button/button_icon.rs	14	impl	impl<T> From<T> for ButtonIcon where T: Into<ButtonIconVariant>, {
button/button_icon.rs	23	impl	impl ButtonIcon {
button/button_icon.rs	25	public	pub fn new(icon: impl Into<ButtonIconVariant>) -> Self {
button/button_icon.rs	45	impl	impl Sizable for ButtonIcon {
button/button_icon.rs	55	public	pub enum ButtonIconVariant {
button/button_icon.rs	61	impl	impl<T> From<T> for ButtonIconVariant where T: Into<Icon>, {
button/button_icon.rs	70	impl	impl From<Spinner> for ButtonIconVariant {
button/button_icon.rs	76	impl	impl From<ProgressCircle> for ButtonIconVariant {
button/button_icon.rs	82	impl	impl ButtonIconVariant {
button/button_icon.rs	96	impl	impl Sizable for ButtonIconVariant {
button/button_icon.rs	106	impl	impl RenderOnce for ButtonIconVariant {
button/button_icon.rs	116	impl	impl RenderOnce for ButtonIcon {
button/dropdown_button.rs	25	public	pub struct DropdownButton {
button/dropdown_button.rs	41	impl	impl DropdownButton {
button/dropdown_button.rs	43	public	pub fn new(id: impl Into<ElementId>) -> Self {
button/dropdown_button.rs	76	public	pub fn button(mut self, button: Button) -> Self {
button/dropdown_button.rs	82	public	pub fn dropdown_menu( mut self, menu: impl Fn(PopupMenu, &mut Window, &mut Context<PopupMenu>) -> PopupMenu + 'static, ) -> Self {
button/dropdown_button.rs	91	public	pub fn dropdown_menu_with_anchor( mut self, anchor: impl Into<Anchor>, menu: impl Fn(PopupMenu, &mut Window, &mut Context<PopupMenu>) -> PopupMenu + 'static, ) -> Self {
button/dropdown_button.rs	104	public	pub fn outline(mut self) -> Self {
button/dropdown_button.rs	110	impl	impl Disableable for DropdownButton {
button/dropdown_button.rs	117	impl	impl Styled for DropdownButton {
button/dropdown_button.rs	123	impl	impl Sizable for DropdownButton {
button/dropdown_button.rs	130	impl	impl ButtonVariants for DropdownButton {
button/dropdown_button.rs	137	impl	impl Selectable for DropdownButton {
button/dropdown_button.rs	148	impl	impl RenderOnce for DropdownButton {
button/mod.rs	7	public	pub use button::*;
button/mod.rs	8	public	pub use button_group::*;
button/mod.rs	10	public	pub use dropdown_button::*;
button/mod.rs	11	public	pub use toggle::*;
button/toggle.rs	14	public	pub enum ToggleVariant {
button/toggle.rs	20	public	pub trait ToggleVariants: Sized {
button/toggle.rs	22	trait-member	fn with_variant(self, variant: ToggleVariant) -> Self;
button/toggle.rs	24	trait-member	fn ghost(self) -> Self {
button/toggle.rs	28	trait-member	fn outline(self) -> Self {
button/toggle.rs	34	public	pub struct Toggle {
button/toggle.rs	48	impl	impl Toggle {
button/toggle.rs	50	public	pub fn new(id: impl Into<ElementId>) -> Self {
button/toggle.rs	72	public	pub fn tooltip(mut self, tooltip: impl Into<SharedString>) -> Self {
button/toggle.rs	78	public	pub fn label(mut self, label: impl Into<SharedString>) -> Self {
button/toggle.rs	85	public	pub fn icon(mut self, icon: impl Into<Icon>) -> Self {
button/toggle.rs	92	public	pub fn checked(mut self, checked: bool) -> Self {
button/toggle.rs	100	public	pub fn on_click(mut self, handler: impl Fn(&bool, &mut Window, &mut App) + 'static) -> Self {
button/toggle.rs	116	impl	impl ToggleVariants for Toggle {
button/toggle.rs	123	impl	impl ParentElement for Toggle {
button/toggle.rs	129	impl	impl Disableable for Toggle {
button/toggle.rs	136	impl	impl Sizable for Toggle {
button/toggle.rs	143	impl	impl Styled for Toggle {
button/toggle.rs	149	impl	impl RenderOnce for Toggle {
button/toggle.rs	222	public	pub struct ToggleGroup {
button/toggle.rs	233	impl	impl ToggleGroup {
button/toggle.rs	235	public	pub fn new(id: impl Into<ElementId>) -> Self {
button/toggle.rs	249	public	pub fn child(mut self, toggle: impl Into<Toggle>) -> Self {
button/toggle.rs	255	public	pub fn children(mut self, children: impl IntoIterator<Item = impl Into<Toggle>>) -> Self {
button/toggle.rs	263	public	pub fn on_click( mut self, on_click: impl Fn(&Vec<bool>, &mut Window, &mut App) + 'static, ) -> Self {
button/toggle.rs	275	public	pub fn segmented(mut self) -> Self {
button/toggle.rs	281	impl	impl Sizable for ToggleGroup {
button/toggle.rs	288	impl	impl ToggleVariants for ToggleGroup {
button/toggle.rs	295	impl	impl Disableable for ToggleGroup {
button/toggle.rs	302	impl	impl Styled for ToggleGroup {
button/toggle.rs	308	impl	impl RenderOnce for ToggleGroup {
carousel/carousel.rs	28	public	pub struct Carousel {
carousel/carousel.rs	47	impl	impl Carousel {
carousel/carousel.rs	49	public	pub fn new(id: impl Into<ElementId>, state: &Entity<CarouselState>) -> Self {
carousel/carousel.rs	61	public	pub fn accessibility_label(mut self, label: impl Into<SharedString>) -> Self {
carousel/carousel.rs	67	impl	impl ParentElement for Carousel {
carousel/carousel.rs	73	impl	impl Styled for Carousel {
carousel/carousel.rs	79	impl	impl crate::FocusableExt for Carousel {
carousel/carousel.rs	90	impl	impl RenderOnce for Carousel {
carousel/carousel.rs	218	impl	impl CarouselGeometry {
carousel/carousel.rs	248	public	pub struct CarouselContent {
carousel/carousel.rs	255	impl	impl CarouselContent {
carousel/carousel.rs	257	public	pub fn new(state: &Entity<CarouselState>) -> Self {
carousel/carousel.rs	270	public	pub fn track_style(mut self, style: StyleRefinement) -> Self {
carousel/carousel.rs	276	impl	impl ParentElement for CarouselContent {
carousel/carousel.rs	282	impl	impl Styled for CarouselContent {
carousel/carousel.rs	297	impl	impl IntoElement for CarouselLoopItem {
carousel/carousel.rs	305	impl	impl Element for CarouselLoopItem {
carousel/carousel.rs	357	impl	impl RenderOnce for CarouselContent {
carousel/carousel.rs	515	public	pub struct CarouselItem {
carousel/carousel.rs	524	impl	impl CarouselItem {
carousel/carousel.rs	526	public	pub fn new(id: impl Into<ElementId>, index: usize, state: &Entity<CarouselState>) -> Self {
carousel/carousel.rs	538	public	pub fn accessibility_label(mut self, label: impl Into<SharedString>) -> Self {
carousel/carousel.rs	544	impl	impl ParentElement for CarouselItem {
carousel/carousel.rs	550	impl	impl Styled for CarouselItem {
carousel/carousel.rs	556	impl	impl RenderOnce for CarouselItem {
carousel/carousel.rs	588	public	pub struct CarouselPrevious {
carousel/carousel.rs	596	impl	impl CarouselPrevious {
carousel/carousel.rs	598	public	pub fn new(state: &Entity<CarouselState>) -> Self {
carousel/carousel.rs	609	public	pub fn accessibility_label(mut self, label: impl Into<SharedString>) -> Self {
carousel/carousel.rs	615	impl	impl crate::Sizable for CarouselPrevious {
carousel/carousel.rs	622	impl	impl Styled for CarouselPrevious {
carousel/carousel.rs	628	impl	impl ParentElement for CarouselPrevious {
carousel/carousel.rs	634	impl	impl RenderOnce for CarouselPrevious {
carousel/carousel.rs	650	public	pub struct CarouselNext {
carousel/carousel.rs	658	impl	impl CarouselNext {
carousel/carousel.rs	660	public	pub fn new(state: &Entity<CarouselState>) -> Self {
carousel/carousel.rs	671	public	pub fn accessibility_label(mut self, label: impl Into<SharedString>) -> Self {
carousel/carousel.rs	677	impl	impl crate::Sizable for CarouselNext {
carousel/carousel.rs	684	impl	impl Styled for CarouselNext {
carousel/carousel.rs	690	impl	impl ParentElement for CarouselNext {
carousel/carousel.rs	696	impl	impl RenderOnce for CarouselNext {
carousel/carousel.rs	788	public	pub struct CarouselPagination {
carousel/carousel.rs	795	impl	impl CarouselPagination {
carousel/carousel.rs	798	public	pub fn new() -> Self {
carousel/carousel.rs	808	public	pub fn accessibility_label(mut self, label: impl Into<SharedString>) -> Self {
carousel/carousel.rs	814	impl	impl ParentElement for CarouselPagination {
carousel/carousel.rs	820	impl	impl Styled for CarouselPagination {
carousel/carousel.rs	826	impl	impl RenderOnce for CarouselPagination {
carousel/carousel.rs	843	public	pub struct CarouselPaginationItem {
carousel/carousel.rs	853	impl	impl CarouselPaginationItem {
carousel/carousel.rs	855	public	pub fn new(id: impl Into<ElementId>, index: usize, state: &Entity<CarouselState>) -> Self {
carousel/carousel.rs	868	public	pub fn accessibility_label(mut self, label: impl Into<SharedString>) -> Self {
carousel/carousel.rs	874	impl	impl crate::Sizable for CarouselPaginationItem {
carousel/carousel.rs	881	impl	impl ParentElement for CarouselPaginationItem {
carousel/carousel.rs	887	impl	impl Styled for CarouselPaginationItem {
carousel/carousel.rs	893	impl	impl RenderOnce for CarouselPaginationItem {
carousel/mod.rs	5	public	pub use carousel::{
carousel/mod.rs	9	public	pub use state::{CarouselEvent, CarouselState};
carousel/scroll_mask.rs	31	impl	impl CarouselScrollMask {
carousel/scroll_mask.rs	47	impl	impl IntoElement for CarouselScrollMask {
carousel/scroll_mask.rs	55	impl	impl Element for CarouselScrollMask {
carousel/state.rs	15	public	pub enum CarouselEvent {
carousel/state.rs	65	public	pub struct CarouselState {
carousel/state.rs	88	impl	impl CarouselState {
carousel/state.rs	91	public	pub fn new(item_count: usize) -> Self {
carousel/state.rs	117	public	pub fn with_selected_index(mut self, index: usize) -> Self {
carousel/state.rs	123	public	pub fn with_axis(mut self, axis: Axis) -> Self {
carousel/state.rs	129	public	pub fn with_looping(mut self, looping: bool) -> Self {
carousel/state.rs	135	public	pub fn item_count(&self) -> usize {
carousel/state.rs	141	public	pub fn selected_index(&self) -> Option<usize> {
carousel/state.rs	146	public	pub fn axis(&self) -> Axis {
carousel/state.rs	151	public	pub fn is_looping(&self) -> bool {
carousel/state.rs	156	public	pub fn has_previous(&self) -> bool {
carousel/state.rs	163	public	pub fn has_next(&self) -> bool {
carousel/state.rs	173	public	pub fn set_selected_index(&mut self, index: usize, cx: &mut Context<Self>) {
carousel/state.rs	203	public	pub fn set_item_count(&mut self, item_count: usize, cx: &mut Context<Self>) {
carousel/state.rs	227	public	pub fn set_axis(&mut self, axis: Axis, cx: &mut Context<Self>) {
carousel/state.rs	241	public	pub fn set_looping(&mut self, looping: bool, cx: &mut Context<Self>) {
carousel/state.rs	253	public	pub fn select_index(&mut self, index: usize, cx: &mut Context<Self>) -> bool {
carousel/state.rs	266	public	pub fn select_previous(&mut self, cx: &mut Context<Self>) -> bool {
carousel/state.rs	280	public	pub fn select_next(&mut self, cx: &mut Context<Self>) -> bool {
carousel/state.rs	294	public	pub fn select_first(&mut self, cx: &mut Context<Self>) -> bool {
carousel/state.rs	299	public	pub fn select_last(&mut self, cx: &mut Context<Self>) -> bool {
carousel/state.rs	1261	impl	impl EventEmitter<CarouselEvent> for CarouselState {}
carousel/state.rs	1263	impl	impl Focusable for CarouselState {
chart/area_chart.rs	35	public	pub struct AreaChart<T, X, Y> where T: 'static, X: Clone + PartialEq + Into<SharedString> + 'static, Y: Clone + Copy + PartialOrd + Num + ToPrimitive + Sealed + 'static, {
chart/area_chart.rs	55	impl	impl<T, X, Y> AreaChart<T, X, Y> where X: Clone + PartialEq + Into<SharedString> + 'static, Y: Clone + Copy + PartialOrd + Num + ToPrimitive + Sealed + 'static, {
chart/area_chart.rs	60	public	pub fn new<I>(data: I) -> Self where I: IntoIterator<Item = T>, {
chart/area_chart.rs	84	public	pub fn id(mut self, id: impl Into<ElementId>) -> Self {
chart/area_chart.rs	92	public	pub fn name(mut self, name: impl Into<SharedString>) -> Self {
chart/area_chart.rs	97	public	pub fn x(mut self, x: impl Fn(&T) -> X + 'static) -> Self {
chart/area_chart.rs	102	public	pub fn y(mut self, y: impl Fn(&T) -> Y + 'static) -> Self {
chart/area_chart.rs	107	public	pub fn stroke(mut self, stroke: impl Into<Hsla>) -> Self {
chart/area_chart.rs	112	public	pub fn fill(mut self, fill: impl Into<Background>) -> Self {
chart/area_chart.rs	117	public	pub fn natural(mut self) -> Self {
chart/area_chart.rs	122	public	pub fn linear(mut self) -> Self {
chart/area_chart.rs	127	public	pub fn step_after(mut self) -> Self {
chart/area_chart.rs	132	public	pub fn tick_margin(mut self, tick_margin: usize) -> Self {
chart/area_chart.rs	140	public	pub fn x_axis(mut self, x_axis: bool) -> Self {
chart/area_chart.rs	145	public	pub fn grid(mut self, grid: bool) -> Self {
chart/area_chart.rs	177	impl	impl<T, X, Y> Plot for AreaChart<T, X, Y> where X: Clone + PartialEq + Into<SharedString> + 'static, Y: Clone + Copy + PartialOrd + Num + ToPrimitive + Sealed + 'static, {
chart/bar_chart.rs	44	public	pub struct BarChart<T, B, V> where T: 'static, B: Eq + Hash + Into<SharedString> + 'static, V: Copy + PartialOrd + Num + ToPrimitive + Sealed + 'static, {
chart/bar_chart.rs	73	impl	impl<T, B, V> BarChart<T, B, V> where B: Eq + Hash + Into<SharedString> + 'static, V: Copy + PartialOrd + Num + ToPrimitive + Sealed + 'static, {
chart/bar_chart.rs	78	public	pub fn new<I>(data: I) -> Self where I: IntoIterator<Item = T>, {
chart/bar_chart.rs	108	public	pub fn id(mut self, id: impl Into<ElementId>) -> Self {
chart/bar_chart.rs	114	public	pub fn name(mut self, name: impl Into<SharedString>) -> Self {
chart/bar_chart.rs	120	public	pub fn band(mut self, band: impl Fn(&T) -> B + 'static) -> Self {
chart/bar_chart.rs	126	public	pub fn value(mut self, value: impl Fn(&T) -> V + 'static) -> Self {
chart/bar_chart.rs	150	public	pub fn fill<Bg>( mut self, fill: impl Fn(&T, Bounds<f32>, Bounds<f32>, BarAlignment) -> Bg + 'static, ) -> Self where Bg: Into<Background> + 'static, {
chart/bar_chart.rs	199	public	pub fn fill_gradient( mut self, fill: impl Fn(&T, RangeInclusive<f32>, &dyn Fn(f32) -> f32) -> [LinearColorStop; 2] + 'static,
chart/bar_chart.rs	208	public	pub fn tick_margin(mut self, tick_margin: usize) -> Self {
chart/bar_chart.rs	213	public	pub fn label<S>(mut self, label: impl Fn(&T) -> S + 'static) -> Self where S: Into<SharedString> + 'static, {
chart/bar_chart.rs	224	public	pub fn label_axis(mut self, label_axis: bool) -> Self {
chart/bar_chart.rs	235	public	pub fn value_axis(mut self, value_axis: bool) -> Self {
chart/bar_chart.rs	247	public	pub fn value_tick_count(mut self, value_tick_count: usize) -> Self {
chart/bar_chart.rs	252	public	pub fn grid(mut self, grid: bool) -> Self {
chart/bar_chart.rs	260	public	pub fn alignment(mut self, alignment: BarAlignment) -> Self {
chart/bar_chart.rs	269	public	pub fn corner_radii(mut self, corner_radii: impl Into<Corners<Pixels>>) -> Self {
chart/bar_chart.rs	381	impl	impl<T, B, V> Plot for BarChart<T, B, V> where B: Eq + Hash + Into<SharedString> + 'static, V: Copy + PartialOrd + Num + ToPrimitive + Sealed + 'static, {
chart/candlestick_chart.rs	31	public	pub struct CandlestickChart<T, X, Y> where T: 'static, X: Eq + Hash + Into<SharedString> + 'static, Y: Copy + PartialOrd + Num + ToPrimitive + Sealed + 'static, {
chart/candlestick_chart.rs	53	impl	impl<T, X, Y> CandlestickChart<T, X, Y> where X: Eq + Hash + Into<SharedString> + 'static, Y: Copy + PartialOrd + Num + ToPrimitive + Sealed + 'static, {
chart/candlestick_chart.rs	58	public	pub fn new<I>(data: I) -> Self where I: IntoIterator<Item = T>, {
chart/candlestick_chart.rs	85	public	pub fn id(mut self, id: impl Into<ElementId>) -> Self {
chart/candlestick_chart.rs	90	public	pub fn x(mut self, x: impl Fn(&T) -> X + 'static) -> Self {
chart/candlestick_chart.rs	95	public	pub fn open(mut self, open: impl Fn(&T) -> Y + 'static) -> Self {
chart/candlestick_chart.rs	100	public	pub fn high(mut self, high: impl Fn(&T) -> Y + 'static) -> Self {
chart/candlestick_chart.rs	105	public	pub fn low(mut self, low: impl Fn(&T) -> Y + 'static) -> Self {
chart/candlestick_chart.rs	110	public	pub fn close(mut self, close: impl Fn(&T) -> Y + 'static) -> Self {
chart/candlestick_chart.rs	115	public	pub fn tick_margin(mut self, tick_margin: usize) -> Self {
chart/candlestick_chart.rs	120	public	pub fn body_width_ratio(mut self, ratio: f32) -> Self {
chart/candlestick_chart.rs	128	public	pub fn x_axis(mut self, x_axis: bool) -> Self {
chart/candlestick_chart.rs	133	public	pub fn grid(mut self, grid: bool) -> Self {
chart/candlestick_chart.rs	142	public	pub fn bullish(mut self, color: impl Into<Hsla>) -> Self {
chart/candlestick_chart.rs	150	public	pub fn bearish(mut self, color: impl Into<Hsla>) -> Self {
chart/candlestick_chart.rs	183	impl	impl<T, X, Y> Plot for CandlestickChart<T, X, Y> where X: Eq + Hash + Into<SharedString> + 'static, Y: Copy + PartialOrd + Num + ToPrimitive + Sealed + 'static, {
chart/line_chart.rs	33	public	pub struct LineChart<T, X, Y> where T: 'static, X: PartialEq + Into<SharedString> + 'static, Y: Copy + PartialOrd + Num + ToPrimitive + Sealed + 'static, {
chart/line_chart.rs	53	impl	impl<T, X, Y> LineChart<T, X, Y> where X: PartialEq + Into<SharedString> + 'static, Y: Copy + PartialOrd + Num + ToPrimitive + Sealed + 'static, {
chart/line_chart.rs	58	public	pub fn new<I>(data: I) -> Self where I: IntoIterator<Item = T>, {
chart/line_chart.rs	82	public	pub fn id(mut self, id: impl Into<ElementId>) -> Self {
chart/line_chart.rs	88	public	pub fn name(mut self, name: impl Into<SharedString>) -> Self {
chart/line_chart.rs	93	public	pub fn x(mut self, x: impl Fn(&T) -> X + 'static) -> Self {
chart/line_chart.rs	98	public	pub fn y(mut self, y: impl Fn(&T) -> Y + 'static) -> Self {
chart/line_chart.rs	103	public	pub fn stroke(mut self, stroke: impl Into<Hsla>) -> Self {
chart/line_chart.rs	108	public	pub fn natural(mut self) -> Self {
chart/line_chart.rs	113	public	pub fn linear(mut self) -> Self {
chart/line_chart.rs	118	public	pub fn step_after(mut self) -> Self {
chart/line_chart.rs	123	public	pub fn dot(mut self) -> Self {
chart/line_chart.rs	128	public	pub fn tick_margin(mut self, tick_margin: usize) -> Self {
chart/line_chart.rs	136	public	pub fn x_axis(mut self, x_axis: bool) -> Self {
chart/line_chart.rs	141	public	pub fn grid(mut self, grid: bool) -> Self {
chart/line_chart.rs	172	impl	impl<T, X, Y> Plot for LineChart<T, X, Y> where X: PartialEq + Into<SharedString> + 'static, Y: Copy + PartialOrd + Num + ToPrimitive + Sealed + 'static, {
chart/mod.rs	9	public	pub use area_chart::AreaChart;
chart/mod.rs	10	public	pub use bar_chart::BarChart;
chart/mod.rs	11	public	pub use candlestick_chart::CandlestickChart;
chart/mod.rs	12	public	pub use line_chart::LineChart;
chart/mod.rs	13	public	pub use pie_chart::PieChart;
chart/mod.rs	14	public	pub use radar_chart::{RadarChart, RadarLabel};
chart/mod.rs	15	public	pub use sankey_chart::{SankeyChart, SankeyLabel};
chart/pie_chart.rs	41	public	pub struct PieChart<T: 'static> {
chart/pie_chart.rs	59	impl	impl<T> PieChart<T> {
chart/pie_chart.rs	60	public	pub fn new<I>(data: I) -> Self where I: IntoIterator<Item = T>, {
chart/pie_chart.rs	88	public	pub fn id(mut self, id: impl Into<ElementId>) -> Self {
chart/pie_chart.rs	94	public	pub fn name(mut self, name: impl Into<SharedString>) -> Self {
chart/pie_chart.rs	100	public	pub fn inner_radius(mut self, inner_radius: f32) -> Self {
chart/pie_chart.rs	106	public	pub fn inner_radius_fn( mut self, inner_radius_fn: impl Fn(&ArcData<T>) -> f32 + 'static, ) -> Self {
chart/pie_chart.rs	123	public	pub fn outer_radius(mut self, outer_radius: f32) -> Self {
chart/pie_chart.rs	129	public	pub fn outer_radius_fn( mut self, outer_radius_fn: impl Fn(&ArcData<T>) -> f32 + 'static, ) -> Self {
chart/pie_chart.rs	149	public	pub fn pad_angle(mut self, pad_angle: f32) -> Self {
chart/pie_chart.rs	154	public	pub fn value(mut self, value: impl Fn(&T) -> f32 + 'static) -> Self {
chart/pie_chart.rs	160	public	pub fn color<H>(mut self, color: impl Fn(&T) -> H + 'static) -> Self where H: Into<Hsla> + 'static, {
chart/pie_chart.rs	172	public	pub fn label(mut self, label: impl Fn(&T) -> SharedString + 'static) -> Self {
chart/pie_chart.rs	178	public	pub fn label_line_color(mut self, color: impl Fn(&T) -> Hsla + 'static) -> Self {
chart/pie_chart.rs	184	public	pub fn label_color(mut self, color: Hsla) -> Self {
chart/pie_chart.rs	191	public	pub fn label_gap(mut self, gap: f32) -> Self {
chart/pie_chart.rs	237	impl	impl<T> Plot for PieChart<T> {
chart/radar_chart.rs	37	public	pub enum RadarLabel {
chart/radar_chart.rs	47	impl	impl From<&'static str> for RadarLabel {
chart/radar_chart.rs	53	impl	impl From<String> for RadarLabel {
chart/radar_chart.rs	59	impl	impl From<SharedString> for RadarLabel {
chart/radar_chart.rs	65	impl	impl From<AnyElement> for RadarLabel {
chart/radar_chart.rs	77	public	pub struct RadarChart<T, Y> where T: 'static, Y: Clone + Copy + PartialOrd + Num + ToPrimitive + Sealed + 'static, {
chart/radar_chart.rs	113	impl	impl<T, Y> RadarChart<T, Y> where Y: Clone + Copy + PartialOrd + Num + ToPrimitive + Sealed + 'static, {
chart/radar_chart.rs	117	public	pub fn new<I>(data: I) -> Self where I: IntoIterator<Item = T>, {
chart/radar_chart.rs	146	public	pub fn id(mut self, id: impl Into<ElementId>) -> Self {
chart/radar_chart.rs	155	public	pub fn name(mut self, name: impl Into<SharedString>) -> Self {
chart/radar_chart.rs	164	public	pub fn value(mut self, value: impl Fn(&T) -> Y + 'static) -> Self {
chart/radar_chart.rs	172	public	pub fn stroke(mut self, stroke: impl Into<Hsla>) -> Self {
chart/radar_chart.rs	180	public	pub fn fill(mut self, fill: impl Into<Background>) -> Self {
chart/radar_chart.rs	201	public	pub fn label<L>(mut self, label: impl Fn(&T) -> L + 'static) -> Self where L: Into<RadarLabel> + 'static, {
chart/radar_chart.rs	212	public	pub fn label_color(mut self, color: impl Into<Hsla>) -> Self {
chart/radar_chart.rs	219	public	pub fn label_gap(mut self, gap: f32) -> Self {
chart/radar_chart.rs	227	public	pub fn max_value(mut self, max_value: Y) -> Self {
chart/radar_chart.rs	235	public	pub fn outer_radius(mut self, outer_radius: f32) -> Self {
chart/radar_chart.rs	243	public	pub fn grid(mut self, grid: bool) -> Self {
chart/radar_chart.rs	249	public	pub fn grid_levels(mut self, grid_levels: usize) -> Self {
chart/radar_chart.rs	255	public	pub fn dot(mut self) -> Self {
chart/radar_chart.rs	350	impl	impl<T, Y> Plot for RadarChart<T, Y> where Y: Clone + Copy + PartialOrd + Num + ToPrimitive + Sealed + 'static, {
chart/sankey_chart.rs	73	public	pub struct SankeyLabel {
chart/sankey_chart.rs	79	impl	impl SankeyLabel {
chart/sankey_chart.rs	81	public	pub fn new(text: impl Into<SharedString>) -> Self {
chart/sankey_chart.rs	90	public	pub fn color(mut self, color: impl Into<Hsla>) -> Self {
chart/sankey_chart.rs	96	public	pub fn font_size(mut self, font_size: f32) -> Self {
chart/sankey_chart.rs	115	public	pub struct SankeyChart<T: 'static> {
chart/sankey_chart.rs	138	impl	impl<T> SankeyChart<T> {
chart/sankey_chart.rs	141	public	pub fn new<I, L>(nodes: I, links: L) -> Self where I: IntoIterator<Item = T>, L: IntoIterator<Item = SankeyLink>, {
chart/sankey_chart.rs	174	public	pub fn id(mut self, id: impl Into<ElementId>) -> Self {
chart/sankey_chart.rs	180	public	pub fn node_width(mut self, node_width: f32) -> Self {
chart/sankey_chart.rs	186	public	pub fn node_padding(mut self, node_padding: f32) -> Self {
chart/sankey_chart.rs	192	public	pub fn node_align(mut self, align: SankeyAlign) -> Self {
chart/sankey_chart.rs	198	public	pub fn iterations(mut self, iterations: usize) -> Self {
chart/sankey_chart.rs	208	public	pub fn value_scale(mut self, value_scale: SankeyValueScale) -> Self {
chart/sankey_chart.rs	214	public	pub fn node_corner_radius(mut self, radius: impl Into<Pixels>) -> Self {
chart/sankey_chart.rs	222	public	pub fn node_color<H>(mut self, color: impl Fn(&T) -> H + 'static) -> Self where H: Into<Hsla> + 'static, {
chart/sankey_chart.rs	232	public	pub fn node_label(mut self, label: impl Fn(&T) -> SharedString + 'static) -> Self {
chart/sankey_chart.rs	242	public	pub fn value_label(mut self, label: impl Fn(&T, f64) -> SharedString + 'static) -> Self {
chart/sankey_chart.rs	253	public	pub fn labels(mut self, labels: impl Fn(&T, f64) -> Vec<SankeyLabel> + 'static) -> Self {
chart/sankey_chart.rs	259	public	pub fn link_opacity(mut self, opacity: f32) -> Self {
chart/sankey_chart.rs	265	public	pub fn min_link_width(mut self, width: f32) -> Self {
chart/sankey_chart.rs	271	public	pub fn label_gap(mut self, gap: f32) -> Self {
chart/sankey_chart.rs	307	impl	impl<T> SankeyChart<T> {
chart/sankey_chart.rs	463	impl	impl<T> Plot for SankeyChart<T> {
checkbox.rs	17	public	pub struct Checkbox {
checkbox.rs	37	impl	impl Checkbox {
checkbox.rs	39	public	pub fn new(id: impl Into<ElementId>) -> Self {
checkbox.rs	60	public	pub fn role(mut self, role: impl Into<RoleOverride>) -> Self {
checkbox.rs	66	public	pub fn tooltip(mut self, tooltip: impl Into<SharedString>) -> Self {
checkbox.rs	72	public	pub fn label(mut self, label: impl Into<Text>) -> Self {
checkbox.rs	80	public	pub fn accessibility_label(mut self, label: impl Into<SharedString>) -> Self {
checkbox.rs	86	public	pub fn checked(mut self, checked: bool) -> Self {
checkbox.rs	92	public	pub fn on_click(self, handler: impl Fn(&bool, &mut Window, &mut App) + 'static) -> Self {
checkbox.rs	102	public	pub fn on_change(mut self, handler: impl Fn(&bool, &mut Window, &mut App) + 'static) -> Self {
checkbox.rs	108	public	pub fn tab_stop(mut self, tab_stop: bool) -> Self {
checkbox.rs	114	public	pub fn tab_index(mut self, tab_index: isize) -> Self {
checkbox.rs	120	impl	impl InteractiveElement for Checkbox {
checkbox.rs	125	impl	impl StatefulInteractiveElement for Checkbox {}
checkbox.rs	127	impl	impl Styled for Checkbox {
checkbox.rs	133	impl	impl Disableable for Checkbox {
checkbox.rs	140	impl	impl crate::FocusableExt for Checkbox {
checkbox.rs	151	impl	impl Selectable for Checkbox {
checkbox.rs	161	impl	impl ParentElement for Checkbox {
checkbox.rs	167	impl	impl Sizable for Checkbox {
checkbox.rs	215	impl	impl RenderOnce for Checkbox {
clipboard.rs	15	public	pub struct Clipboard {
clipboard.rs	24	impl	impl Sizable for Clipboard {
clipboard.rs	31	impl	impl Clipboard {
clipboard.rs	33	public	pub fn new(id: impl Into<ElementId>) -> Self {
clipboard.rs	45	public	pub fn tooltip(mut self, tooltip: impl Into<SharedString>) -> Self {
clipboard.rs	51	public	pub fn value(mut self, value: impl Into<SharedString>) -> Self {
clipboard.rs	59	public	pub fn value_fn( mut self, value: impl Fn(&mut Window, &mut App) -> SharedString + 'static, ) -> Self {
clipboard.rs	68	public	pub fn on_copied<F>(mut self, handler: F) -> Self where F: Fn(SharedString, &mut Window, &mut App) + 'static, {
clipboard.rs	77	impl	impl RenderOnce for Clipboard {
collapsible.rs	11	public	pub struct Collapsible {
collapsible.rs	18	impl	impl Collapsible {
collapsible.rs	20	public	pub fn new() -> Self {
collapsible.rs	30	public	pub fn open(mut self, open: bool) -> Self {
collapsible.rs	37	public	pub fn motion_id(mut self, id: impl Into<ElementId>) -> Self {
collapsible.rs	45	public	pub fn content(mut self, content: impl IntoElement) -> Self {
collapsible.rs	51	impl	impl Styled for Collapsible {
collapsible.rs	57	impl	impl ParentElement for Collapsible {
collapsible.rs	63	impl	impl RenderOnce for Collapsible {
color_picker.rs	10	public	pub use gpui_base::{ColorPickerEvent, ColorPickerState};
color_picker.rs	53	public	pub struct ColorPicker {
color_picker.rs	66	impl	impl ColorPicker {
color_picker.rs	68	public	pub fn new(state: &Entity<ColorPickerState>) -> Self {
color_picker.rs	86	public	pub fn featured_colors(mut self, colors: Vec<Hsla>) -> Self {
color_picker.rs	95	public	pub fn icon(mut self, icon: impl Into<Icon>) -> Self {
color_picker.rs	103	public	pub fn label(mut self, label: impl Into<SharedString>) -> Self {
color_picker.rs	114	public	pub fn accessibility_label(mut self, label: impl Into<SharedString>) -> Self {
color_picker.rs	122	public	pub fn anchor(mut self, anchor: Anchor) -> Self {
color_picker.rs	443	impl	impl Sizable for ColorPicker {
color_picker.rs	450	impl	impl Focusable for ColorPicker {
color_picker.rs	456	impl	impl Styled for ColorPicker {
color_picker.rs	462	impl	impl RenderOnce for ColorPicker {
color_picker.rs	598	impl	impl Selectable for ColorPickerButton {
color_picker.rs	609	impl	impl Sizable for ColorPickerButton {
color_picker.rs	616	impl	impl RenderOnce for ColorPickerButton {
combobox.rs	11	public	pub use crate::select::Caret;
combobox.rs	33	public	pub struct ComboboxTriggerContext<'a, D: SearchableListDelegate + 'static> {
combobox.rs	41	impl	impl<'a, D: SearchableListDelegate + 'static> ComboboxTriggerContext<'a, D> {
combobox.rs	43	public	pub fn selection(&self) -> &'a [(IndexPath, D::Item)] {
combobox.rs	47	public	pub fn placeholder(&self) -> Option<&'a SharedString> {
combobox.rs	52	public	pub fn is_open(&self) -> bool {
combobox.rs	56	public	pub fn is_disabled(&self) -> bool {
combobox.rs	60	public	pub fn size(&self) -> Size {
combobox.rs	68	public	pub type ComboboxChange = SearchableListChange;
combobox.rs	87	impl	impl Default for ComboboxOptions {
combobox.rs	109	public	pub struct ComboboxState<D: SearchableListDelegate + 'static> where <D::Item as SearchableListItem>::Value: PartialEq + Clone, {
combobox.rs	128	public	pub enum ComboboxEvent<D: SearchableListDelegate + 'static> where <D::Item as SearchableListItem>::Value: PartialEq + Clone, {
combobox.rs	138	impl	impl<D> ComboboxState<D> where D: SearchableListDelegate + 'static, <D::Item as SearchableListItem>::Value: PartialEq + Clone, {
combobox.rs	144	public	pub fn new( delegate: D, selected_indices: Vec<IndexPath>, window: &mut Window, cx: &mut Context<Self>, ) -> Self {
combobox.rs	286	public	pub fn multiple(mut self, multiple: bool) -> Self {
combobox.rs	292	public	pub fn searchable(mut self, searchable: bool) -> Self {
combobox.rs	298	public	pub fn selected_values(&self) -> Vec<<D::Item as SearchableListItem>::Value> {
combobox.rs	305	public	pub fn selected_value(&self) -> Option<<D::Item as SearchableListItem>::Value> {
combobox.rs	310	public	pub fn selection(&self) -> &[(IndexPath, D::Item)] {
combobox.rs	319	public	pub fn set_selected_values( &mut self, values: &[<D::Item as SearchableListItem>::Value], window: &mut Window, cx: &mut Context<Self>, ) {
combobox.rs	341	public	pub fn set_selected_indices( &mut self, indices: impl IntoIterator<Item = IndexPath>, _window: &mut Window, cx: &mut Context<Self>, ) {
combobox.rs	353	public	pub fn add_selected_index(&mut self, index: IndexPath, cx: &mut Context<Self>) -> bool {
combobox.rs	365	public	pub fn remove_selected_index(&mut self, index: IndexPath, cx: &mut Context<Self>) -> bool {
combobox.rs	376	public	pub fn clear_selection(&mut self, cx: &mut Context<Self>) {
combobox.rs	384	public	pub fn set_items(&mut self, items: D, _: &mut Window, cx: &mut Context<Self>) {
combobox.rs	391	public	pub fn focus(&self, window: &mut Window, cx: &mut App) {
combobox.rs	396	public	pub fn query(&self, cx: &App) -> SharedString {
combobox.rs	401	public	pub fn set_query(&self, query: impl Into<SharedString>, window: &mut Window, cx: &mut App) {
combobox.rs	595	impl	impl<D> Render for ComboboxState<D> where D: SearchableListDelegate + 'static, <D::Item as SearchableListItem>::Value: PartialEq + Clone, {
combobox.rs	715	impl	impl<D> EventEmitter<ComboboxEvent<D>> for ComboboxState<D> where D: SearchableListDelegate + 'static, <D::Item as SearchableListItem>::Value: PartialEq + Clone, {
combobox.rs	721	impl	impl<D> EventEmitter<DismissEvent> for ComboboxState<D> where D: SearchableListDelegate + 'static, <D::Item as SearchableListItem>::Value: PartialEq + Clone, {
combobox.rs	728	impl	impl<D> Focusable for ComboboxState<D> where D: SearchableListDelegate + 'static, <D::Item as SearchableListItem>::Value: PartialEq + Clone, {
combobox.rs	749	public	pub struct Combobox<D: SearchableListDelegate + 'static> where <D::Item as SearchableListItem>::Value: PartialEq + Clone, {
combobox.rs	763	impl	impl<D> Combobox<D> where D: SearchableListDelegate + 'static, <D::Item as SearchableListItem>::Value: PartialEq + Clone, {
combobox.rs	768	public	pub fn new(state: &Entity<ComboboxState<D>>) -> Self {
combobox.rs	780	public	pub fn menu_width(mut self, width: impl Into<Length>) -> Self {
combobox.rs	786	public	pub fn menu_max_h(mut self, max_h: impl Into<Length>) -> Self {
combobox.rs	792	public	pub fn placeholder(mut self, placeholder: impl Into<SharedString>) -> Self {
combobox.rs	798	public	pub fn icon(mut self, icon: impl Into<Icon>) -> Self {
combobox.rs	804	public	pub fn check_icon(mut self, icon: impl Into<Icon>) -> Self {
combobox.rs	810	public	pub fn search_placeholder(mut self, placeholder: impl Into<SharedString>) -> Self {
combobox.rs	816	public	pub fn cleanable(mut self, cleanable: bool) -> Self {
combobox.rs	822	public	pub fn disabled(mut self, disabled: bool) -> Self {
combobox.rs	828	public	pub fn empty<E: IntoElement + 'static>( mut self, builder: impl Fn(&mut Window, &App) -> E + 'static, ) -> Self {
combobox.rs	839	public	pub fn appearance(mut self, appearance: bool) -> Self {
combobox.rs	845	public	pub fn render_trigger<E: IntoElement + 'static>( mut self, f: impl Fn(&ComboboxTriggerContext<D>, &mut Window, &mut App) -> E + 'static, ) -> Self {
combobox.rs	856	public	pub fn footer<E: IntoElement + 'static>( mut self, f: impl Fn(&mut Window, &mut App) -> E + 'static, ) -> Self {
combobox.rs	865	impl	impl<D> Sizable for Combobox<D> where D: SearchableListDelegate + 'static, <D::Item as SearchableListItem>::Value: PartialEq + Clone, {
combobox.rs	876	impl	impl<D> crate::FocusableExt for Combobox<D> where D: SearchableListDelegate + 'static, <D::Item as SearchableListItem>::Value: PartialEq + Clone, {
combobox.rs	891	impl	impl<D> Styled for Combobox<D> where D: SearchableListDelegate + 'static, <D::Item as SearchableListItem>::Value: PartialEq + Clone, {
combobox.rs	901	impl	impl<D> RenderOnce for Combobox<D> where D: SearchableListDelegate + 'static, <D::Item as SearchableListItem>::Value: PartialEq + Clone, {
command/command.rs	28	impl	impl Default for CommandOptions {
command/command.rs	58	public	pub struct Command {
command/command.rs	70	impl	impl Command {
command/command.rs	72	public	pub fn new(state: &Entity<CommandState>) -> Self {
command/command.rs	87	public	pub fn item(mut self, item: CommandItem) -> Self {
command/command.rs	93	public	pub fn items(mut self, items: impl IntoIterator<Item = CommandItem>) -> Self {
command/command.rs	100	public	pub fn group(mut self, group: CommandGroup) -> Self {
command/command.rs	106	public	pub fn separator(mut self) -> Self {
command/command.rs	112	public	pub fn searchable(mut self, searchable: bool) -> Self {
command/command.rs	123	public	pub fn filterable(mut self, filterable: bool) -> Self {
command/command.rs	130	public	pub fn on_query<F>(mut self, callback: F) -> Self where F: Fn(&str, &mut Window, &mut App) + 'static, {
command/command.rs	145	public	pub fn on_select<F>(mut self, callback: F) -> Self where F: Fn(IndexPath, &mut Window, &mut App) + 'static, {
command/command.rs	157	public	pub fn on_confirm<F>(mut self, callback: F) -> Self where F: Fn(IndexPath, &mut Window, &mut App) + 'static, {
command/command.rs	168	public	pub fn on_cancel<F>(mut self, callback: F) -> Self where F: Fn(&mut Window, &mut App) + 'static, {
command/command.rs	177	public	pub fn placeholder(mut self, placeholder: impl Into<SharedString>) -> Self {
command/command.rs	183	public	pub fn empty<F, E>(mut self, f: F) -> Self where F: Fn(&CommandState, &mut Window, &mut App) -> E + 'static, E: IntoElement, {
command/command.rs	195	public	pub fn max_h(mut self, height: impl Into<DefiniteLength>) -> Self {
command/command.rs	204	public	pub fn bordered(mut self, bordered: bool) -> Self {
command/command.rs	210	public	pub fn header<F, E>(mut self, f: F) -> Self where F: Fn(&CommandState, &mut Window, &mut App) -> E + 'static, E: IntoElement, {
command/command.rs	222	public	pub fn footer<F, E>(mut self, f: F) -> Self where F: Fn(&CommandState, &mut Window, &mut App) -> E + 'static, E: IntoElement, {
command/command.rs	234	impl	impl Styled for Command {
command/command.rs	240	impl	impl RenderOnce for Command {
command/item.rs	9	public	pub struct CommandItem {
command/item.rs	21	impl	impl Clone for CommandItem {
command/item.rs	35	impl	impl CommandItem {
command/item.rs	37	public	pub fn new() -> Self {
command/item.rs	50	public	pub fn label(mut self, label: impl Into<SharedString>) -> Self {
command/item.rs	56	public	pub fn icon(mut self, icon: impl Into<Icon>) -> Self {
command/item.rs	64	public	pub fn action(mut self, action: Box<dyn Action>) -> Self {
command/item.rs	74	public	pub fn checked(mut self, checked: bool) -> Self {
command/item.rs	80	public	pub fn keywords<I, S>(mut self, keywords: I) -> Self where I: IntoIterator<Item = S>, S: Into<SharedString>, {
command/item.rs	95	public	pub fn child<F, E>(mut self, builder: F) -> Self where F: Fn(&mut Window, &mut App) -> E + 'static, E: IntoElement, {
command/item.rs	135	impl	impl Default for CommandItem {
command/item.rs	143	impl	impl Disableable for CommandItem {
command/item.rs	153	public	pub struct CommandGroup {
command/item.rs	158	impl	impl Clone for CommandGroup {
command/item.rs	167	impl	impl CommandGroup {
command/item.rs	169	public	pub fn new() -> Self {
command/item.rs	177	public	pub fn label(mut self, label: impl Into<SharedString>) -> Self {
command/item.rs	183	public	pub fn item(mut self, item: CommandItem) -> Self {
command/item.rs	189	public	pub fn items(mut self, items: impl IntoIterator<Item = CommandItem>) -> Self {
command/item.rs	195	public	pub fn heading(&self) -> Option<&SharedString> {
command/item.rs	201	public	pub enum CommandEntry {
command/item.rs	213	impl	impl Clone for CommandEntry {
command/item.rs	223	impl	impl From<CommandItem> for CommandEntry {
command/item.rs	229	impl	impl From<CommandGroup> for CommandEntry {
command/mod.rs	11	public	pub use command::Command;
command/mod.rs	12	public	pub use item::{CommandEntry, CommandGroup, CommandItem};
command/mod.rs	13	public	pub use state::CommandState;
command/state.rs	48	impl	impl Default for CommandModel {
command/state.rs	117	public	pub struct CommandState {
command/state.rs	140	impl	impl CommandState {
command/state.rs	142	public	pub fn new(window: &mut Window, cx: &mut Context<Self>) -> Self {
command/state.rs	201	public	pub fn query(&self, cx: &App) -> SharedString {
command/state.rs	209	public	pub fn set_query( &mut self, query: impl Into<SharedString>, window: &mut Window, cx: &mut Context<Self>, ) {
command/state.rs	231	public	pub fn selected_index(&self) -> Option<IndexPath> {
command/state.rs	243	public	pub fn set_selected_index( &mut self, index: Option<IndexPath>, window: &mut Window, cx: &mut Context<Self>, ) {
command/state.rs	276	public	pub fn matched_count(&self) -> usize {
command/state.rs	281	public	pub fn focus(&self, window: &mut Window, cx: &mut App) {
command/state.rs	293	public	pub fn set_loading(&mut self, loading: bool, window: &mut Window, cx: &mut Context<Self>) {
command/state.rs	301	public	pub fn is_loading(&self) -> bool {
command/state.rs	791	impl	impl Focusable for CommandState {
command/state.rs	801	impl	impl Render for CommandState {
component_traits.rs	1	public	pub use gpui_base::component_traits::Collapsible;
component_traits.rs	2	public	pub use gpui_base::{Disableable, Selectable};
description_list.rs	10	public	pub struct DescriptionList {
description_list.rs	20	public	pub enum DescriptionItem {
description_list.rs	31	public	pub enum DescriptionText {
description_list.rs	37	impl	impl From<&str> for DescriptionText {
description_list.rs	43	impl	impl From<Text> for DescriptionText {
description_list.rs	49	impl	impl From<AnyElement> for DescriptionText {
description_list.rs	55	impl	impl From<SharedString> for DescriptionText {
description_list.rs	61	impl	impl From<String> for DescriptionText {
description_list.rs	67	impl	impl RenderOnce for DescriptionText {
description_list.rs	77	impl	impl DescriptionItem {
description_list.rs	81	public	pub fn new(label: impl Into<DescriptionText>) -> Self {
description_list.rs	90	public	pub fn value(mut self, value: impl Into<DescriptionText>) -> Self {
description_list.rs	101	public	pub fn span(mut self, span: usize) -> Self {
description_list.rs	124	impl	impl DescriptionList {
description_list.rs	126	public	pub fn new() -> Self {
description_list.rs	138	public	pub fn vertical() -> Self {
description_list.rs	143	public	pub fn horizontal() -> Self {
description_list.rs	150	public	pub fn label_width(mut self, label_width: impl Into<DefiniteLength>) -> Self {
description_list.rs	156	public	pub fn layout(mut self, layout: Axis) -> Self {
description_list.rs	164	public	pub fn bordered(mut self, bordered: bool) -> Self {
description_list.rs	172	public	pub fn columns(mut self, columns: usize) -> Self {
description_list.rs	178	public	pub fn item( mut self, label: impl Into<DescriptionText>, value: impl Into<DescriptionText>, span: usize, ) -> Self {
description_list.rs	193	public	pub fn child(mut self, child: impl Into<DescriptionItem>) -> Self {
description_list.rs	199	public	pub fn children( mut self, children: impl IntoIterator<Item = impl Into<DescriptionItem>>, ) -> Self {
description_list.rs	209	public	pub fn separator(mut self) -> Self {
description_list.rs	243	impl	impl Sizable for DescriptionList {
description_list.rs	250	impl	impl RenderOnce for DescriptionList {
dialog/alert_dialog.rs	64	public	pub struct AlertDialog {
dialog/alert_dialog.rs	74	impl	impl AlertDialog {
dialog/alert_dialog.rs	79	public	pub fn new(cx: &mut App) -> Self {
dialog/alert_dialog.rs	96	public	pub fn confirm(mut self) -> Self {
dialog/alert_dialog.rs	109	public	pub fn trigger(mut self, trigger: impl IntoElement) -> Self {
dialog/alert_dialog.rs	132	public	pub fn content<F>(mut self, builder: F) -> Self where F: Fn(crate::dialog::DialogContent, &mut Window, &mut App) -> crate::dialog::DialogContent + 'static, {
dialog/alert_dialog.rs	146	public	pub fn footer(mut self, footer: impl IntoElement) -> Self {
dialog/alert_dialog.rs	161	public	pub fn icon(mut self, icon: impl IntoElement) -> Self {
dialog/alert_dialog.rs	169	public	pub fn title(mut self, title: impl IntoElement) -> Self {
dialog/alert_dialog.rs	177	public	pub fn description(mut self, description: impl IntoElement) -> Self {
dialog/alert_dialog.rs	199	public	pub fn button_props(mut self, button_props: DialogButtonProps) -> Self {
dialog/alert_dialog.rs	206	public	pub fn width(mut self, width: impl Into<Pixels>) -> Self {
dialog/alert_dialog.rs	212	public	pub fn show_cancel(mut self, show_cancel: bool) -> Self {
dialog/alert_dialog.rs	219	public	pub fn overlay_closable(self, _: bool) -> Self {
dialog/alert_dialog.rs	224	public	pub fn close_button(mut self, close_button: bool) -> Self {
dialog/alert_dialog.rs	230	public	pub fn keyboard(mut self, keyboard: bool) -> Self {
dialog/alert_dialog.rs	238	public	pub fn on_close( mut self, on_close: impl Fn(&ClickEvent, &mut Window, &mut App) + 'static, ) -> Self {
dialog/alert_dialog.rs	249	public	pub fn on_ok( mut self, on_ok: impl Fn(&ClickEvent, &mut Window, &mut App) -> bool + 'static, ) -> Self {
dialog/alert_dialog.rs	260	public	pub fn on_cancel( mut self, on_cancel: impl Fn(&ClickEvent, &mut Window, &mut App) -> bool + 'static, ) -> Self {
dialog/alert_dialog.rs	313	impl	impl Styled for AlertDialog {
dialog/alert_dialog.rs	319	impl	impl ParentElement for AlertDialog {
dialog/alert_dialog.rs	325	impl	impl AlertDialog {
dialog/alert_dialog.rs	356	impl	impl RenderOnce for AlertDialog {
dialog/content.rs	9	public	pub struct DialogContent {
dialog/content.rs	14	impl	impl DialogContent {
dialog/content.rs	15	public	pub fn new() -> Self {
dialog/content.rs	23	impl	impl ParentElement for DialogContent {
dialog/content.rs	29	impl	impl Styled for DialogContent {
dialog/content.rs	35	impl	impl RenderOnce for DialogContent {
dialog/description.rs	18	public	pub struct DialogDescription {
dialog/description.rs	24	impl	impl DialogDescription {
dialog/description.rs	25	public	pub fn new() -> Self {
dialog/description.rs	34	impl	impl ParentElement for DialogDescription {
dialog/description.rs	40	impl	impl Styled for DialogDescription {
dialog/description.rs	46	impl	impl RenderOnce for DialogDescription {
dialog/dialog.rs	22	public	pub static ANIMATION_DURATION: LazyLock<Duration> = LazyLock::new(|| Duration::from_secs_f64(0.25));
dialog/dialog.rs	23	public	pub use gpui_base::actions::{Cancel, Confirm};
dialog/dialog.rs	27	public	pub struct DialogButtonProps {
dialog/dialog.rs	38	impl	impl Default for DialogButtonProps {
dialog/dialog.rs	53	impl	impl DialogButtonProps {
dialog/dialog.rs	55	public	pub fn ok_text(mut self, ok_text: impl Into<SharedString>) -> Self {
dialog/dialog.rs	61	public	pub fn ok_variant(mut self, ok_variant: ButtonVariant) -> Self {
dialog/dialog.rs	67	public	pub fn cancel_text(mut self, cancel_text: impl Into<SharedString>) -> Self {
dialog/dialog.rs	73	public	pub fn cancel_variant(mut self, cancel_variant: ButtonVariant) -> Self {
dialog/dialog.rs	79	public	pub fn show_cancel(mut self, show_cancel: bool) -> Self {
dialog/dialog.rs	87	public	pub fn on_ok( mut self, on_ok: impl Fn(&ClickEvent, &mut Window, &mut App) -> bool + 'static, ) -> Self {
dialog/dialog.rs	98	public	pub fn on_cancel( mut self, on_cancel: impl Fn(&ClickEvent, &mut Window, &mut App) -> bool + 'static, ) -> Self {
dialog/dialog.rs	149	impl	impl RenderOnce for DialogButton {
dialog/dialog.rs	173	impl	impl Default for DialogProps {
dialog/dialog.rs	204	impl	impl BaseDialogRoot {
dialog/dialog.rs	246	impl	impl IntoElement for BaseDialogRoot {
dialog/dialog.rs	258	public	pub struct Dialog {
dialog/dialog.rs	285	impl	impl Dialog {
dialog/dialog.rs	287	public	pub fn new(cx: &mut App) -> Self {
dialog/dialog.rs	308	public	pub fn trigger(mut self, trigger: impl IntoElement) -> Self {
dialog/dialog.rs	314	public	pub fn content<F>(mut self, builder: F) -> Self where F: Fn(DialogContent, &mut Window, &mut App) -> DialogContent + 'static, {
dialog/dialog.rs	323	public	pub fn title(mut self, title: impl IntoElement) -> Self {
dialog/dialog.rs	339	public	pub fn footer(mut self, footer: impl IntoElement) -> Self {
dialog/dialog.rs	345	public	pub fn button_props(mut self, button_props: DialogButtonProps) -> Self {
dialog/dialog.rs	358	public	pub fn on_close( mut self, on_close: impl Fn(&ClickEvent, &mut Window, &mut App) + 'static, ) -> Self {
dialog/dialog.rs	369	public	pub fn on_ok( mut self, on_ok: impl Fn(&ClickEvent, &mut Window, &mut App) -> bool + 'static, ) -> Self {
dialog/dialog.rs	380	public	pub fn on_cancel( mut self, on_cancel: impl Fn(&ClickEvent, &mut Window, &mut App) -> bool + 'static, ) -> Self {
dialog/dialog.rs	389	public	pub fn close_button(mut self, close_button: bool) -> Self {
dialog/dialog.rs	395	public	pub fn margin_top(mut self, margin_top: impl Into<Pixels>) -> Self {
dialog/dialog.rs	405	public	pub fn w(mut self, width: impl Into<Pixels>) -> Self {
dialog/dialog.rs	413	public	pub fn width(mut self, width: impl Into<Pixels>) -> Self {
dialog/dialog.rs	419	public	pub fn max_w(mut self, max_width: impl Into<Pixels>) -> Self {
dialog/dialog.rs	425	public	pub fn overlay(mut self, overlay: bool) -> Self {
dialog/dialog.rs	433	public	pub fn overlay_closable(mut self, overlay_closable: bool) -> Self {
dialog/dialog.rs	439	public	pub fn keyboard(mut self, keyboard: bool) -> Self {
dialog/dialog.rs	460	impl	impl ParentElement for Dialog {
dialog/dialog.rs	466	impl	impl Styled for Dialog {
dialog/dialog.rs	472	impl	impl Dialog {
dialog/dialog.rs	506	impl	impl RenderOnce for Dialog {
dialog/dispatch_anchor.rs	21	impl	impl DialogDispatchAnchor {
dialog/footer.rs	23	public	pub struct DialogFooter {
dialog/footer.rs	28	impl	impl DialogFooter {
dialog/footer.rs	29	public	pub fn new() -> Self {
dialog/footer.rs	37	impl	impl ParentElement for DialogFooter {
dialog/footer.rs	43	impl	impl Styled for DialogFooter {
dialog/footer.rs	49	impl	impl RenderOnce for DialogFooter {
dialog/footer.rs	61	public	pub trait DialogFooterButton {
dialog/footer.rs	62	trait-member	fn is_cancel(&self) -> bool {
dialog/footer.rs	66	trait-member	fn is_action(&self) -> bool {
dialog/footer.rs	71	public	pub struct DialogClose {
dialog/footer.rs	75	impl	impl DialogClose {
dialog/footer.rs	76	public	pub fn new() -> Self {
dialog/footer.rs	83	public	pub fn trigger<E: IntoElement>(mut self, build: impl FnOnce(Button) -> E) -> Self {
dialog/footer.rs	91	impl	impl ParentElement for DialogClose {
dialog/footer.rs	97	impl	impl RenderOnce for DialogClose {
dialog/footer.rs	104	public	pub struct DialogAction {
dialog/footer.rs	108	impl	impl DialogAction {
dialog/footer.rs	109	public	pub fn new() -> Self {
dialog/footer.rs	116	impl	impl ParentElement for DialogAction {
dialog/footer.rs	122	impl	impl RenderOnce for DialogAction {
dialog/header.rs	17	public	pub struct DialogHeader {
dialog/header.rs	22	impl	impl DialogHeader {
dialog/header.rs	23	public	pub fn new() -> Self {
dialog/header.rs	31	impl	impl ParentElement for DialogHeader {
dialog/header.rs	37	impl	impl Styled for DialogHeader {
dialog/header.rs	43	impl	impl RenderOnce for DialogHeader {
dialog/mod.rs	10	public	pub use alert_dialog::*;
dialog/mod.rs	11	public	pub use content::DialogContent;
dialog/mod.rs	12	public	pub use description::DialogDescription;
dialog/mod.rs	13	public	pub use dialog::*;
dialog/mod.rs	15	public	pub use footer::*;
dialog/mod.rs	16	public	pub use header::DialogHeader;
dialog/mod.rs	17	public	pub use title::DialogTitle;
dialog/title.rs	11	public	pub struct DialogTitle {
dialog/title.rs	17	impl	impl DialogTitle {
dialog/title.rs	18	public	pub fn new() -> Self {
dialog/title.rs	27	impl	impl ParentElement for DialogTitle {
dialog/title.rs	33	impl	impl Styled for DialogTitle {
dialog/title.rs	39	impl	impl RenderOnce for DialogTitle {
dock/dock.rs	29	impl	impl Render for ResizePanel {
dock/dock.rs	35	impl	impl DockAreaRenderer for DockSkin {
dock/dock.rs	100	impl	impl DockSkin {
dock/dock.rs	144	impl	impl IntoElement for DockResizeTracker {
dock/dock.rs	152	impl	impl Element for DockResizeTracker {
dock/invalid_panel.rs	22	impl	impl InvalidPanel {
dock/invalid_panel.rs	36	impl	impl gpui_base::dock::Panel for InvalidPanel {
dock/invalid_panel.rs	46	impl	impl Panel for InvalidPanel {}
dock/invalid_panel.rs	48	impl	impl EventEmitter<PanelEvent> for InvalidPanel {}
dock/invalid_panel.rs	50	impl	impl Focusable for InvalidPanel {
dock/invalid_panel.rs	56	impl	impl Render for InvalidPanel {
dock/mod.rs	32	public	pub use gpui_base::dock::Panel as BasePanel;
dock/mod.rs	34	public	pub use gpui_base::dock::PanelView as BasePanelView;
dock/mod.rs	48	public	pub use gpui_base::dock::{
dock/mod.rs	56	public	pub use panel::*;
dock/mod.rs	57	public	pub use tab_panel::DragPanelPreview;
dock/mod.rs	86	impl	impl SkinShared {
dock/mod.rs	122	public	pub struct DockSkin {
dock/mod.rs	126	impl	impl DockSkin {
dock/mod.rs	132	public	pub fn dock_area( id: impl Into<SharedString>, version: Option<usize>, window: &mut Window, cx: &mut App, ) -> (Entity<DockArea>, Rc<Self>) {
dock/mod.rs	151	public	pub fn new(cx: &mut Context<DockArea>) -> Rc<Self> {
dock/mod.rs	167	public	pub fn panel_style(&self) -> PanelStyle {
dock/mod.rs	171	public	pub fn set_panel_style(&self, style: PanelStyle, cx: &mut App) {
dock/mod.rs	178	public	pub fn is_toggle_button_visible(&self) -> bool {
dock/mod.rs	182	public	pub fn set_toggle_button_visible(&self, visible: bool, cx: &mut App) {
dock/panel.rs	31	public	pub enum PanelStyle {
dock/panel.rs	40	public	pub struct TitleStyle {
dock/panel.rs	41	public	pub background: Hsla,
dock/panel.rs	42	public	pub foreground: Hsla,
dock/panel.rs	46	public	pub enum PanelControl {
dock/panel.rs	53	impl	impl PanelControl {
dock/panel.rs	55	public	pub fn toolbar_visible(&self) -> bool {
dock/panel.rs	60	public	pub fn menu_visible(&self) -> bool {
dock/panel.rs	71	public	pub trait Panel: gpui_base::dock::Panel {
dock/panel.rs	76	trait-member	fn tab_name(&self, cx: &App) -> Option<SharedString> {
dock/panel.rs	82	trait-member	fn title(&mut self, window: &mut Window, cx: &mut Context<Self>) -> impl IntoElement {
dock/panel.rs	87	trait-member	fn title_style(&self, cx: &App) -> Option<TitleStyle> {
dock/panel.rs	92	trait-member	fn title_suffix( &mut self, window: &mut Window, cx: &mut Context<Self>, ) -> Option<impl IntoElement> {
dock/panel.rs	101	trait-member	fn toolbar_buttons( &mut self, window: &mut Window, cx: &mut Context<Self>, ) -> Option<Vec<Button>> {
dock/panel.rs	110	trait-member	fn dropdown_menu( &mut self, menu: PopupMenu, window: &mut Window, cx: &mut Context<Self>, ) -> PopupMenu {
dock/panel.rs	131	trait-member	fn zoom_control(&self, cx: &App) -> Option<PanelControl> {
dock/panel.rs	137	trait-member	fn inner_padding(&self, cx: &App) -> bool {
dock/panel.rs	146	trait-member	fn title_bar(&self, cx: &App) -> bool {
dock/panel.rs	153	public	pub trait PanelView: gpui_base::dock::PanelView {
dock/panel.rs	154	trait-member	fn tab_name(&self, cx: &App) -> Option<SharedString>;
dock/panel.rs	155	trait-member	fn title(&self, window: &mut Window, cx: &mut App) -> AnyElement;
dock/panel.rs	156	trait-member	fn title_style(&self, cx: &App) -> Option<TitleStyle>;
dock/panel.rs	157	trait-member	fn title_suffix(&self, window: &mut Window, cx: &mut App) -> Option<AnyElement>;
dock/panel.rs	158	trait-member	fn toolbar_buttons(&self, window: &mut Window, cx: &mut App) -> Option<Vec<Button>>;
dock/panel.rs	159	trait-member	fn dropdown_menu(&self, menu: PopupMenu, window: &mut Window, cx: &mut App) -> PopupMenu;
dock/panel.rs	160	trait-member	fn zoom_control(&self, cx: &App) -> Option<PanelControl>;
dock/panel.rs	161	trait-member	fn inner_padding(&self, cx: &App) -> bool;
dock/panel.rs	162	trait-member	fn title_bar(&self, cx: &App) -> bool;
dock/panel.rs	165	impl	impl<T: Panel> PanelView for Entity<T> {
dock/panel.rs	215	public	pub struct PanelHandle(Arc<dyn PanelView>);
dock/panel.rs	217	impl	impl PanelHandle {
dock/panel.rs	218	public	pub fn new<P: Panel>(panel: Entity<P>) -> Self {
dock/panel.rs	223	public	pub fn from_view(panel: Arc<dyn PanelView>) -> Self {
dock/panel.rs	233	public	pub fn of(panel: &Arc<dyn gpui_base::dock::PanelView>) -> Option<&Self> {
dock/panel.rs	243	public	pub fn panel(&self) -> Arc<dyn PanelView> {
dock/panel.rs	251	impl	impl std::ops::Deref for PanelHandle {
dock/panel.rs	259	impl	impl gpui_base::dock::PanelView for PanelHandle {
dock/panel.rs	325	public	pub fn panel_handle<P: Panel>(panel: Entity<P>) -> Arc<dyn gpui_base::dock::PanelView> {
dock/tab_panel.rs	51	public	pub struct DragPanelPreview {
dock/tab_panel.rs	55	impl	impl Render for DragPanelPreview {
element_ext.rs	3	public	pub use gpui_base::ElementExt;
element_ext.rs	14	public	pub trait ChildElement: Sizable + IntoElement {
element_ext.rs	15	trait-member	fn with_ix(mut self, ix: usize) -> Self;
element_ext.rs	19	public	pub struct AnyChildElement(Box<dyn FnOnce(ChildElementOptions) -> AnyElement>);
element_ext.rs	21	impl	impl AnyChildElement {
element_ext.rs	22	public	pub fn new(element: impl ChildElement + 'static) -> Self {
element_ext.rs	31	public	pub fn into_any(self, ix: usize, size: Size) -> AnyElement {
empty.rs	14	public	pub struct Empty {
empty.rs	21	impl	impl Empty {
empty.rs	23	public	pub fn new() -> Self {
empty.rs	33	public	pub fn header(mut self, header: EmptyHeader) -> Self {
empty.rs	39	public	pub fn content(mut self, content: EmptyContent) -> Self {
empty.rs	45	impl	impl Default for Empty {
empty.rs	51	impl	impl ParentElement for Empty {
empty.rs	57	impl	impl Styled for Empty {
empty.rs	63	impl	impl RenderOnce for Empty {
empty.rs	89	public	pub struct EmptyHeader {
empty.rs	96	impl	impl EmptyHeader {
empty.rs	98	public	pub fn new() -> Self {
empty.rs	108	public	pub fn media(mut self, media: EmptyMedia) -> Self {
empty.rs	114	public	pub fn title(mut self, title: EmptyTitle) -> Self {
empty.rs	120	public	pub fn description(mut self, description: EmptyDescription) -> Self {
empty.rs	126	impl	impl Default for EmptyHeader {
empty.rs	132	impl	impl Styled for EmptyHeader {
empty.rs	138	impl	impl RenderOnce for EmptyHeader {
empty.rs	157	public	pub enum EmptyMediaVariant {
empty.rs	167	public	pub struct EmptyMedia {
empty.rs	173	impl	impl EmptyMedia {
empty.rs	175	public	pub fn new() -> Self {
empty.rs	184	public	pub fn with_variant(mut self, variant: EmptyMediaVariant) -> Self {
empty.rs	190	impl	impl Default for EmptyMedia {
empty.rs	196	impl	impl ParentElement for EmptyMedia {
empty.rs	202	impl	impl Styled for EmptyMedia {
empty.rs	208	impl	impl RenderOnce for EmptyMedia {
empty.rs	231	public	pub struct EmptyTitle {
empty.rs	236	impl	impl EmptyTitle {
empty.rs	238	public	pub fn new() -> Self {
empty.rs	246	impl	impl Default for EmptyTitle {
empty.rs	252	impl	impl ParentElement for EmptyTitle {
empty.rs	258	impl	impl Styled for EmptyTitle {
empty.rs	264	impl	impl RenderOnce for EmptyTitle {
empty.rs	279	public	pub struct EmptyDescription {
empty.rs	284	impl	impl EmptyDescription {
empty.rs	286	public	pub fn new() -> Self {
empty.rs	294	impl	impl Default for EmptyDescription {
empty.rs	300	impl	impl ParentElement for EmptyDescription {
empty.rs	306	impl	impl Styled for EmptyDescription {
empty.rs	312	impl	impl RenderOnce for EmptyDescription {
empty.rs	328	public	pub struct EmptyContent {
empty.rs	333	impl	impl EmptyContent {
empty.rs	335	public	pub fn new() -> Self {
empty.rs	343	impl	impl Default for EmptyContent {
empty.rs	349	impl	impl ParentElement for EmptyContent {
empty.rs	355	impl	impl Styled for EmptyContent {
empty.rs	361	impl	impl RenderOnce for EmptyContent {
form/field.rs	21	impl	impl Default for FieldProps {
form/field.rs	33	public	pub enum FieldBuilder {
form/field.rs	39	impl	impl Default for FieldBuilder {
form/field.rs	45	impl	impl From<AnyView> for FieldBuilder {
form/field.rs	51	impl	impl RenderOnce for FieldBuilder {
form/field.rs	61	impl	impl From<&'static str> for FieldBuilder {
form/field.rs	67	impl	impl From<String> for FieldBuilder {
form/field.rs	73	impl	impl From<SharedString> for FieldBuilder {
form/field.rs	81	public	pub struct Field {
form/field.rs	99	impl	impl Field {
form/field.rs	100	public	pub fn new() -> Self {
form/field.rs	119	public	pub fn label(mut self, label: impl Into<FieldBuilder>) -> Self {
form/field.rs	129	public	pub fn label_indent(mut self, indent: bool) -> Self {
form/field.rs	135	public	pub fn label_fn<F, E>(mut self, label: F) -> Self where E: IntoElement, F: Fn(&mut Window, &mut App) -> E + 'static, {
form/field.rs	147	public	pub fn description(mut self, description: impl Into<FieldBuilder>) -> Self {
form/field.rs	153	public	pub fn description_fn<F, E>(mut self, description: F) -> Self where E: IntoElement, F: Fn(&mut Window, &mut App) -> E + 'static, {
form/field.rs	165	public	pub fn visible(mut self, visible: bool) -> Self {
form/field.rs	171	public	pub fn required(mut self, required: bool) -> Self {
form/field.rs	186	public	pub fn items_start(mut self) -> Self {
form/field.rs	192	public	pub fn items_end(mut self) -> Self {
form/field.rs	198	public	pub fn items_center(mut self) -> Self {
form/field.rs	206	public	pub fn col_span(mut self, col_span: u16) -> Self {
form/field.rs	212	public	pub fn col_start(mut self, col_start: i16) -> Self {
form/field.rs	218	public	pub fn col_end(mut self, col_end: i16) -> Self {
form/field.rs	224	impl	impl ParentElement for Field {
form/field.rs	230	impl	impl Styled for Field {
form/field.rs	236	impl	impl RenderOnce for Field {
form/form.rs	14	public	pub struct Form {
form/form.rs	21	impl	impl Default for Form {
form/form.rs	27	impl	impl Form {
form/form.rs	29	public	pub fn new() -> Self {
form/form.rs	39	public	pub fn horizontal() -> Self {
form/form.rs	44	public	pub fn vertical() -> Self {
form/form.rs	51	public	pub fn layout(self, layout: Axis) -> Self {
form/form.rs	59	public	pub fn label_layout(mut self, layout: Axis) -> Self {
form/form.rs	65	public	pub fn label_width(mut self, width: Pixels) -> Self {
form/form.rs	71	public	pub fn label_text_size(mut self, size: Rems) -> Self {
form/form.rs	77	public	pub fn child(mut self, field: impl Into<Field>) -> Self {
form/form.rs	83	public	pub fn children(mut self, fields: impl IntoIterator<Item = Field>) -> Self {
form/form.rs	92	public	pub fn footer(mut self, footer: impl IntoElement) -> Self {
form/form.rs	100	public	pub fn columns(mut self, columns: usize) -> Self {
form/form.rs	106	impl	impl Styled for Form {
form/form.rs	112	impl	impl Sizable for Form {
form/form.rs	119	impl	impl RenderOnce for Form {
form/mod.rs	4	public	pub use field::*;
form/mod.rs	5	public	pub use form::*;
form/mod.rs	8	public	pub fn v_form() -> Form {
form/mod.rs	13	public	pub fn h_form() -> Form {
form/mod.rs	18	public	pub fn field() -> Field {
global_state.rs	3	public	pub use gpui_base::GlobalState;
group_box.rs	11	public	pub enum GroupBoxVariant {
group_box.rs	19	public	pub trait GroupBoxVariants: Sized {
group_box.rs	21	trait-member	fn with_variant(self, variant: GroupBoxVariant) -> Self;
group_box.rs	23	trait-member	fn normal(mut self) -> Self {
group_box.rs	28	trait-member	fn fill(mut self) -> Self {
group_box.rs	33	trait-member	fn outline(mut self) -> Self {
group_box.rs	39	impl	impl GroupBoxVariant {
group_box.rs	41	public	pub fn from_str(s: &str) -> Self {
group_box.rs	50	public	pub fn as_str(&self) -> &str {
group_box.rs	62	public	pub struct GroupBox {
group_box.rs	72	impl	impl GroupBox {
group_box.rs	74	public	pub fn new() -> Self {
group_box.rs	87	public	pub fn id(mut self, id: impl Into<ElementId>) -> Self {
group_box.rs	93	public	pub fn title(mut self, title: impl IntoElement) -> Self {
group_box.rs	99	public	pub fn title_style(mut self, style: StyleRefinement) -> Self {
group_box.rs	105	public	pub fn content_style(mut self, style: StyleRefinement) -> Self {
group_box.rs	111	impl	impl ParentElement for GroupBox {
group_box.rs	117	impl	impl Styled for GroupBox {
group_box.rs	123	impl	impl GroupBoxVariants for GroupBox {
group_box.rs	130	impl	impl RenderOnce for GroupBox {
highlighter/highlighter.rs	32	public	pub struct SyntaxHighlighter {
highlighter/highlighter.rs	93	impl	impl<'a> tree_sitter::TextProvider<&'a [u8]> for TextProvider<'a> {
highlighter/highlighter.rs	109	impl	impl<'a> Iterator for ByteChunks<'a> {
highlighter/highlighter.rs	270	impl	impl HighlightItem {
highlighter/highlighter.rs	271	public	pub fn new(range: Range<usize>, name: impl Into<SharedString>) -> Self {
highlighter/highlighter.rs	279	impl	impl sum_tree::Item for HighlightItem {
highlighter/highlighter.rs	292	impl	impl sum_tree::Summary for HighlightSummary {
highlighter/highlighter.rs	313	impl	impl<'a> sum_tree::Dimension<'a, HighlightSummary> for usize {
highlighter/highlighter.rs	321	impl	impl<'a> sum_tree::Dimension<'a, HighlightSummary> for Range<usize> {
highlighter/highlighter.rs	332	impl	impl SyntaxHighlighter {
highlighter/highlighter.rs	334	public	pub fn new(lang: &str) -> Self {
highlighter/highlighter.rs	493	public	pub fn is_empty(&self) -> bool {
highlighter/highlighter.rs	498	public	pub fn tree(&self) -> Option<&Tree> {
highlighter/highlighter.rs	504	public	pub fn edit_tree(&mut self, edit: Option<InputEdit>, text: &Rope) {
highlighter/highlighter.rs	512	public	pub fn language(&self) -> &SharedString {
highlighter/highlighter.rs	517	public	pub fn text(&self) -> &Rope {
highlighter/highlighter.rs	529	public	pub fn update( &mut self, edit: Option<InputEdit>, text: &Rope, timeout: Option<Duration>, ) -> bool {
highlighter/highlighter.rs	637	impl	impl CombinedRanges {
highlighter/highlighter.rs	1061	public	pub fn styles( &self, range: &Range<usize>, theme: &dyn gpui_base::input::HighlightStyleResolver, ) -> Vec<(Range<usize>, HighlightStyle)> {
highlighter/input_adapter.rs	35	impl	impl TreeSitterInputHighlighter {
highlighter/input_adapter.rs	44	impl	impl SyntaxHighlighter {
highlighter/input_adapter.rs	55	impl	impl InputHighlighter for TreeSitterInputHighlighter {
highlighter/input_adapter.rs	98	impl	impl Drop for CancelOnDrop {
highlighter/languages.rs	6	public	pub enum Language {
highlighter/languages.rs	83	impl	impl From<Language> for SharedString {
highlighter/languages.rs	89	impl	impl Language {
highlighter/languages.rs	90	public	pub fn all() -> impl Iterator<Item = Self> {
highlighter/languages.rs	94	public	pub fn name(&self) -> &'static str {
highlighter/languages.rs	174	public	pub fn from_str(s: &str) -> Self {
highlighter/mod.rs	2	public	pub use gpui_base::input::{
highlighter/mod.rs	30	public	pub use highlighter::*;
highlighter/mod.rs	32	public	pub use languages::*;
highlighter/mod.rs	34	public	pub use registry::*;
highlighter/mod.rs	40	public	pub use wasm_stub::*;
highlighter/registry.rs	60	public	pub struct LanguageConfig {
highlighter/registry.rs	61	public	pub name: SharedString,
highlighter/registry.rs	62	public	pub language: Option<tree_sitter::Language>,
highlighter/registry.rs	63	public	pub injection_languages: Vec<SharedString>,
highlighter/registry.rs	64	public	pub highlights: SharedString,
highlighter/registry.rs	65	public	pub injections: SharedString,
highlighter/registry.rs	66	public	pub locals: SharedString,
highlighter/registry.rs	70	public	pub type GrammarConfig = LanguageConfig;
highlighter/registry.rs	72	impl	impl LanguageConfig {
highlighter/registry.rs	73	public	pub fn new( name: impl Into<SharedString>, language: tree_sitter::Language, injection_languages: Vec<SharedString>, highlights: &str, injections: &str, locals: &str, ) -> Self {
highlighter/registry.rs	92	public	pub fn plain(name: impl Into<SharedString>) -> Self {
highlighter/registry.rs	104	public	pub fn has_grammar(&self) -> bool {
highlighter/registry.rs	113	public	pub struct SyntaxColors {
highlighter/registry.rs	114	public	pub attribute: Option<ThemeStyle>,
highlighter/registry.rs	115	public	pub boolean: Option<ThemeStyle>,
highlighter/registry.rs	116	public	pub comment: Option<ThemeStyle>,
highlighter/registry.rs	117	public	pub comment_doc: Option<ThemeStyle>,
highlighter/registry.rs	118	public	pub constant: Option<ThemeStyle>,
highlighter/registry.rs	119	public	pub constructor: Option<ThemeStyle>,
highlighter/registry.rs	120	public	pub embedded: Option<ThemeStyle>,
highlighter/registry.rs	121	public	pub emphasis: Option<ThemeStyle>,
highlighter/registry.rs	123	public	pub emphasis_strong: Option<ThemeStyle>,
highlighter/registry.rs	125	public	pub enum_: Option<ThemeStyle>,
highlighter/registry.rs	126	public	pub function: Option<ThemeStyle>,
highlighter/registry.rs	127	public	pub hint: Option<ThemeStyle>,
highlighter/registry.rs	128	public	pub keyword: Option<ThemeStyle>,
highlighter/registry.rs	129	public	pub label: Option<ThemeStyle>,
highlighter/registry.rs	131	public	pub link_text: Option<ThemeStyle>,
highlighter/registry.rs	133	public	pub link_uri: Option<ThemeStyle>,
highlighter/registry.rs	134	public	pub number: Option<ThemeStyle>,
highlighter/registry.rs	135	public	pub operator: Option<ThemeStyle>,
highlighter/registry.rs	136	public	pub predictive: Option<ThemeStyle>,
highlighter/registry.rs	137	public	pub preproc: Option<ThemeStyle>,
highlighter/registry.rs	138	public	pub primary: Option<ThemeStyle>,
highlighter/registry.rs	139	public	pub property: Option<ThemeStyle>,
highlighter/registry.rs	140	public	pub punctuation: Option<ThemeStyle>,
highlighter/registry.rs	142	public	pub punctuation_bracket: Option<ThemeStyle>,
highlighter/registry.rs	144	public	pub punctuation_delimiter: Option<ThemeStyle>,
highlighter/registry.rs	146	public	pub punctuation_list_marker: Option<ThemeStyle>,
highlighter/registry.rs	148	public	pub punctuation_special: Option<ThemeStyle>,
highlighter/registry.rs	149	public	pub string: Option<ThemeStyle>,
highlighter/registry.rs	151	public	pub string_escape: Option<ThemeStyle>,
highlighter/registry.rs	153	public	pub string_regex: Option<ThemeStyle>,
highlighter/registry.rs	155	public	pub string_special: Option<ThemeStyle>,
highlighter/registry.rs	157	public	pub string_special_symbol: Option<ThemeStyle>,
highlighter/registry.rs	158	public	pub tag: Option<ThemeStyle>,
highlighter/registry.rs	160	public	pub tag_doctype: Option<ThemeStyle>,
highlighter/registry.rs	162	public	pub text_code_span: Option<ThemeStyle>,
highlighter/registry.rs	164	public	pub text_literal: Option<ThemeStyle>,
highlighter/registry.rs	165	public	pub title: Option<ThemeStyle>,
highlighter/registry.rs	167	public	pub type_: Option<ThemeStyle>,
highlighter/registry.rs	168	public	pub variable: Option<ThemeStyle>,
highlighter/registry.rs	170	public	pub variable_special: Option<ThemeStyle>,
highlighter/registry.rs	171	public	pub variant: Option<ThemeStyle>,
highlighter/registry.rs	176	public	pub enum FontStyle {
highlighter/registry.rs	182	impl	impl From<FontStyle> for gpui::FontStyle {
highlighter/registry.rs	194	public	pub enum FontWeightContent {
highlighter/registry.rs	206	impl	impl From<FontWeightContent> for FontWeight {
highlighter/registry.rs	223	public	pub struct ThemeStyle {
highlighter/registry.rs	229	impl	impl From<ThemeStyle> for HighlightStyle {
highlighter/registry.rs	240	impl	impl SyntaxColors {
highlighter/registry.rs	241	public	pub fn style(&self, name: &str) -> Option<HighlightStyle> {
highlighter/registry.rs	309	public	pub fn style_for_index(&self, index: usize) -> Option<HighlightStyle> {
highlighter/registry.rs	315	public	pub struct StatusColors {
highlighter/registry.rs	348	impl	impl StatusColors {
highlighter/registry.rs	350	public	pub fn error(&self, cx: &App) -> Hsla {
highlighter/registry.rs	355	public	pub fn error_background(&self, cx: &App) -> Hsla {
highlighter/registry.rs	362	public	pub fn error_border(&self, cx: &App) -> Hsla {
highlighter/registry.rs	367	public	pub fn warning(&self, cx: &App) -> Hsla {
highlighter/registry.rs	372	public	pub fn warning_background(&self, cx: &App) -> Hsla {
highlighter/registry.rs	379	public	pub fn warning_border(&self, cx: &App) -> Hsla {
highlighter/registry.rs	384	public	pub fn info(&self, cx: &App) -> Hsla {
highlighter/registry.rs	389	public	pub fn info_background(&self, cx: &App) -> Hsla {
highlighter/registry.rs	396	public	pub fn info_border(&self, cx: &App) -> Hsla {
highlighter/registry.rs	401	public	pub fn success(&self, cx: &App) -> Hsla {
highlighter/registry.rs	406	public	pub fn success_background(&self, cx: &App) -> Hsla {
highlighter/registry.rs	413	public	pub fn success_border(&self, cx: &App) -> Hsla {
highlighter/registry.rs	418	public	pub fn hint(&self, cx: &App) -> Hsla {
highlighter/registry.rs	423	public	pub fn hint_background(&self, cx: &App) -> Hsla {
highlighter/registry.rs	430	public	pub fn hint_border(&self, cx: &App) -> Hsla {
highlighter/registry.rs	436	public	pub struct HighlightThemeStyle {
highlighter/registry.rs	438	public	pub editor_background: Option<Hsla>,
highlighter/registry.rs	440	public	pub editor_foreground: Option<Hsla>,
highlighter/registry.rs	442	public	pub editor_active_line: Option<Hsla>,
highlighter/registry.rs	444	public	pub editor_line_number: Option<Hsla>,
highlighter/registry.rs	446	public	pub editor_active_line_number: Option<Hsla>,
highlighter/registry.rs	448	public	pub editor_invisible: Option<Hsla>,
highlighter/registry.rs	452	public	pub editor_gutter_background: Option<Hsla>,
highlighter/registry.rs	454	public	pub status: StatusColors,
highlighter/registry.rs	456	public	pub syntax: SyntaxColors,
highlighter/registry.rs	465	public	pub struct HighlightTheme {
highlighter/registry.rs	466	public	pub name: String,
highlighter/registry.rs	468	public	pub appearance: ThemeMode,
highlighter/registry.rs	469	public	pub style: HighlightThemeStyle,
highlighter/registry.rs	472	impl	impl Deref for HighlightTheme {
highlighter/registry.rs	480	impl	impl HighlightTheme {
highlighter/registry.rs	481	public	pub fn default_dark() -> Arc<Self> {
highlighter/registry.rs	485	public	pub fn default_light() -> Arc<Self> {
highlighter/registry.rs	490	impl	impl gpui_base::input::HighlightStyleResolver for HighlightTheme {
highlighter/registry.rs	501	public	pub type LanguageParserFactory = Arc<dyn Fn() -> Result<(tree_sitter::Parser, tree_sitter::Language)> + Send + Sync>;
highlighter/registry.rs	505	public	pub struct LanguageRegistry {
highlighter/registry.rs	510	impl	impl LanguageRegistry {
highlighter/registry.rs	512	public	pub fn singleton() -> &'static LazyLock<LanguageRegistry> {
highlighter/registry.rs	525	public	pub fn register(&self, lang: &str, config: &GrammarConfig) {
highlighter/registry.rs	536	public	pub fn register_parser_factory(&self, lang: &str, factory: LanguageParserFactory) {
highlighter/registry.rs	602	public	pub fn languages(&self) -> Vec<SharedString> {
highlighter/registry.rs	607	public	pub fn language(&self, name: &str) -> Option<GrammarConfig> {
highlighter/wasm_stub.rs	11	public	pub struct SyntaxHighlighter;
highlighter/wasm_stub.rs	13	impl	impl SyntaxHighlighter {
highlighter/wasm_stub.rs	14	public	pub fn new(_language: impl AsRef<str>) -> Self {
highlighter/wasm_stub.rs	18	public	pub fn highlight(&self, _text: &ropey::Rope) -> Vec<(Range<usize>, HighlightStyle)> {
highlighter/wasm_stub.rs	22	public	pub fn styles( &self, range: &Range<usize>, _theme: &HighlightTheme, ) -> Vec<(Range<usize>, HighlightStyle)> {
highlighter/wasm_stub.rs	31	public	pub fn update( &mut self, _edit: Option<crate::input::InputEdit>, _text: &ropey::Rope, _timeout: Option<Duration>, ) -> bool {
highlighter/wasm_stub.rs	41	public	pub fn edit_tree(&mut self, _edit: Option<crate::input::InputEdit>, _text: &ropey::Rope) {
highlighter/wasm_stub.rs	45	public	pub fn language(&self) -> &SharedString {
highlighter/wasm_stub.rs	50	public	pub fn text(&self) -> &ropey::Rope {
highlighter/wasm_stub.rs	55	public	pub fn tree(&self) -> Option<&crate::input::Tree> {
highlighter/wasm_stub.rs	62	public	pub enum Language {
highlighter/wasm_stub.rs	66	impl	impl Language {
highlighter/wasm_stub.rs	67	public	pub fn from_str(_name: &str) -> Self {
highlighter/wasm_stub.rs	71	public	pub fn name(&self) -> &'static str {
highlighter/wasm_stub.rs	75	public	pub fn config(&self) -> GrammarConfig {
highlighter/wasm_stub.rs	81	public	pub fn all() -> impl Iterator<Item = Self> {
highlighter/wasm_stub.rs	88	public	pub struct LanguageConfig {
highlighter/wasm_stub.rs	89	public	pub name: SharedString,
highlighter/wasm_stub.rs	93	public	pub type GrammarConfig = LanguageConfig;
highlighter/wasm_stub.rs	95	impl	impl LanguageConfig {
highlighter/wasm_stub.rs	96	public	pub fn has_grammar(&self) -> bool {
highlighter/wasm_stub.rs	113	public	pub enum FontStyle {
highlighter/wasm_stub.rs	121	public	pub enum FontWeightContent {
highlighter/wasm_stub.rs	134	public	pub struct ThemeStyle {
highlighter/wasm_stub.rs	135	public	pub color: Option<gpui::Hsla>,
highlighter/wasm_stub.rs	136	public	pub font_style: Option<FontStyle>,
highlighter/wasm_stub.rs	137	public	pub font_weight: Option<FontWeightContent>,
highlighter/wasm_stub.rs	140	impl	impl From<ThemeStyle> for HighlightStyle {
highlighter/wasm_stub.rs	166	public	pub struct SyntaxColors {
highlighter/wasm_stub.rs	167	public	pub attribute: Option<ThemeStyle>,
highlighter/wasm_stub.rs	168	public	pub boolean: Option<ThemeStyle>,
highlighter/wasm_stub.rs	169	public	pub comment: Option<ThemeStyle>,
highlighter/wasm_stub.rs	170	public	pub comment_doc: Option<ThemeStyle>,
highlighter/wasm_stub.rs	171	public	pub constant: Option<ThemeStyle>,
highlighter/wasm_stub.rs	172	public	pub constructor: Option<ThemeStyle>,
highlighter/wasm_stub.rs	173	public	pub embedded: Option<ThemeStyle>,
highlighter/wasm_stub.rs	174	public	pub emphasis: Option<ThemeStyle>,
highlighter/wasm_stub.rs	176	public	pub emphasis_strong: Option<ThemeStyle>,
highlighter/wasm_stub.rs	178	public	pub enum_: Option<ThemeStyle>,
highlighter/wasm_stub.rs	179	public	pub function: Option<ThemeStyle>,
highlighter/wasm_stub.rs	180	public	pub hint: Option<ThemeStyle>,
highlighter/wasm_stub.rs	181	public	pub keyword: Option<ThemeStyle>,
highlighter/wasm_stub.rs	182	public	pub label: Option<ThemeStyle>,
highlighter/wasm_stub.rs	184	public	pub link_text: Option<ThemeStyle>,
highlighter/wasm_stub.rs	186	public	pub link_uri: Option<ThemeStyle>,
highlighter/wasm_stub.rs	187	public	pub number: Option<ThemeStyle>,
highlighter/wasm_stub.rs	188	public	pub operator: Option<ThemeStyle>,
highlighter/wasm_stub.rs	189	public	pub predictive: Option<ThemeStyle>,
highlighter/wasm_stub.rs	190	public	pub preproc: Option<ThemeStyle>,
highlighter/wasm_stub.rs	191	public	pub primary: Option<ThemeStyle>,
highlighter/wasm_stub.rs	192	public	pub property: Option<ThemeStyle>,
highlighter/wasm_stub.rs	193	public	pub punctuation: Option<ThemeStyle>,
highlighter/wasm_stub.rs	195	public	pub punctuation_bracket: Option<ThemeStyle>,
highlighter/wasm_stub.rs	197	public	pub punctuation_delimiter: Option<ThemeStyle>,
highlighter/wasm_stub.rs	199	public	pub punctuation_list_marker: Option<ThemeStyle>,
highlighter/wasm_stub.rs	201	public	pub punctuation_special: Option<ThemeStyle>,
highlighter/wasm_stub.rs	202	public	pub string: Option<ThemeStyle>,
highlighter/wasm_stub.rs	204	public	pub string_escape: Option<ThemeStyle>,
highlighter/wasm_stub.rs	206	public	pub string_regex: Option<ThemeStyle>,
highlighter/wasm_stub.rs	208	public	pub string_special: Option<ThemeStyle>,
highlighter/wasm_stub.rs	210	public	pub string_special_symbol: Option<ThemeStyle>,
highlighter/wasm_stub.rs	211	public	pub tag: Option<ThemeStyle>,
highlighter/wasm_stub.rs	213	public	pub tag_doctype: Option<ThemeStyle>,
highlighter/wasm_stub.rs	215	public	pub text_code_span: Option<ThemeStyle>,
highlighter/wasm_stub.rs	217	public	pub text_literal: Option<ThemeStyle>,
highlighter/wasm_stub.rs	218	public	pub title: Option<ThemeStyle>,
highlighter/wasm_stub.rs	220	public	pub type_: Option<ThemeStyle>,
highlighter/wasm_stub.rs	221	public	pub variable: Option<ThemeStyle>,
highlighter/wasm_stub.rs	223	public	pub variable_special: Option<ThemeStyle>,
highlighter/wasm_stub.rs	224	public	pub variant: Option<ThemeStyle>,
highlighter/wasm_stub.rs	227	impl	impl SyntaxColors {
highlighter/wasm_stub.rs	228	public	pub fn style(&self, name: &str) -> Option<HighlightStyle> {
highlighter/wasm_stub.rs	288	public	pub fn style_for_index(&self, index: usize) -> Option<HighlightStyle> {
highlighter/wasm_stub.rs	338	public	pub struct StatusColors {
highlighter/wasm_stub.rs	342	impl	impl StatusColors {
highlighter/wasm_stub.rs	343	public	pub fn error(&self, _cx: &gpui::App) -> gpui::Hsla {
highlighter/wasm_stub.rs	347	public	pub fn error_background(&self, _cx: &gpui::App) -> gpui::Hsla {
highlighter/wasm_stub.rs	351	public	pub fn error_border(&self, _cx: &gpui::App) -> gpui::Hsla {
highlighter/wasm_stub.rs	355	public	pub fn warning(&self, _cx: &gpui::App) -> gpui::Hsla {
highlighter/wasm_stub.rs	359	public	pub fn warning_background(&self, _cx: &gpui::App) -> gpui::Hsla {
highlighter/wasm_stub.rs	363	public	pub fn warning_border(&self, _cx: &gpui::App) -> gpui::Hsla {
highlighter/wasm_stub.rs	367	public	pub fn info(&self, _cx: &gpui::App) -> gpui::Hsla {
highlighter/wasm_stub.rs	371	public	pub fn info_background(&self, _cx: &gpui::App) -> gpui::Hsla {
highlighter/wasm_stub.rs	375	public	pub fn info_border(&self, _cx: &gpui::App) -> gpui::Hsla {
highlighter/wasm_stub.rs	379	public	pub fn success(&self, _cx: &gpui::App) -> gpui::Hsla {
highlighter/wasm_stub.rs	383	public	pub fn success_background(&self, _cx: &gpui::App) -> gpui::Hsla {
highlighter/wasm_stub.rs	387	public	pub fn success_border(&self, _cx: &gpui::App) -> gpui::Hsla {
highlighter/wasm_stub.rs	391	public	pub fn hint(&self, _cx: &gpui::App) -> gpui::Hsla {
highlighter/wasm_stub.rs	395	public	pub fn hint_background(&self, _cx: &gpui::App) -> gpui::Hsla {
highlighter/wasm_stub.rs	399	public	pub fn hint_border(&self, _cx: &gpui::App) -> gpui::Hsla {
highlighter/wasm_stub.rs	405	public	pub struct HighlightThemeStyle {
highlighter/wasm_stub.rs	406	public	pub editor_background: Option<gpui::Hsla>,
highlighter/wasm_stub.rs	407	public	pub editor_foreground: Option<gpui::Hsla>,
highlighter/wasm_stub.rs	408	public	pub editor_active_line: Option<gpui::Hsla>,
highlighter/wasm_stub.rs	409	public	pub editor_line_number: Option<gpui::Hsla>,
highlighter/wasm_stub.rs	410	public	pub editor_active_line_number: Option<gpui::Hsla>,
highlighter/wasm_stub.rs	411	public	pub editor_invisible: Option<gpui::Hsla>,
highlighter/wasm_stub.rs	413	public	pub editor_gutter_background: Option<gpui::Hsla>,
highlighter/wasm_stub.rs	415	public	pub status: StatusColors,
highlighter/wasm_stub.rs	417	public	pub syntax: SyntaxColors,
highlighter/wasm_stub.rs	421	public	pub struct HighlightTheme {
highlighter/wasm_stub.rs	422	public	pub name: String,
highlighter/wasm_stub.rs	424	public	pub appearance: crate::ThemeMode,
highlighter/wasm_stub.rs	425	public	pub style: HighlightThemeStyle,
highlighter/wasm_stub.rs	428	impl	impl std::ops::Deref for HighlightTheme {
highlighter/wasm_stub.rs	436	impl	impl HighlightTheme {
highlighter/wasm_stub.rs	437	public	pub fn default_dark() -> std::sync::Arc<Self> {
highlighter/wasm_stub.rs	442	public	pub fn default_light() -> std::sync::Arc<Self> {
highlighter/wasm_stub.rs	448	impl	impl gpui_base::input::HighlightStyleResolver for HighlightTheme {
highlighter/wasm_stub.rs	455	public	pub struct LanguageRegistry {
highlighter/wasm_stub.rs	459	impl	impl LanguageRegistry {
highlighter/wasm_stub.rs	460	public	pub fn singleton() -> &'static LazyLock<LanguageRegistry> {
highlighter/wasm_stub.rs	467	public	pub fn register(&self, lang: &str, config: &GrammarConfig) {
highlighter/wasm_stub.rs	483	public	pub fn languages(&self) -> Vec<SharedString> {
highlighter/wasm_stub.rs	487	public	pub fn language(&self, name: &str) -> Option<GrammarConfig> {
history.rs	1	public	pub use gpui_base::{History, UndoHistory};
hover_card.rs	8	public	pub use gpui_base::HoverCardState;
hover_card.rs	19	public	pub struct HoverCard {
hover_card.rs	37	impl	impl HoverCard {
hover_card.rs	39	public	pub fn new(id: impl Into<ElementId>) -> Self {
hover_card.rs	55	public	pub fn anchor(mut self, anchor: impl Into<Anchor>) -> Self {
hover_card.rs	61	public	pub fn trigger<T>(mut self, trigger: T) -> Self where T: IntoElement + 'static, {
hover_card.rs	70	public	pub fn content<F, E>(mut self, content: F) -> Self where F: Fn(&mut HoverCardState, &mut Window, &mut Context<HoverCardState>) -> E + 'static, E: IntoElement + 'static, {
hover_card.rs	82	public	pub fn open_delay(mut self, duration: Duration) -> Self {
hover_card.rs	88	public	pub fn close_delay(mut self, duration: Duration) -> Self {
hover_card.rs	94	public	pub fn appearance(mut self, appearance: bool) -> Self {
hover_card.rs	100	public	pub fn on_open_change<F>(mut self, callback: F) -> Self where F: Fn(&bool, &mut Window, &mut App) + 'static, {
hover_card.rs	109	impl	impl Styled for HoverCard {
hover_card.rs	115	impl	impl ParentElement for HoverCard {
hover_card.rs	121	impl	impl RenderOnce for HoverCard {
icon.rs	9	public	pub use gpui_kit_assets::IconNamed;
icon.rs	18	public	pub enum IconName {
icon.rs	22	impl	impl From<IconName> for gpui_kit_assets::IconName {
icon.rs	30	impl	impl IconNamed for IconName {
icon.rs	40	impl	impl IconName {
icon.rs	42	public	pub fn view(self, cx: &mut App) -> Entity<Icon> {
icon.rs	47	impl	impl From<IconName> for AnyElement {
icon.rs	53	impl	impl RenderOnce for IconName {
icon.rs	59	impl	impl<T: IconNamed> From<T> for Icon {
icon.rs	67	public	pub trait IconNameExt {
icon.rs	68	trait-member	fn view(self, cx: &mut App) -> Entity<Icon>;
icon.rs	71	impl	impl IconNameExt for gpui_kit_assets::IconName {
icon.rs	84	public	pub struct Icon {
icon.rs	92	impl	impl Default for Icon {
icon.rs	104	impl	impl Icon {
icon.rs	105	public	pub fn new(icon: impl Into<Icon>) -> Self {
icon.rs	117	public	pub fn path(mut self, path: impl Into<SharedString>) -> Self {
icon.rs	136	public	pub fn data(mut self, data: &[u8]) -> Self {
icon.rs	147	public	pub fn view(self, cx: &mut App) -> Entity<Icon> {
icon.rs	152	public	pub fn transform(mut self, transformation: gpui::Transformation) -> Self {
icon.rs	157	public	pub fn empty() -> Self {
icon.rs	164	public	pub fn rotate(mut self, radians: impl Into<Radians>) -> Self {
icon.rs	198	impl	impl Styled for Icon {
icon.rs	209	impl	impl Sizable for Icon {
icon.rs	216	impl	impl RenderOnce for Icon {
icon.rs	223	impl	impl From<Icon> for AnyElement {
icon.rs	229	impl	impl Render for Icon {
index_path.rs	1	public	pub use gpui_base::IndexPath;
input/content_type.rs	7	public	pub enum InputContentType {
input/content_type.rs	100	impl	impl InputContentType {
input/editor.rs	18	public	pub struct Editor {
input/editor.rs	38	impl	impl Editor {
input/editor.rs	39	public	pub fn new(state: &Entity<EditorState>) -> Self {
input/editor.rs	56	public	pub fn h(mut self, height: impl Into<DefiniteLength>) -> Self {
input/editor.rs	61	public	pub fn appearance(mut self, appearance: bool) -> Self {
input/editor.rs	66	public	pub fn bordered(mut self, bordered: bool) -> Self {
input/editor.rs	71	public	pub fn disabled(mut self, disabled: bool) -> Self {
input/editor.rs	81	public	pub fn readonly(mut self, readonly: bool) -> Self {
input/editor.rs	86	public	pub fn tab_index(mut self, index: isize) -> Self {
input/editor.rs	91	public	pub fn role(mut self, role: impl Into<RoleOverride>) -> Self {
input/editor.rs	96	public	pub fn aria_label(mut self, label: impl Into<SharedString>) -> Self {
input/editor.rs	105	public	pub fn context_menu( mut self, f: impl Fn(NativeMenu, &mut Window, &mut App) -> NativeMenu + 'static, ) -> Self {
input/editor.rs	119	public	pub fn on_paste( mut self, handler: impl Fn(&gpui::ClipboardItem, &mut Window, &mut App) -> bool + 'static, ) -> Self {
input/editor.rs	128	impl	impl Styled for Editor {
input/editor.rs	134	impl	impl RenderOnce for Editor {
input/group/button_element.rs	15	impl	impl InputGroupButtonElement {
input/group/button_element.rs	42	impl	impl IntoElement for InputGroupButtonElement {
input/group/button_element.rs	50	impl	impl Element for InputGroupButtonElement {
input/group.rs	34	public	pub struct InputGroup {
input/group.rs	47	impl	impl InputGroup {
input/group.rs	48	public	pub fn new(id: impl Into<ElementId>) -> Self {
input/group.rs	64	public	pub fn input(mut self, input: impl Into<InputGroupControl>) -> Self {
input/group.rs	70	public	pub fn addon(mut self, addon: InputGroupAddon) -> Self {
input/group.rs	76	public	pub fn disabled(mut self, disabled: bool) -> Self {
input/group.rs	82	public	pub fn readonly(mut self, readonly: bool) -> Self {
input/group.rs	88	public	pub fn invalid(mut self, invalid: bool) -> Self {
input/group.rs	94	public	pub fn aria_label(mut self, label: impl Into<SharedString>) -> Self {
input/group.rs	100	impl	impl Sizable for InputGroup {
input/group.rs	107	impl	impl crate::FocusableExt for InputGroup {
input/group.rs	118	impl	impl Styled for InputGroup {
input/group.rs	136	impl	impl RenderOnce for InputGroup {
input/group.rs	294	impl	impl GroupAppearance {
input/group.rs	329	public	pub enum InputGroupAddonAlignment {
input/group.rs	342	public	pub struct InputGroupAddon {
input/group.rs	349	impl	impl InputGroupAddon {
input/group.rs	350	public	pub fn new(id: impl Into<ElementId>) -> Self {
input/group.rs	359	public	pub fn align(mut self, alignment: InputGroupAddonAlignment) -> Self {
input/group.rs	427	impl	impl ParentElement for InputGroupAddon {
input/group.rs	433	impl	impl Styled for InputGroupAddon {
input/group.rs	439	impl	impl RenderOnce for InputGroupAddon {
input/group.rs	447	public	pub type InputGroupInput = Input;
input/group.rs	451	public	pub type InputGroupTextarea = Textarea;
input/group.rs	454	public	pub struct InputGroupControl(Input);
input/group.rs	456	impl	impl From<Input> for InputGroupControl {
input/group.rs	462	impl	impl From<Textarea> for InputGroupControl {
input/group.rs	472	public	pub struct InputGroupButton {
input/group.rs	478	impl	impl InputGroupButton {
input/group.rs	479	public	pub fn new(id: impl Into<ElementId>) -> Self {
input/group.rs	487	public	pub fn label(mut self, label: impl Into<SharedString>) -> Self {
input/group.rs	492	public	pub fn icon(mut self, icon: impl Into<Icon>) -> Self {
input/group.rs	497	public	pub fn accessibility_label(mut self, label: impl Into<SharedString>) -> Self {
input/group.rs	502	public	pub fn tooltip(mut self, tooltip: impl Into<SharedString>) -> Self {
input/group.rs	507	public	pub fn loading(mut self, loading: bool) -> Self {
input/group.rs	512	public	pub fn loading_icon(mut self, icon: impl Into<Icon>) -> Self {
input/group.rs	517	public	pub fn outline(mut self) -> Self {
input/group.rs	522	public	pub fn tab_index(mut self, tab_index: isize) -> Self {
input/group.rs	527	public	pub fn dropdown_caret(mut self, dropdown_caret: bool) -> Self {
input/group.rs	532	public	pub fn on_click( mut self, handler: impl Fn(&gpui::ClickEvent, &mut Window, &mut App) + 'static, ) -> Self {
input/group.rs	602	impl	impl Sizable for InputGroupButton {
input/group.rs	609	impl	impl ButtonVariants for InputGroupButton {
input/group.rs	616	impl	impl Disableable for InputGroupButton {
input/group.rs	623	impl	impl Selectable for InputGroupButton {
input/group.rs	634	impl	impl InteractiveElement for InputGroupButton {
input/group.rs	640	impl	impl crate::menu::DropdownMenu for InputGroupButton {}
input/group.rs	642	impl	impl IntoElement for InputGroupButton {
input/group.rs	654	impl	impl Styled for InputGroupButton {
input/group.rs	660	impl	impl ParentElement for InputGroupButton {
input/group.rs	666	impl	impl RenderOnce for InputGroupButton {
input/group.rs	674	public	pub struct InputGroupText {
input/group.rs	679	impl	impl InputGroupText {
input/group.rs	680	public	pub fn new() -> Self {
input/group.rs	685	impl	impl ParentElement for InputGroupText {
input/group.rs	691	impl	impl Styled for InputGroupText {
input/group.rs	697	impl	impl RenderOnce for InputGroupText {
input/input.rs	111	public	pub struct Input {
input/input.rs	143	impl	impl Sizable for Input {
input/input.rs	150	impl	impl Selectable for Input {
input/input.rs	161	impl	impl crate::FocusableExt for Input {
input/input.rs	172	impl	impl Input {
input/input.rs	174	public	pub fn id(mut self, id: impl Into<ElementId>) -> Self {
input/input.rs	180	public	pub fn new(state: &Entity<InputState>) -> Self {
input/input.rs	230	public	pub fn accessibility_id(mut self, id: impl Into<SharedString>) -> Self {
input/input.rs	235	public	pub fn aria_label(mut self, label: impl Into<SharedString>) -> Self {
input/input.rs	240	public	pub fn prefix(mut self, prefix: impl IntoElement) -> Self {
input/input.rs	245	public	pub fn suffix(mut self, suffix: impl IntoElement) -> Self {
input/input.rs	251	public	pub fn h_full(mut self) -> Self {
input/input.rs	257	public	pub fn h(mut self, height: impl Into<DefiniteLength>) -> Self {
input/input.rs	263	public	pub fn appearance(mut self, appearance: bool) -> Self {
input/input.rs	269	public	pub fn bordered(mut self, bordered: bool) -> Self {
input/input.rs	275	public	pub fn focus_bordered(mut self, bordered: bool) -> Self {
input/input.rs	281	public	pub fn cleanable(mut self, cleanable: bool) -> Self {
input/input.rs	287	public	pub fn mask_toggle(mut self) -> Self {
input/input.rs	296	public	pub fn content_type(mut self, content_type: InputContentType) -> Self {
input/input.rs	304	public	pub fn role(mut self, role: impl Into<RoleOverride>) -> Self {
input/input.rs	310	public	pub fn disabled(mut self, disabled: bool) -> Self {
input/input.rs	320	public	pub fn readonly(mut self, readonly: bool) -> Self {
input/input.rs	326	public	pub fn tab_index(mut self, index: isize) -> Self {
input/input.rs	334	public	pub fn context_menu( mut self, f: impl Fn(NativeMenu, &mut Window, &mut App) -> NativeMenu + 'static, ) -> Self {
input/input.rs	355	public	pub fn on_paste( mut self, handler: impl Fn(&gpui::ClipboardItem, &mut Window, &mut App) -> bool + 'static, ) -> Self {
input/input.rs	481	impl	impl Styled for Input {
input/input.rs	487	impl	impl RenderOnce for Input {
input/language_config.rs	3	public	pub use gpui_base::input::language_config::LanguageConfig;
input/language_config.rs	14	impl	impl gpui_base::input::LanguageProvider for ComponentLanguages {
input/mod.rs	4	public	pub mod language_config;
input/mod.rs	13	public	pub use content_type::*;
input/mod.rs	15	public	pub struct Tree;
input/mod.rs	19	public	pub use gpui_base::input::{
input/mod.rs	34	public	pub use gpui_base::input::{EditorMode, InputMode, InputModeKind, TextareaMode};
input/mod.rs	40	public	pub use editor::Editor;
input/mod.rs	41	public	pub use gpui_base::input::{
input/mod.rs	45	public	pub use group::*;
input/mod.rs	46	public	pub use input::*;
input/mod.rs	47	public	pub use lsp_types::Position;
input/mod.rs	48	public	pub use number_input::{NumberInput, NumberInputEvent, NumberStep, StepAction};
input/mod.rs	49	public	pub use otp_input::*;
input/mod.rs	50	public	pub use state::AnyInputState;
input/mod.rs	51	public	pub use textarea::Textarea;
input/number_input.rs	16	public	pub use gpui_base::{NumberInputEvent, NumberStep, StepAction};
input/number_input.rs	21	public	pub struct NumberInput {
input/number_input.rs	33	impl	impl NumberInput {
input/number_input.rs	35	public	pub fn new(state: &Entity<InputState>) -> Self {
input/number_input.rs	50	public	pub fn placeholder(mut self, placeholder: impl Into<SharedString>) -> Self {
input/number_input.rs	56	public	pub fn prefix(mut self, prefix: impl IntoElement) -> Self {
input/number_input.rs	62	public	pub fn suffix(mut self, suffix: impl IntoElement) -> Self {
input/number_input.rs	68	public	pub fn appearance(mut self, appearance: bool) -> Self {
input/number_input.rs	74	impl	impl Disableable for NumberInput {
input/number_input.rs	81	impl	impl crate::FocusableExt for NumberInput {
input/number_input.rs	92	impl	impl Focusable for NumberInput {
input/number_input.rs	98	impl	impl Sizable for NumberInput {
input/number_input.rs	105	impl	impl Styled for NumberInput {
input/number_input.rs	111	impl	impl RenderOnce for NumberInput {
input/otp_input.rs	11	public	pub use gpui_base::{OtpEvent, OtpState};
input/otp_input.rs	22	public	pub struct OtpInput {
input/otp_input.rs	30	impl	impl OtpInput {
input/otp_input.rs	32	public	pub fn new(state: &Entity<OtpState>) -> Self {
input/otp_input.rs	43	public	pub fn groups(mut self, n: usize) -> Self {
input/otp_input.rs	52	impl	impl Disableable for OtpInput {
input/otp_input.rs	58	impl	impl crate::FocusableExt for OtpInput {
input/otp_input.rs	68	impl	impl Sizable for OtpInput {
input/otp_input.rs	74	impl	impl RenderOnce for OtpInput {
input/overlay.rs	16	impl	impl<M: OverlayMode> Default for InputOverlayRegistry<M> {
input/overlay.rs	24	impl	impl<M: OverlayMode> Global for InputOverlayRegistry<M> {}
input/overlay.rs	90	impl	impl LspSnapshot {
input/overlay.rs	134	impl	impl OverlayMode for crate::input::InputMode {}
input/overlay.rs	135	impl	impl OverlayMode for crate::input::TextareaMode {}
input/overlay.rs	137	impl	impl OverlayMode for crate::input::EditorMode {
input/overlay.rs	279	public	pub search: Option<AnyElement>,
input/overlay.rs	280	public	pub floating: Vec<AnyElement>,
input/overlay.rs	283	impl	impl InputOverlays {
input/overlay.rs	295	impl	impl<M: OverlayMode> InputOverlayHost<M> {
input/popovers/code_action_menu.rs	26	impl	impl MenuDelegate {
input/popovers/code_action_menu.rs	45	impl	impl MenuItem {
input/popovers/code_action_menu.rs	55	impl	impl Selectable for MenuItem {
input/popovers/code_action_menu.rs	66	impl	impl ParentElement for MenuItem {
input/popovers/code_action_menu.rs	71	impl	impl RenderOnce for MenuItem {
input/popovers/code_action_menu.rs	96	impl	impl EventEmitter<DismissEvent> for MenuDelegate {}
input/popovers/code_action_menu.rs	98	impl	impl ListDelegate for MenuDelegate {
input/popovers/code_action_menu.rs	137	public	pub struct CodeActionMenu {
input/popovers/code_action_menu.rs	146	impl	impl CodeActionMenu {
input/popovers/code_action_menu.rs	299	impl	impl Render for CodeActionMenu {
input/popovers/completion_menu.rs	31	impl	impl ContextMenuDelegate {
input/popovers/completion_menu.rs	51	impl	impl CompletionMenuItem {
input/popovers/completion_menu.rs	67	impl	impl Selectable for CompletionMenuItem {
input/popovers/completion_menu.rs	78	impl	impl ParentElement for CompletionMenuItem {
input/popovers/completion_menu.rs	83	impl	impl RenderOnce for CompletionMenuItem {
input/popovers/completion_menu.rs	129	impl	impl EventEmitter<DismissEvent> for ContextMenuDelegate {}
input/popovers/completion_menu.rs	131	impl	impl ListDelegate for ContextMenuDelegate {
input/popovers/completion_menu.rs	170	public	pub struct CompletionMenu {
input/popovers/completion_menu.rs	182	impl	impl CompletionMenu {
input/popovers/completion_menu.rs	358	impl	impl Render for CompletionMenu {
input/popovers/diagnostic_popover.rs	15	public	pub struct DiagnosticPopover {
input/popovers/diagnostic_popover.rs	20	impl	impl DiagnosticPopover {
input/popovers/diagnostic_popover.rs	21	public	pub fn new( diagnostic: &DiagnosticEntry, state: Entity<EditorState>, cx: &mut App, ) -> Entity<Self> {
input/popovers/diagnostic_popover.rs	35	impl	impl Render for DiagnosticPopover {
input/popovers/hover_popover.rs	15	public	pub struct HoverPopover {
input/popovers/hover_popover.rs	22	impl	impl HoverPopover {
input/popovers/hover_popover.rs	23	public	pub fn new( editor: Entity<EditorState>, symbol_range: Range<usize>, hover: &lsp_types::Hover, cx: &mut App, ) -> Entity<Self> {
input/popovers/hover_popover.rs	39	impl	impl Render for HoverPopover {
input/popovers/hover_popover.rs	76	impl	impl Styled for Popover {
input/popovers/hover_popover.rs	82	impl	impl Popover {
input/popovers/hover_popover.rs	83	public	pub fn new<F, E>( id: impl Into<ElementId>, editor: Entity<EditorState>, range: Range<usize>, f: F, ) -> Self where F: Fn(&mut Window, &mut App) -> E + 'static, E: IntoElement, {
input/popovers/hover_popover.rs	110	impl	impl IntoElement for Popover {
input/popovers/hover_popover.rs	123	impl	impl Element for Popover {
input/search.rs	71	impl	impl<M: crate::input::overlay::OverlayMode> SearchPanel<M> {
input/search.rs	306	impl	impl<M: crate::input::overlay::OverlayMode> Focusable for SearchPanel<M> {
input/search.rs	312	impl	impl<M: crate::input::overlay::OverlayMode> Render for SearchPanel<M> {
input/state.rs	17	public	pub enum AnyInputState {
input/state.rs	54	impl	impl TextInputState {
input/state.rs	210	impl	impl From<&TextInputState> for AnyInputState {
input/state.rs	220	impl	impl From<Entity<InputState>> for TextInputState {
input/state.rs	226	impl	impl From<Entity<TextareaState>> for TextInputState {
input/state.rs	232	impl	impl From<Entity<EditorState>> for TextInputState {
input/state.rs	238	impl	impl AnyInputState {
input/state.rs	240	public	pub fn as_input(&self) -> Option<&Entity<InputState>> {
input/state.rs	248	public	pub fn as_textarea(&self) -> Option<&Entity<TextareaState>> {
input/state.rs	256	public	pub fn as_editor(&self) -> Option<&Entity<EditorState>> {
input/state.rs	264	public	pub fn as_otp(&self) -> Option<&Entity<OtpState>> {
input/state.rs	274	public	pub fn value(&self, cx: &App) -> SharedString {
input/state.rs	284	public	pub fn focus_handle(&self, cx: &App) -> FocusHandle {
input/state.rs	294	impl	impl From<Entity<InputState>> for AnyInputState {
input/state.rs	300	impl	impl From<Entity<TextareaState>> for AnyInputState {
input/state.rs	306	impl	impl From<Entity<EditorState>> for AnyInputState {
input/state.rs	312	impl	impl From<Entity<OtpState>> for AnyInputState {
input/syntax_context.rs	37	impl	impl TreeSitterSyntaxContext {
input/syntax_context.rs	65	impl	impl SyntaxContextProvider for TreeSitterSyntaxContext {
input/textarea.rs	14	public	pub struct Textarea {
input/textarea.rs	35	impl	impl Textarea {
input/textarea.rs	36	public	pub fn new(state: &Entity<TextareaState>) -> Self {
input/textarea.rs	54	public	pub fn h(mut self, height: impl Into<DefiniteLength>) -> Self {
input/textarea.rs	59	public	pub fn appearance(mut self, appearance: bool) -> Self {
input/textarea.rs	64	public	pub fn bordered(mut self, bordered: bool) -> Self {
input/textarea.rs	69	public	pub fn disabled(mut self, disabled: bool) -> Self {
input/textarea.rs	79	public	pub fn readonly(mut self, readonly: bool) -> Self {
input/textarea.rs	84	public	pub fn tab_index(mut self, index: isize) -> Self {
input/textarea.rs	89	public	pub fn role(mut self, role: impl Into<RoleOverride>) -> Self {
input/textarea.rs	95	public	pub fn accessibility_id(mut self, id: impl Into<SharedString>) -> Self {
input/textarea.rs	100	public	pub fn aria_label(mut self, label: impl Into<SharedString>) -> Self {
input/textarea.rs	109	public	pub fn context_menu( mut self, f: impl Fn(NativeMenu, &mut Window, &mut App) -> NativeMenu + 'static, ) -> Self {
input/textarea.rs	123	public	pub fn on_paste( mut self, handler: impl Fn(&gpui::ClipboardItem, &mut Window, &mut App) -> bool + 'static, ) -> Self {
input/textarea.rs	132	impl	impl Styled for Textarea {
input/textarea.rs	138	impl	impl Textarea {
input/textarea.rs	162	impl	impl RenderOnce for Textarea {
inspector.rs	72	public	pub struct DivInspector {
inspector.rs	84	impl	impl DivInspector {
inspector.rs	85	public	pub fn new(window: &mut Window, cx: &mut Context<Self>) -> Self {
inspector.rs	156	public	pub fn update_inspected_element( &mut self, inspector_id: InspectorElementId, state: DivInspectorState, window: &mut Window, cx: &mut Context<Self>, ) {
inspector.rs	285	impl	impl StyleMethods {
inspector.rs	405	impl	impl Render for DivInspector {
inspector.rs	567	impl	impl CompletionProvider for LspProvider {
kbd.rs	11	public	pub struct Kbd {
kbd.rs	18	impl	impl From<Keystroke> for Kbd {
kbd.rs	29	impl	impl Kbd {
kbd.rs	31	public	pub fn new(stroke: Keystroke) -> Self {
kbd.rs	41	public	pub fn appearance(mut self, appearance: bool) -> Self {
kbd.rs	47	public	pub fn outline(mut self) -> Self {
kbd.rs	53	public	pub fn binding_for_action( action: &dyn Action, context: Option<&str>, window: &Window, ) -> Option<Self> {
kbd.rs	74	public	pub fn binding_for_action_in( action: &dyn Action, focus_handle: &FocusHandle, window: &Window, ) -> Option<Self> {
kbd.rs	85	public	pub fn global_binding_for_action(action: &dyn Action, window: &Window) -> Option<Self> {
kbd.rs	100	public	pub fn format(key: &Keystroke) -> String {
kbd.rs	221	impl	impl Styled for Kbd {
kbd.rs	227	impl	impl RenderOnce for Kbd {
label.rs	14	public	pub enum HighlightsMatch {
label.rs	19	impl	impl HighlightsMatch {
label.rs	20	public	pub fn as_str(&self) -> &str {
label.rs	28	public	pub fn is_prefix(&self) -> bool {
label.rs	33	impl	impl From<&str> for HighlightsMatch {
label.rs	39	impl	impl From<String> for HighlightsMatch {
label.rs	45	impl	impl From<SharedString> for HighlightsMatch {
label.rs	53	public	pub struct Label {
label.rs	61	impl	impl Label {
label.rs	63	public	pub fn new(label: impl Into<SharedString>) -> Self {
label.rs	76	public	pub fn secondary(mut self, secondary: impl Into<SharedString>) -> Self {
label.rs	82	public	pub fn masked(mut self, masked: bool) -> Self {
label.rs	88	public	pub fn highlights(mut self, text: impl Into<HighlightsMatch>) -> Self {
label.rs	188	impl	impl Styled for Label {
label.rs	194	impl	impl RenderOnce for Label {
lib.rs	6	public	pub mod global_state;
lib.rs	22	public	pub use gpui_base::actions::*;
lib.rs	25	public	pub mod accordion;
lib.rs	26	public	pub mod alert;
lib.rs	27	public	pub mod attachment;
lib.rs	28	public	pub mod avatar;
lib.rs	29	public	pub mod badge;
lib.rs	30	public	pub mod breadcrumb;
lib.rs	31	public	pub mod bubble;
lib.rs	32	public	pub mod button;
lib.rs	33	public	pub mod carousel;
lib.rs	34	public	pub mod chart;
lib.rs	35	public	pub mod checkbox;
lib.rs	36	public	pub mod clipboard;
lib.rs	37	public	pub mod collapsible;
lib.rs	38	public	pub mod color_picker;
lib.rs	39	public	pub mod combobox;
lib.rs	40	public	pub mod command;
lib.rs	41	public	pub mod description_list;
lib.rs	42	public	pub mod dialog;
lib.rs	43	public	pub mod dock;
lib.rs	44	public	pub mod empty;
lib.rs	45	public	pub mod form;
lib.rs	46	public	pub mod group_box;
lib.rs	47	public	pub mod highlighter;
lib.rs	48	public	pub mod history;
lib.rs	49	public	pub mod hover_card;
lib.rs	50	public	pub mod input;
lib.rs	51	public	pub mod kbd;
lib.rs	52	public	pub mod label;
lib.rs	53	public	pub mod link;
lib.rs	54	public	pub mod list;
lib.rs	55	public	pub mod marker;
lib.rs	56	public	pub mod menu;
lib.rs	57	public	pub mod message;
lib.rs	58	public	pub mod message_scroller;
lib.rs	59	public	pub mod native_menu;
lib.rs	60	public	pub mod notification;
lib.rs	61	public	pub mod pagination;
lib.rs	62	public	pub mod plot;
lib.rs	63	public	pub mod popover;
lib.rs	64	public	pub mod progress;
lib.rs	65	public	pub mod radio;
lib.rs	66	public	pub mod rating;
lib.rs	68	public	pub mod resizable {
lib.rs	69	public	pub use super::{
lib.rs	74	public	pub mod scroll;
lib.rs	75	public	pub mod searchable_list;
lib.rs	76	public	pub mod select;
lib.rs	77	public	pub mod separator;
lib.rs	78	public	pub mod setting;
lib.rs	79	public	pub mod sheet;
lib.rs	80	public	pub mod shimmer;
lib.rs	81	public	pub mod sidebar;
lib.rs	82	public	pub mod skeleton;
lib.rs	83	public	pub mod slider;
lib.rs	84	public	pub mod spinner;
lib.rs	85	public	pub mod status_bar;
lib.rs	86	public	pub mod stepper;
lib.rs	87	public	pub mod switch;
lib.rs	88	public	pub mod tab;
lib.rs	89	public	pub mod table;
lib.rs	90	public	pub mod tag;
lib.rs	91	public	pub mod text;
lib.rs	92	public	pub mod theme;
lib.rs	93	public	pub mod tooltip;
lib.rs	94	public	pub mod tree;
lib.rs	96	public	pub use crate::Disableable;
lib.rs	97	public	pub use element_ext::*;
lib.rs	98	public	pub use global_state::GlobalState;
lib.rs	99	public	pub use gpui_base::animation;
lib.rs	103	public	pub use gpui_base::{
lib.rs	107	public	pub use gpui_base::{
lib.rs	111	public	pub use gpui_component_macros::icon_named;
lib.rs	112	public	pub use icon::*;
lib.rs	113	public	pub use index_path::IndexPath;
lib.rs	114	public	pub use input::{Rope, RopeExt, RopeLines};
lib.rs	116	public	pub use inspector::*;
lib.rs	117	public	pub use root::Root;
lib.rs	118	public	pub use styled::*;
lib.rs	119	public	pub use theme::*;
lib.rs	120	public	pub use time::{calendar, date_picker};
lib.rs	121	public	pub use title_bar::*;
lib.rs	122	public	pub use virtual_list::{VirtualList, VirtualListScrollHandle, h_virtual_list, v_virtual_list};
lib.rs	123	public	pub use window_border::{WindowBorder, window_border, window_paddings};
lib.rs	124	public	pub use window_ext::WindowExt;
lib.rs	131	public	pub fn init(cx: &mut App) {
lib.rs	153	public	pub fn locale() -> impl Deref<Target = str> {
lib.rs	158	public	pub fn set_locale(locale: &str) {
link.rs	10	public	pub struct Link {
link.rs	19	impl	impl Link {
link.rs	21	public	pub fn new(id: impl Into<ElementId>) -> Self {
link.rs	33	public	pub fn href(mut self, href: impl Into<SharedString>) -> Self {
link.rs	42	public	pub fn on_click( mut self, handler: impl Fn(&ClickEvent, &mut gpui::Window, &mut gpui::App) + 'static, ) -> Self {
link.rs	51	public	pub fn disabled(mut self, disabled: bool) -> Self {
link.rs	57	impl	impl Styled for Link {
link.rs	63	impl	impl ParentElement for Link {
link.rs	69	impl	impl RenderOnce for Link {
list/cache.rs	21	impl	impl RowEntry {
list/cache.rs	76	impl	impl RowsCache {
list/delegate.rs	10	public	pub trait ListDelegate: Sized + 'static {
list/delegate.rs	11	trait-member	type Item: Selectable + IntoElement;
list/delegate.rs	15	trait-member	fn perform_search( &mut self, query: &str, window: &mut Window, cx: &mut Context<ListState<Self>>, ) -> Task<()> {
list/delegate.rs	27	trait-member	fn sections_count(&self, cx: &App) -> usize {
list/delegate.rs	35	trait-member	fn items_count(&self, section: usize, cx: &App) -> usize;
list/delegate.rs	42	trait-member	fn render_item( &mut self, ix: IndexPath, window: &mut Window, cx: &mut Context<ListState<Self>>, ) -> Option<Self::Item>;
list/delegate.rs	52	trait-member	fn render_section_header( &mut self, section: usize, window: &mut Window, cx: &mut Context<ListState<Self>>, ) -> Option<impl IntoElement> {
list/delegate.rs	64	trait-member	fn render_section_footer( &mut self, section: usize, window: &mut Window, cx: &mut Context<ListState<Self>>, ) -> Option<impl IntoElement> {
list/delegate.rs	74	trait-member	fn render_empty( &mut self, window: &mut Window, cx: &mut Context<ListState<Self>>, ) -> impl IntoElement {
list/delegate.rs	95	trait-member	fn render_initial( &mut self, window: &mut Window, cx: &mut Context<ListState<Self>>, ) -> Option<AnyElement> {
list/delegate.rs	104	trait-member	fn loading(&self, cx: &App) -> bool {
list/delegate.rs	110	trait-member	fn render_loading( &mut self, window: &mut Window, cx: &mut Context<ListState<Self>>, ) -> impl IntoElement {
list/delegate.rs	119	trait-member	fn set_selected_index( &mut self, ix: Option<IndexPath>, window: &mut Window, cx: &mut Context<ListState<Self>>, );
list/delegate.rs	127	trait-member	fn set_right_clicked_index( &mut self, ix: Option<IndexPath>, window: &mut Window, cx: &mut Context<ListState<Self>>, ) {
list/delegate.rs	139	trait-member	fn confirm(&mut self, secondary: bool, window: &mut Window, cx: &mut Context<ListState<Self>>) {
list/delegate.rs	143	trait-member	fn cancel(&mut self, window: &mut Window, cx: &mut Context<ListState<Self>>) {}
list/delegate.rs	148	trait-member	fn has_more(&self, cx: &App) -> bool {
list/delegate.rs	159	trait-member	fn load_more_threshold(&self) -> usize {
list/delegate.rs	170	trait-member	fn load_more(&mut self, window: &mut Window, cx: &mut Context<ListState<Self>>) {}
list/list.rs	38	public	pub enum ListEvent {
list/list.rs	55	impl	impl Default for ListOptions {
list/list.rs	70	public	pub struct ListState<D: ListDelegate> {
list/list.rs	90	impl	impl<D> ListState<D> where D: ListDelegate, {
list/list.rs	94	public	pub fn new(delegate: D, window: &mut Window, cx: &mut Context<Self>) -> Self {
list/list.rs	125	public	pub fn searchable(mut self, searchable: bool) -> Self {
list/list.rs	130	public	pub fn set_searchable(&mut self, searchable: bool, cx: &mut Context<Self>) {
list/list.rs	136	public	pub fn selectable(mut self, selectable: bool) -> Self {
list/list.rs	142	public	pub fn set_selectable(&mut self, selectable: bool, cx: &mut Context<Self>) {
list/list.rs	147	public	pub fn delegate(&self) -> &D {
list/list.rs	151	public	pub fn delegate_mut(&mut self) -> &mut D {
list/list.rs	156	public	pub fn focus(&mut self, window: &mut Window, cx: &mut App) {
list/list.rs	184	public	pub fn set_selected_index( &mut self, ix: Option<IndexPath>, window: &mut Window, cx: &mut Context<Self>, ) {
list/list.rs	194	public	pub fn selected_index(&self) -> Option<IndexPath> {
list/list.rs	199	public	pub fn set_right_clicked_index( &mut self, ix: Option<IndexPath>, window: &mut Window, cx: &mut Context<Self>, ) {
list/list.rs	210	public	pub fn right_clicked_index(&self) -> Option<IndexPath> {
list/list.rs	215	public	pub fn set_query(&mut self, query: &str, window: &mut Window, cx: &mut Context<Self>) {
list/list.rs	228	public	pub fn set_item_to_measure_index( &mut self, ix: IndexPath, _: &mut Window, cx: &mut Context<Self>, ) {
list/list.rs	239	public	pub fn scroll_to_item( &mut self, ix: IndexPath, strategy: ScrollStrategy, _: &mut Window, cx: &mut Context<Self>, ) {
list/list.rs	259	public	pub fn scroll_handle(&self) -> &VirtualListScrollHandle {
list/list.rs	263	public	pub fn scroll_to_selected_item(&mut self, _: &mut Window, cx: &mut Context<Self>) {
list/list.rs	608	impl	impl<D> Focusable for ListState<D> where D: ListDelegate, {
list/list.rs	620	impl	impl<D> EventEmitter<ListEvent> for ListState<D> where D: ListDelegate {}
list/list.rs	621	impl	impl<D> Render for ListState<D> where D: ListDelegate, {
list/list.rs	721	public	pub struct List<D: ListDelegate + 'static> {
list/list.rs	727	impl	impl<D> List<D> where D: ListDelegate + 'static, {
list/list.rs	732	public	pub fn new(state: &Entity<ListState<D>>) -> Self {
list/list.rs	741	public	pub fn scrollbar_visible(mut self, visible: bool) -> Self {
list/list.rs	747	public	pub fn search_placeholder(mut self, placeholder: impl Into<SharedString>) -> Self {
list/list.rs	753	impl	impl<D> Styled for List<D> where D: ListDelegate + 'static, {
list/list.rs	762	impl	impl<D> Sizable for List<D> where D: ListDelegate + 'static, {
list/list.rs	772	impl	impl<D> RenderOnce for List<D> where D: ListDelegate + 'static, {
list/list_item.rs	18	impl	impl ListItemMode {
list/list_item.rs	26	public	pub struct ListItem {
list/list_item.rs	43	impl	impl ListItem {
list/list_item.rs	44	public	pub fn new(id: impl Into<ElementId>) -> Self {
list/list_item.rs	64	public	pub fn separator(mut self) -> Self {
list/list_item.rs	70	public	pub fn check_icon(mut self, icon: impl Into<Icon>) -> Self {
list/list_item.rs	76	public	pub fn selected(mut self, selected: bool) -> Self {
list/list_item.rs	82	public	pub fn confirmed(mut self, confirmed: bool) -> Self {
list/list_item.rs	87	public	pub fn disabled(mut self, disabled: bool) -> Self {
list/list_item.rs	93	public	pub fn suffix<F, E>(mut self, builder: F) -> Self where F: Fn(&mut Window, &mut App) -> E + 'static, E: IntoElement, {
list/list_item.rs	104	public	pub fn on_click( mut self, handler: impl Fn(&ClickEvent, &mut Window, &mut App) + 'static, ) -> Self {
list/list_item.rs	112	public	pub fn on_mouse_down( mut self, button: MouseButton, handler: impl Fn(&MouseDownEvent, &mut Window, &mut App) + 'static, ) -> Self {
list/list_item.rs	121	public	pub fn on_mouse_enter( mut self, handler: impl Fn(&MouseMoveEvent, &mut Window, &mut App) + 'static, ) -> Self {
list/list_item.rs	130	impl	impl Disableable for ListItem {
list/list_item.rs	137	impl	impl Selectable for ListItem {
list/list_item.rs	153	impl	impl Styled for ListItem {
list/list_item.rs	159	impl	impl ParentElement for ListItem {
list/list_item.rs	168	impl	impl InteractiveElement for ListItem {
list/list_item.rs	174	impl	impl StatefulInteractiveElement for ListItem {}
list/list_item.rs	176	impl	impl RenderOnce for ListItem {
list/loading.rs	6	public	pub struct Loading;
list/loading.rs	11	impl	impl RenderOnce for LoadingItem {
list/loading.rs	23	impl	impl RenderOnce for Loading {
list/mod.rs	8	public	pub use delegate::*;
list/mod.rs	9	public	pub use gpui_base::ListSettings;
list/mod.rs	10	public	pub use list::*;
list/mod.rs	11	public	pub use list_item::*;
list/mod.rs	12	public	pub use separator_item::*;
list/separator_item.rs	6	public	pub struct ListSeparatorItem {
list/separator_item.rs	11	impl	impl ListSeparatorItem {
list/separator_item.rs	12	public	pub fn new() -> Self {
list/separator_item.rs	20	impl	impl ParentElement for ListSeparatorItem {
list/separator_item.rs	26	impl	impl Selectable for ListSeparatorItem {
list/separator_item.rs	36	impl	impl RenderOnce for ListSeparatorItem {
marker.rs	14	public	pub enum MarkerVariant {
marker.rs	26	public	pub enum MarkerLoadingStyle {
marker.rs	48	public	pub struct Marker {
marker.rs	60	impl	impl Marker {
marker.rs	62	public	pub fn new() -> Self {
marker.rs	77	public	pub fn id(mut self, id: impl Into<ElementId>) -> Self {
marker.rs	88	public	pub fn role(mut self, role: impl Into<RoleOverride>) -> Self {
marker.rs	94	public	pub fn with_variant(mut self, variant: MarkerVariant) -> Self {
marker.rs	100	public	pub fn loading(mut self, loading: bool) -> Self {
marker.rs	106	public	pub fn with_loading_style(mut self, loading_style: MarkerLoadingStyle) -> Self {
marker.rs	112	public	pub fn with_shimmer_style(mut self, shimmer_style: ShimmerStyle) -> Self {
marker.rs	118	public	pub fn separator_style(mut self, style: StyleRefinement) -> Self {
marker.rs	124	public	pub fn icon(mut self, icon: MarkerIcon) -> Self {
marker.rs	130	public	pub fn content(mut self, content: MarkerContent) -> Self {
marker.rs	136	impl	impl Default for Marker {
marker.rs	142	impl	impl ParentElement for Marker {
marker.rs	149	impl	impl Styled for Marker {
marker.rs	155	impl	impl RenderOnce for Marker {
marker.rs	234	public	pub struct MarkerIcon {
marker.rs	239	impl	impl MarkerIcon {
marker.rs	241	public	pub fn new() -> Self {
marker.rs	249	impl	impl Default for MarkerIcon {
marker.rs	255	impl	impl ParentElement for MarkerIcon {
marker.rs	261	impl	impl Styled for MarkerIcon {
marker.rs	267	impl	impl RenderOnce for MarkerIcon {
marker.rs	281	public	pub struct MarkerContent {
marker.rs	294	impl	impl MarkerContent {
marker.rs	296	public	pub fn new() -> Self {
marker.rs	309	public	pub fn text(mut self, text: impl Into<SharedString>) -> Self {
marker.rs	315	impl	impl Default for MarkerContent {
marker.rs	321	impl	impl ParentElement for MarkerContent {
marker.rs	328	impl	impl Styled for MarkerContent {
marker.rs	334	impl	impl RenderOnce for MarkerContent {
menu/app_menu_bar.rs	17	public	pub fn init(cx: &mut App) {
menu/app_menu_bar.rs	26	public	pub struct AppMenuBar {
menu/app_menu_bar.rs	32	impl	impl AppMenuBar {
menu/app_menu_bar.rs	34	public	pub fn new(cx: &mut App) -> Entity<Self> {
menu/app_menu_bar.rs	47	public	pub fn reload(&mut self, cx: &mut Context<Self>) {
menu/app_menu_bar.rs	119	impl	impl Render for AppMenuBar {
menu/app_menu_bar.rs	147	impl	impl AppMenu {
menu/app_menu_bar.rs	257	impl	impl Render for AppMenu {
menu/context_menu.rs	13	public	pub trait ContextMenuExt: InteractiveElement + ParentElement + Styled {
menu/context_menu.rs	19	trait-member	fn context_menu( mut self, f: impl Fn(PopupMenu, &mut Window, &mut Context<PopupMenu>) -> PopupMenu + 'static, ) -> ContextMenu<Self> where Self: Sized, {
menu/context_menu.rs	39	impl	impl<E: InteractiveElement + ParentElement + Styled> ContextMenuExt for E {}
menu/context_menu.rs	42	public	pub struct ContextMenu<E: ParentElement + Styled + Sized> {
menu/context_menu.rs	51	impl	impl<E: ParentElement + Styled> ContextMenu<E> {
menu/context_menu.rs	53	public	pub fn new(id: impl Into<ElementId>, element: E) -> Self {
menu/context_menu.rs	91	impl	impl<E: ParentElement + Styled> ParentElement for ContextMenu<E> {
menu/context_menu.rs	99	impl	impl<E: ParentElement + Styled> Styled for ContextMenu<E> {
menu/context_menu.rs	109	impl	impl<E: ParentElement + Styled + IntoElement + 'static> IntoElement for ContextMenu<E> {
menu/context_menu.rs	129	public	pub struct ContextMenuState {
menu/context_menu.rs	134	impl	impl Default for ContextMenuState {
menu/context_menu.rs	149	impl	impl<E: ParentElement + Styled + IntoElement + 'static> Element for ContextMenu<E> {
menu/dropdown_menu.rs	12	public	pub trait DropdownMenu: Styled + Selectable + InteractiveElement + IntoElement + 'static {
menu/dropdown_menu.rs	14	trait-member	fn dropdown_menu( self, f: impl Fn(PopupMenu, &mut Window, &mut Context<PopupMenu>) -> PopupMenu + 'static, ) -> DropdownMenuPopover<Self> {
menu/dropdown_menu.rs	22	trait-member	fn dropdown_menu_with_anchor( mut self, anchor: impl Into<Anchor>, f: impl Fn(PopupMenu, &mut Window, &mut Context<PopupMenu>) -> PopupMenu + 'static, ) -> DropdownMenuPopover<Self> {
menu/dropdown_menu.rs	34	impl	impl DropdownMenu for Button {}
menu/dropdown_menu.rs	37	public	pub struct DropdownMenuPopover<T: Selectable + IntoElement + 'static> {
menu/dropdown_menu.rs	46	impl	impl<T> DropdownMenuPopover<T> where T: Selectable + IntoElement + 'static, {
menu/dropdown_menu.rs	67	public	pub fn anchor(mut self, anchor: impl Into<Anchor>) -> Self {
menu/dropdown_menu.rs	81	public	pub fn on_open_change( mut self, callback: impl Fn(&bool, &mut Window, &mut App) + 'static, ) -> Self {
menu/dropdown_menu.rs	95	impl	impl<T> RenderOnce for DropdownMenuPopover<T> where T: Selectable + IntoElement + 'static, {
menu/dropdown_menu.rs	107	impl	impl<T> DropdownMenuPopover<T> where T: Selectable + IntoElement + 'static, {
menu/dropdown_menu.rs	199	impl	impl TriggerFocus {
menu/dropdown_menu.rs	211	impl	impl IntoElement for TriggerFocus {
menu/dropdown_menu.rs	219	impl	impl Element for TriggerFocus {
menu/menu_item.rs	23	impl	impl MenuItemElement {
menu/menu_item.rs	69	public	pub fn on_hover(mut self, handler: impl Fn(&bool, &mut Window, &mut App) + 'static) -> Self {
menu/menu_item.rs	75	impl	impl Disableable for MenuItemElement {
menu/menu_item.rs	82	impl	impl Styled for MenuItemElement {
menu/menu_item.rs	88	impl	impl ParentElement for MenuItemElement {
menu/menu_item.rs	94	impl	impl RenderOnce for MenuItemElement {
menu/mod.rs	9	public	pub use app_menu_bar::AppMenuBar;
menu/mod.rs	10	public	pub use context_menu::{ContextMenu, ContextMenuExt, ContextMenuState};
menu/mod.rs	11	public	pub use dropdown_menu::DropdownMenu;
menu/mod.rs	12	public	pub use popup_menu::{PopupMenu, PopupMenuItem};
menu/popup_menu.rs	21	public	pub fn init(cx: &mut App) {
menu/popup_menu.rs	33	public	pub enum PopupMenuItem {
menu/popup_menu.rs	67	impl	impl FluentBuilder for PopupMenuItem {}
menu/popup_menu.rs	68	impl	impl PopupMenuItem {
menu/popup_menu.rs	71	public	pub fn new(label: impl Into<SharedString>) -> Self {
menu/popup_menu.rs	85	public	pub fn element<F, E>(builder: F) -> Self where F: Fn(&mut Window, &mut App) -> E + 'static, E: IntoElement, {
menu/popup_menu.rs	102	public	pub fn submenu(label: impl Into<SharedString>, menu: Entity<PopupMenu>) -> Self {
menu/popup_menu.rs	113	public	pub fn separator() -> Self {
menu/popup_menu.rs	119	public	pub fn label(label: impl Into<SharedString>) -> Self {
menu/popup_menu.rs	126	public	pub fn icon(mut self, icon: impl Into<Icon>) -> Self {
menu/popup_menu.rs	145	public	pub fn action(mut self, action: Box<dyn Action>) -> Self {
menu/popup_menu.rs	161	public	pub fn disabled(mut self, disabled: bool) -> Self {
menu/popup_menu.rs	180	public	pub fn checked(mut self, checked: bool) -> Self {
menu/popup_menu.rs	196	public	pub fn on_click<F>(mut self, handler: F) -> Self where F: Fn(&ClickEvent, &mut Window, &mut App) + 'static, {
menu/popup_menu.rs	214	public	pub fn link(label: impl Into<SharedString>, href: impl Into<String>) -> Self {
menu/popup_menu.rs	282	public	pub struct PopupMenu {
menu/popup_menu.rs	333	impl	impl PopupMenu {
menu/popup_menu.rs	358	public	pub fn build( window: &mut Window, cx: &mut App, f: impl FnOnce(Self, &mut Window, &mut Context<PopupMenu>) -> Self, ) -> Entity<Self> {
menu/popup_menu.rs	371	public	pub fn action_context(mut self, handle: FocusHandle) -> Self {
menu/popup_menu.rs	429	public	pub fn min_w(mut self, width: impl Into<Pixels>) -> Self {
menu/popup_menu.rs	435	public	pub fn max_w(mut self, width: impl Into<Pixels>) -> Self {
menu/popup_menu.rs	441	public	pub fn max_h(mut self, height: impl Into<Pixels>) -> Self {
menu/popup_menu.rs	447	public	pub fn scrollable(mut self, scrollable: bool) -> Self {
menu/popup_menu.rs	453	public	pub fn check_side(mut self, side: Side) -> Self {
menu/popup_menu.rs	459	public	pub fn external_link_icon(mut self, visible: bool) -> Self {
menu/popup_menu.rs	465	public	pub fn menu(self, label: impl Into<SharedString>, action: Box<dyn Action>) -> Self {
menu/popup_menu.rs	470	public	pub fn menu_with_enable( mut self, label: impl Into<SharedString>, action: Box<dyn Action>, enable: bool, ) -> Self {
menu/popup_menu.rs	481	public	pub fn menu_with_disabled( mut self, label: impl Into<SharedString>, action: Box<dyn Action>, disabled: bool, ) -> Self {
menu/popup_menu.rs	492	public	pub fn label(mut self, label: impl Into<SharedString>) -> Self {
menu/popup_menu.rs	498	public	pub fn link(self, label: impl Into<SharedString>, href: impl Into<String>) -> Self {
menu/popup_menu.rs	503	public	pub fn link_with_disabled( mut self, label: impl Into<SharedString>, href: impl Into<String>, disabled: bool, ) -> Self {
menu/popup_menu.rs	516	public	pub fn link_with_icon( self, label: impl Into<SharedString>, icon: impl Into<Icon>, href: impl Into<String>, ) -> Self {
menu/popup_menu.rs	543	public	pub fn menu_with_icon( self, label: impl Into<SharedString>, icon: impl Into<Icon>, action: Box<dyn Action>, ) -> Self {
menu/popup_menu.rs	553	public	pub fn menu_with_icon_and_disabled( mut self, label: impl Into<SharedString>, icon: impl Into<Icon>, action: Box<dyn Action>, disabled: bool, ) -> Self {
menu/popup_menu.rs	565	public	pub fn menu_with_check( self, label: impl Into<SharedString>, checked: bool, action: Box<dyn Action>, ) -> Self {
menu/popup_menu.rs	575	public	pub fn menu_with_check_and_disabled( mut self, label: impl Into<SharedString>, checked: bool, action: Box<dyn Action>, disabled: bool, ) -> Self {
menu/popup_menu.rs	587	public	pub fn menu_element<F, E>(self, action: Box<dyn Action>, builder: F) -> Self where F: Fn(&mut Window, &mut App) -> E + 'static, E: IntoElement, {
menu/popup_menu.rs	596	public	pub fn menu_element_with_disabled<F, E>( self, action: Box<dyn Action>, disabled: bool, builder: F, ) -> Self where F: Fn(&mut Window, &mut App) -> E + 'static, E: IntoElement, {
menu/popup_menu.rs	610	public	pub fn menu_element_with_icon<F, E>( self, icon: impl Into<Icon>, action: Box<dyn Action>, builder: F, ) -> Self where F: Fn(&mut Window, &mut App) -> E + 'static, E: IntoElement, {
menu/popup_menu.rs	624	public	pub fn menu_element_with_check<F, E>( self, checked: bool, action: Box<dyn Action>, builder: F, ) -> Self where F: Fn(&mut Window, &mut App) -> E + 'static, E: IntoElement, {
menu/popup_menu.rs	680	public	pub fn separator(mut self) -> Self {
menu/popup_menu.rs	694	public	pub fn submenu( self, label: impl Into<SharedString>, window: &mut Window, cx: &mut Context<Self>, f: impl Fn(PopupMenu, &mut Window, &mut Context<PopupMenu>) -> PopupMenu + 'static, ) -> Self {
menu/popup_menu.rs	705	public	pub fn submenu_with_icon( mut self, icon: Option<Icon>, label: impl Into<SharedString>, window: &mut Window, cx: &mut Context<Self>, f: impl Fn(PopupMenu, &mut Window, &mut Context<PopupMenu>) -> PopupMenu + 'static, ) -> Self {
menu/popup_menu.rs	728	public	pub fn item(mut self, item: impl Into<PopupMenuItem>) -> Self {
menu/popup_menu.rs	753	public	pub fn rebuild( &mut self, window: &mut Window, cx: &mut Context<Self>, f: impl FnOnce(Self, &mut Window, &mut Context<Self>) -> Self, ) {
menu/popup_menu.rs	841	public	pub fn is_empty(&self) -> bool {
menu/popup_menu.rs	1406	impl	impl FluentBuilder for PopupMenu {}
menu/popup_menu.rs	1407	impl	impl EventEmitter<DismissEvent> for PopupMenu {}
menu/popup_menu.rs	1408	impl	impl Focusable for PopupMenu {
menu/popup_menu.rs	1421	impl	impl Render for PopupMenu {
message.rs	10	public	pub enum MessageAlignment {
message.rs	20	public	pub struct MessageGroup {
message.rs	25	impl	impl MessageGroup {
message.rs	27	public	pub fn new() -> Self {
message.rs	35	impl	impl Default for MessageGroup {
message.rs	41	impl	impl ParentElement for MessageGroup {
message.rs	47	impl	impl Styled for MessageGroup {
message.rs	53	impl	impl RenderOnce for MessageGroup {
message.rs	68	public	pub struct Message {
message.rs	78	impl	impl Message {
message.rs	80	public	pub fn new() -> Self {
message.rs	93	public	pub fn alignment(mut self, alignment: MessageAlignment) -> Self {
message.rs	99	public	pub fn with_stack_style(mut self, style: StyleRefinement) -> Self {
message.rs	105	public	pub fn avatar(mut self, avatar: impl IntoElement) -> Self {
message.rs	111	public	pub fn avatar_slot(mut self, avatar: MessageAvatar) -> Self {
message.rs	117	public	pub fn header(mut self, header: MessageHeader) -> Self {
message.rs	123	public	pub fn content(mut self, content: MessageContent) -> Self {
message.rs	129	public	pub fn footer(mut self, footer: MessageFooter) -> Self {
message.rs	135	impl	impl Default for Message {
message.rs	141	impl	impl Styled for Message {
message.rs	147	impl	impl RenderOnce for Message {
message.rs	222	public	pub struct MessageAvatar {
message.rs	227	impl	impl MessageAvatar {
message.rs	229	public	pub fn new() -> Self {
message.rs	237	impl	impl Default for MessageAvatar {
message.rs	243	impl	impl ParentElement for MessageAvatar {
message.rs	249	impl	impl Styled for MessageAvatar {
message.rs	255	impl	impl RenderOnce for MessageAvatar {
message.rs	276	public	pub struct MessageHeader {
message.rs	282	impl	impl MessageHeader {
message.rs	284	public	pub fn new() -> Self {
message.rs	293	public	pub fn content_inset(mut self, content_inset: bool) -> Self {
message.rs	304	impl	impl Default for MessageHeader {
message.rs	310	impl	impl ParentElement for MessageHeader {
message.rs	316	impl	impl Styled for MessageHeader {
message.rs	322	impl	impl RenderOnce for MessageHeader {
message.rs	342	public	pub struct MessageContent {
message.rs	349	impl	impl MessageContent {
message.rs	351	public	pub fn new() -> Self {
message.rs	365	public	pub fn bubble(mut self, bubble: Bubble) -> Self {
message.rs	377	impl	impl Default for MessageContent {
message.rs	383	impl	impl ParentElement for MessageContent {
message.rs	389	impl	impl Styled for MessageContent {
message.rs	395	impl	impl RenderOnce for MessageContent {
message.rs	413	public	pub struct MessageFooter {
message.rs	419	impl	impl MessageFooter {
message.rs	421	public	pub fn new() -> Self {
message.rs	430	public	pub fn content_inset(mut self, content_inset: bool) -> Self {
message.rs	441	impl	impl Default for MessageFooter {
message.rs	447	impl	impl ParentElement for MessageFooter {
message.rs	453	impl	impl Styled for MessageFooter {
message.rs	459	impl	impl RenderOnce for MessageFooter {
message_scroller.rs	26	public	pub struct MessageScrollerState {
message_scroller.rs	30	impl	impl MessageScrollerState {
message_scroller.rs	36	public	pub fn new(item_count: usize, cx: &mut Context<Self>) -> Self {
message_scroller.rs	53	public	pub fn item_count(&self) -> usize {
message_scroller.rs	58	public	pub fn is_scrolled_up(&self) -> bool {
message_scroller.rs	65	public	pub fn is_following_tail(&self) -> bool {
message_scroller.rs	70	public	pub fn reset(&mut self, item_count: usize, cx: &mut Context<Self>) {
message_scroller.rs	80	public	pub fn splice( &mut self, old_range: Range<usize>, count: usize, cx: &mut Context<Self>, ) -> bool {
message_scroller.rs	109	public	pub fn append(&mut self, count: usize, cx: &mut Context<Self>) -> bool {
message_scroller.rs	115	public	pub fn prepend(&mut self, count: usize, cx: &mut Context<Self>) -> bool {
message_scroller.rs	120	public	pub fn remeasure(&mut self, cx: &mut Context<Self>) {
message_scroller.rs	128	public	pub fn remeasure_items(&mut self, range: Range<usize>, cx: &mut Context<Self>) -> bool {
message_scroller.rs	139	public	pub fn scroll_to_item(&mut self, index: usize, cx: &mut Context<Self>) -> bool {
message_scroller.rs	153	public	pub fn scroll_to_end(&mut self, cx: &mut Context<Self>) {
message_scroller.rs	166	public	pub struct MessageScroller {
message_scroller.rs	183	impl	impl MessageScroller {
message_scroller.rs	185	public	pub fn new<E>( id: impl Into<ElementId>, state: Entity<MessageScrollerState>, renderer: impl FnMut(usize, &mut Window, &mut App) -> E + 'static, ) -> Self where E: IntoElement, {
message_scroller.rs	215	public	pub fn scrollbar(mut self, scrollbar: bool) -> Self {
message_scroller.rs	221	public	pub fn jump_button(mut self, jump_button: bool) -> Self {
message_scroller.rs	227	public	pub fn with_jump_button_label(mut self, label: impl Into<SharedString>) -> Self {
message_scroller.rs	233	public	pub fn with_content_style(mut self, style: StyleRefinement) -> Self {
message_scroller.rs	239	public	pub fn with_list_style(mut self, style: StyleRefinement) -> Self {
message_scroller.rs	245	public	pub fn with_row_style(mut self, style: StyleRefinement) -> Self {
message_scroller.rs	251	public	pub fn with_jump_button_style(mut self, style: StyleRefinement) -> Self {
message_scroller.rs	260	public	pub fn with_jump_button_renderer( mut self, renderer: impl FnOnce(Button) -> Button + 'static, ) -> Self {
message_scroller.rs	272	public	pub fn with_jump_button_transition(mut self, duration: Duration) -> Self {
message_scroller.rs	284	public	pub fn with_bottom_fade(mut self, color: impl Into<Hsla>) -> Self {
message_scroller.rs	290	impl	impl Styled for MessageScroller {
message_scroller.rs	296	impl	impl RenderOnce for MessageScroller {
native_menu/fallback.rs	28	impl	impl FallbackMenuOverlay {
native_menu/fallback.rs	113	impl	impl Render for FallbackMenuOverlay {
native_menu/macos.rs	32	impl	impl MenuTarget {
native_menu/macos.rs	40	impl	impl MenuTarget {
native_menu/mod.rs	72	public	pub struct NativeMenu {
native_menu/mod.rs	76	impl	impl NativeMenu {
native_menu/mod.rs	78	public	pub fn new() -> Self {
native_menu/mod.rs	83	public	pub fn menu(self, label: impl Into<SharedString>, action: Box<dyn Action>) -> Self {
native_menu/mod.rs	88	public	pub fn menu_with_disabled( self, label: impl Into<SharedString>, disabled: bool, action: Box<dyn Action>, ) -> Self {
native_menu/mod.rs	98	public	pub fn menu_with_check( self, label: impl Into<SharedString>, checked: bool, action: Box<dyn Action>, ) -> Self {
native_menu/mod.rs	121	public	pub fn menu_with_icon( self, label: impl Into<SharedString>, icon: impl Into<Icon>, action: Box<dyn Action>, ) -> Self {
native_menu/mod.rs	134	public	pub fn menu_with_icon_disabled( self, label: impl Into<SharedString>, icon: impl Into<Icon>, disabled: bool, action: Box<dyn Action>, ) -> Self {
native_menu/mod.rs	147	public	pub fn menu_with_icon_and_disabled( self, label: impl Into<SharedString>, icon: impl Into<Icon>, action: Box<dyn Action>, disabled: bool, ) -> Self {
native_menu/mod.rs	176	public	pub fn separator(mut self) -> Self {
native_menu/mod.rs	182	public	pub fn submenu(mut self, label: impl Into<SharedString>, submenu: NativeMenu) -> Self {
native_menu/mod.rs	192	public	pub fn is_empty(&self) -> bool {
native_menu/mod.rs	201	public	pub fn show(self, position: Point<Pixels>, window: &mut Window, cx: &mut App) {
native_menu/mod.rs	326	impl	impl From<gpui::Menu> for NativeMenu {
native_menu/windows.rs	287	impl	impl GdiplusSession {
native_menu/windows.rs	307	impl	impl Drop for GdiplusSession {
notification.rs	31	public	pub enum NotificationType {
notification.rs	39	impl	impl NotificationType {
notification.rs	53	public	pub enum NotificationDelivery {
notification.rs	63	impl	impl NotificationDelivery {
notification.rs	65	public	pub fn includes_in_app(&self) -> bool {
notification.rs	70	public	pub fn includes_system(&self) -> bool {
notification.rs	85	impl	impl NotificationId {
notification.rs	94	impl	impl From<TypeId> for NotificationId {
notification.rs	100	impl	impl From<(TypeId, ElementId)> for NotificationId {
notification.rs	107	public	pub struct Notification {
notification.rs	128	impl	impl From<String> for Notification {
notification.rs	134	impl	impl From<SharedString> for Notification {
notification.rs	140	impl	impl From<&str> for Notification {
notification.rs	146	impl	impl<'a> From<Cow<'a, str>> for Notification {
notification.rs	152	impl	impl<T> From<(NotificationType, T)> for Notification where T: Into<SharedString>, {
notification.rs	163	impl	impl Notification {
notification.rs	167	public	pub fn new() -> Self {
notification.rs	190	public	pub fn message(mut self, message: impl Into<SharedString>) -> Self {
notification.rs	196	public	pub fn info(message: impl Into<SharedString>) -> Self {
notification.rs	203	public	pub fn success(message: impl Into<SharedString>) -> Self {
notification.rs	210	public	pub fn warning(message: impl Into<SharedString>) -> Self {
notification.rs	217	public	pub fn error(message: impl Into<SharedString>) -> Self {
notification.rs	229	public	pub fn id<T: Sized + 'static>(mut self) -> Self {
notification.rs	235	public	pub fn id1<T: Sized + 'static>(mut self, key: impl Into<ElementId>) -> Self {
notification.rs	243	public	pub fn title(mut self, title: impl Into<SharedString>) -> Self {
notification.rs	251	public	pub fn icon(mut self, icon: impl Into<Icon>) -> Self {
notification.rs	257	public	pub fn with_type(mut self, type_: NotificationType) -> Self {
notification.rs	266	public	pub fn placement(mut self, placement: Anchor) -> Self {
notification.rs	290	public	pub fn delivery(mut self, delivery: NotificationDelivery) -> Self {
notification.rs	299	public	pub fn system(self) -> Self {
notification.rs	309	public	pub fn in_app_and_system(self) -> Self {
notification.rs	314	public	pub fn autohide(mut self, autohide: bool) -> Self {
notification.rs	320	public	pub fn on_click( mut self, on_click: impl Fn(&ClickEvent, &mut Window, &mut App) + 'static, ) -> Self {
notification.rs	332	public	pub fn on_close(mut self, on_close: impl Fn(&mut Window, &mut App) + 'static) -> Self {
notification.rs	340	public	pub fn action<F>(mut self, action: F) -> Self where F: Fn(&mut Self, &mut Window, &mut Context<Self>) -> Button + 'static, {
notification.rs	350	public	pub fn dismiss(&mut self, window: &mut Window, cx: &mut Context<Self>) {
notification.rs	377	public	pub fn content( mut self, content: impl Fn(&mut Self, &mut Window, &mut Context<Self>) -> AnyElement + 'static, ) -> Self {
notification.rs	386	impl	impl EventEmitter<DismissEvent> for Notification {}
notification.rs	387	impl	impl EventEmitter<DismissRequest> for Notification {}
notification.rs	388	impl	impl FluentBuilder for Notification {}
notification.rs	389	impl	impl Styled for Notification {
notification.rs	395	impl	impl Render for Notification {
notification.rs	530	public	pub struct NotificationSettings {
notification.rs	534	public	pub placement: Anchor,
notification.rs	536	public	pub margins: Edges<Pixels>,
notification.rs	538	public	pub max_items: usize,
notification.rs	540	public	pub width: Pixels,
notification.rs	544	public	pub delivery: NotificationDelivery,
notification.rs	547	impl	impl Default for NotificationSettings {
notification.rs	592	impl	impl Global for SystemNotificationRegistry {}
notification.rs	594	impl	impl SystemNotificationRegistry {
notification.rs	693	public	pub struct NotificationList {
notification.rs	703	impl	impl NotificationList {
notification.rs	704	public	pub fn new(_: &mut Window, cx: &mut Context<Self>) -> Self {
notification.rs	798	public	pub fn push( &mut self, notification: impl Into<Notification>, window: &mut Window, cx: &mut Context<Self>, ) {
notification.rs	952	public	pub fn clear(&mut self, window: &mut Window, cx: &mut Context<Self>) {
notification.rs	965	public	pub fn notifications(&self) -> Vec<Entity<Notification>> {
notification.rs	973	impl	impl Render for NotificationList {
pagination.rs	21	public	pub struct Pagination {
pagination.rs	33	impl	impl Pagination {
pagination.rs	35	public	pub fn new(id: impl Into<ElementId>) -> Self {
pagination.rs	52	public	pub fn current_page(mut self, page: usize) -> Self {
pagination.rs	58	public	pub fn total_pages(mut self, pages: usize) -> Self {
pagination.rs	80	public	pub fn on_click(mut self, handler: impl Fn(&usize, &mut Window, &mut App) + 'static) -> Self {
pagination.rs	88	public	pub fn compact(mut self) -> Self {
pagination.rs	94	public	pub fn visible_pages(mut self, max: usize) -> Self {
pagination.rs	142	impl	impl Disableable for Pagination {
pagination.rs	149	impl	impl Sizable for Pagination {
pagination.rs	156	impl	impl Styled for Pagination {
pagination.rs	162	impl	impl RenderOnce for Pagination {
plot/axis.rs	11	public	pub const AXIS_GAP: f32 = 18.;
plot/axis.rs	15	public	pub enum AxisLabelSide {
plot/axis.rs	23	public	pub struct AxisText {
plot/axis.rs	24	public	pub text: SharedString,
plot/axis.rs	25	public	pub tick: Pixels,
plot/axis.rs	26	public	pub color: Hsla,
plot/axis.rs	27	public	pub font_size: Pixels,
plot/axis.rs	28	public	pub align: TextAlign,
plot/axis.rs	31	impl	impl AxisText {
plot/axis.rs	32	public	pub fn new(text: impl Into<SharedString>, tick: impl Into<Pixels>, color: Hsla) -> Self {
plot/axis.rs	42	public	pub fn font_size(mut self, font_size: impl Into<Pixels>) -> Self {
plot/axis.rs	47	public	pub fn align(mut self, align: TextAlign) -> Self {
plot/axis.rs	54	public	pub struct PlotAxis {
plot/axis.rs	66	impl	impl PlotAxis {
plot/axis.rs	67	public	pub fn new() -> Self {
plot/axis.rs	75	public	pub fn x(mut self, x: impl Into<Pixels>) -> Self {
plot/axis.rs	83	public	pub fn x_axis(mut self, x_axis: bool) -> Self {
plot/axis.rs	89	public	pub fn x_label(mut self, label: impl IntoIterator<Item = AxisText>) -> Self {
plot/axis.rs	114	public	pub fn x_label_side(mut self, side: AxisLabelSide) -> Self {
plot/axis.rs	120	public	pub fn y(mut self, y: impl Into<Pixels>) -> Self {
plot/axis.rs	128	public	pub fn y_axis(mut self, y_axis: bool) -> Self {
plot/axis.rs	134	public	pub fn y_label(mut self, label: impl IntoIterator<Item = AxisText>) -> Self {
plot/axis.rs	159	public	pub fn y_label_side(mut self, side: AxisLabelSide) -> Self {
plot/axis.rs	165	public	pub fn stroke(mut self, stroke: impl Into<Hsla>) -> Self {
plot/axis.rs	180	public	pub fn paint(&self, bounds: &Bounds<Pixels>, window: &mut Window, cx: &mut App) {
plot/grid.rs	5	public	pub struct Grid {
plot/grid.rs	12	impl	impl Grid {
plot/grid.rs	14	public	pub fn new() -> Self {
plot/grid.rs	24	public	pub fn x(mut self, x: Vec<impl Into<Pixels>>) -> Self {
plot/grid.rs	30	public	pub fn y(mut self, y: Vec<impl Into<Pixels>>) -> Self {
plot/grid.rs	36	public	pub fn stroke(mut self, stroke: impl Into<Hsla>) -> Self {
plot/grid.rs	42	public	pub fn dash_array(mut self, dash_array: &[Pixels]) -> Self {
plot/grid.rs	84	public	pub fn paint(&self, bounds: &Bounds<Pixels>, window: &mut Window) {
plot/label.rs	10	public	pub const TEXT_SIZE: f32 = 10.;
plot/label.rs	11	public	pub const TEXT_GAP: f32 = 2.;
plot/label.rs	12	public	pub const TEXT_HEIGHT: f32 = TEXT_SIZE + TEXT_GAP;
plot/label.rs	36	public	pub fn measure_text_width(text: &SharedString, font_size: Pixels, window: &mut Window) -> f32 {
plot/label.rs	60	public	pub fn truncate_text_to_width( text: &SharedString, font_size: Pixels, max_width: f32, window: &mut Window, ) -> SharedString {
plot/label.rs	95	public	pub struct Text {
plot/label.rs	96	public	pub text: SharedString,
plot/label.rs	97	public	pub origin: Point<Pixels>,
plot/label.rs	98	public	pub color: Hsla,
plot/label.rs	99	public	pub font_size: Pixels,
plot/label.rs	100	public	pub font_weight: FontWeight,
plot/label.rs	101	public	pub align: TextAlign,
plot/label.rs	104	impl	impl Text {
plot/label.rs	105	public	pub fn new<T>(text: impl Into<SharedString>, origin: Point<T>, color: Hsla) -> Self where T: Default + Clone + Copy + Debug + PartialEq + Into<Pixels>, {
plot/label.rs	122	public	pub fn font_size(mut self, font_size: impl Into<Pixels>) -> Self {
plot/label.rs	128	public	pub fn font_weight(mut self, font_weight: FontWeight) -> Self {
plot/label.rs	134	public	pub fn align(mut self, align: TextAlign) -> Self {
plot/label.rs	140	impl	impl<I> From<I> for PlotLabel where I: Iterator<Item = Text>, {
plot/label.rs	150	public	pub struct PlotLabel(Vec<Text>);
plot/label.rs	152	impl	impl PlotLabel {
plot/label.rs	153	public	pub fn new(items: Vec<Text>) -> Self {
plot/label.rs	158	public	pub fn paint(&self, bounds: &Bounds<Pixels>, window: &mut Window, cx: &mut App) {
plot/mod.rs	3	public	pub mod label;
plot/mod.rs	5	public	pub mod scale;
plot/mod.rs	6	public	pub mod shape;
plot/mod.rs	7	public	pub mod tooltip;
plot/mod.rs	9	public	pub use gpui_component_macros::IntoPlot;
plot/mod.rs	18	public	pub use axis::{AXIS_GAP, AxisLabelSide, AxisText, PlotAxis};
plot/mod.rs	19	public	pub use grid::Grid;
plot/mod.rs	20	public	pub use label::PlotLabel;
plot/mod.rs	21	public	pub use path_cache::{PathCache, PathCaches, ShapeKey};
plot/mod.rs	25	public	pub trait Plot: IntoElement {
plot/mod.rs	37	trait-member	fn prepaint( &mut self, _bounds: Bounds<Pixels>, _window: &mut Window, _cx: &mut App, ) -> Vec<AnyElement> {
plot/mod.rs	46	trait-member	fn paint(&mut self, bounds: Bounds<Pixels>, window: &mut Window, cx: &mut App);
plot/mod.rs	53	trait-member	fn id(&self) -> Option<ElementId> {
plot/mod.rs	65	trait-member	fn tooltip_state( &self, _position: Point<Pixels>, _bounds: Bounds<Pixels>, _cx: &App, ) -> Option<TooltipState> {
plot/mod.rs	87	trait-member	fn hover(&mut self, _hover: Option<&PlotHover>, _window: &mut Window, _cx: &mut App) {}
plot/mod.rs	101	trait-member	fn tooltip( &self, _state: &TooltipState, _cursor: Point<Pixels>, _bounds: Bounds<Pixels>, _window: &mut Window, _cx: &mut App, ) -> Option<AnyElement> {
plot/mod.rs	114	public	pub enum StrokeStyle {
plot/mod.rs	121	public	pub fn origin_point<T>(x: T, y: T, origin: Point<T>) -> Point<T> where T: Default + Clone + Debug + PartialEq + Add<Output = T>, {
plot/mod.rs	128	public	pub fn polygon<T>(points: &[Point<T>], bounds: &Bounds<Pixels>) -> Option<Path<Pixels>> where T: Default + Clone + Copy + Debug + Into<f32> + PartialEq, {
plot/path_cache.rs	16	public	pub struct PathCache {
plot/path_cache.rs	22	impl	impl PathCache {
plot/path_cache.rs	25	public	pub fn get( &mut self, key: u64, origin: Point<Pixels>, build: impl FnOnce() -> Option<Path<Pixels>>, ) -> Option<Path<Pixels>> {
plot/path_cache.rs	39	public	pub fn is_warm(&self) -> bool {
plot/path_cache.rs	74	public	pub struct PathCaches {
plot/path_cache.rs	78	impl	impl PathCaches {
plot/path_cache.rs	81	public	pub fn for_paint(key: impl Into<ElementId>, window: &mut Window, cx: &mut App) -> Entity<Self> {
plot/path_cache.rs	87	public	pub fn slot(&mut self, index: usize) -> &mut PathCache {
plot/path_cache.rs	97	public	pub fn slot_pair(&mut self, index: usize) -> (&mut PathCache, &mut PathCache) {
plot/path_cache.rs	109	public	pub struct ShapeKey(DefaultHasher);
plot/path_cache.rs	111	impl	impl ShapeKey {
plot/path_cache.rs	112	public	pub fn new(extra: impl Hash) -> Self {
plot/path_cache.rs	118	public	pub fn point(&mut self, point: Point<Pixels>) -> &mut Self {
plot/path_cache.rs	124	public	pub fn f32(&mut self, value: f32) -> &mut Self {
plot/path_cache.rs	129	public	pub fn finish(&self) -> u64 {
plot/scale/band.rs	11	public	pub struct ScaleBand<T> {
plot/scale/band.rs	24	impl	impl<T> ScaleBand<T> {
plot/scale/band.rs	25	public	pub fn new(domain: Vec<T>, range: Vec<f32>) -> Self where T: Eq + Hash, {
plot/scale/band.rs	52	public	pub fn band_width(&self) -> f32 {
plot/scale/band.rs	58	public	pub fn step(&self) -> f32 {
plot/scale/band.rs	67	public	pub fn padding_inner(mut self, padding_inner: f32) -> Self {
plot/scale/band.rs	73	public	pub fn padding_outer(mut self, padding_outer: f32) -> Self {
plot/scale/band.rs	95	impl	impl<T> Scale<T> for ScaleBand<T> where T: Eq + Hash, {
plot/scale/linear.rs	9	public	pub struct ScaleLinear<T> {
plot/scale/linear.rs	17	impl	impl<T> ScaleLinear<T> where T: Copy + PartialOrd + Num + ToPrimitive + Sealed, {
plot/scale/linear.rs	21	public	pub fn new(domain: Vec<T>, range: Vec<f32>) -> Self {
plot/scale/linear.rs	54	impl	impl<T> Scale<T> for ScaleLinear<T> where T: Copy + PartialOrd + Num + ToPrimitive + Sealed, {
plot/scale/ordinal.rs	4	public	pub struct ScaleOrdinal<D, R> {
plot/scale/ordinal.rs	10	impl	impl<D, R> Default for ScaleOrdinal<D, R> {
plot/scale/ordinal.rs	20	impl	impl<D, R> ScaleOrdinal<D, R> {
plot/scale/ordinal.rs	21	public	pub fn new(domain: Vec<D>, range: Vec<R>) -> Self {
plot/scale/ordinal.rs	30	public	pub fn domain(mut self, domain: Vec<D>) -> Self {
plot/scale/ordinal.rs	36	public	pub fn range(mut self, range: Vec<R>) -> Self {
plot/scale/ordinal.rs	42	public	pub fn unknown(mut self, unknown: R) -> Self {
plot/scale/ordinal.rs	48	impl	impl<D, R> ScaleOrdinal<D, R> where D: PartialEq, R: Clone, {
plot/scale/ordinal.rs	54	public	pub fn map(&self, value: &D) -> Option<R> {
plot/scale/point.rs	12	public	pub struct ScalePoint<T> {
plot/scale/point.rs	18	impl	impl<T> ScalePoint<T> where T: PartialEq, {
plot/scale/point.rs	32	public	pub fn new(domain: Vec<T>, range: Vec<f32>) -> Self {
plot/scale/point.rs	60	impl	impl<T> Scale<T> for ScalePoint<T> where T: PartialEq, {
plot/scale/sealed.rs	1	public	pub trait Sealed {}
plot/scale/sealed.rs	3	impl	impl Sealed for f64 {}
plot/scale/sealed.rs	6	impl	impl Sealed for rust_decimal::Decimal {}
plot/scale.rs	7	public	pub use band::ScaleBand;
plot/scale.rs	8	public	pub use linear::ScaleLinear;
plot/scale.rs	9	public	pub use ordinal::ScaleOrdinal;
plot/scale.rs	10	public	pub use point::ScalePoint;
plot/scale.rs	13	public	pub trait Scale<T> {
plot/scale.rs	15	trait-member	fn tick(&self, value: &T) -> Option<f32>;
plot/scale.rs	18	trait-member	fn least_index(&self, _tick: f32) -> usize {
plot/scale.rs	23	trait-member	fn least_index_with_domain(&self, _tick: f32, _domain: &[T]) -> (usize, f32) {
plot/shape/arc.rs	12	public	pub struct ArcData<'a, T> {
plot/shape/arc.rs	13	public	pub data: &'a T,
plot/shape/arc.rs	14	public	pub index: usize,
plot/shape/arc.rs	15	public	pub value: f32,
plot/shape/arc.rs	16	public	pub start_angle: f32,
plot/shape/arc.rs	17	public	pub end_angle: f32,
plot/shape/arc.rs	18	public	pub pad_angle: f32,
plot/shape/arc.rs	21	impl	impl<T> Debug for ArcData<'_, T> {
plot/shape/arc.rs	31	public	pub struct Arc {
plot/shape/arc.rs	36	impl	impl Default for Arc {
plot/shape/arc.rs	45	impl	impl Arc {
plot/shape/arc.rs	46	public	pub fn new() -> Self {
plot/shape/arc.rs	51	public	pub fn inner_radius(mut self, inner_radius: f32) -> Self {
plot/shape/arc.rs	57	public	pub fn outer_radius(mut self, outer_radius: f32) -> Self {
plot/shape/arc.rs	63	public	pub fn centroid<T>(&self, arc: &ArcData<T>) -> Point<f32> {
plot/shape/arc.rs	180	public	pub fn contains<T>( &self, arc: &ArcData<T>, position: Point<f32>, inner_radius: Option<f32>, outer_radius: Option<f32>, bounds: &Bounds<Pixels>, ) -> bool {
plot/shape/arc.rs	206	public	pub fn paint_cached<T>( &self, arc: &ArcData<T>, color: impl Into<Hsla>, inner_radius: Option<f32>, outer_radius: Option<f32>, bounds: &Bounds<Pixels>, cache: &mut PathCache, window: &mut Window, ) {
plot/shape/arc.rs	236	public	pub fn paint<T>( &self, arc: &ArcData<T>, color: impl Into<Hsla>, inner_radius: Option<f32>, outer_radius: Option<f32>, bounds: &Bounds<Pixels>, window: &mut Window, ) {
plot/shape/area.rs	8	public	pub struct Area<T> {
plot/shape/area.rs	18	impl	impl<T> Default for Area<T> {
plot/shape/area.rs	32	impl	impl<T> Area<T> {
plot/shape/area.rs	33	public	pub fn new() -> Self {
plot/shape/area.rs	38	public	pub fn data<I>(mut self, data: I) -> Self where I: IntoIterator<Item = T>, {
plot/shape/area.rs	47	public	pub fn x<F>(mut self, x: F) -> Self where F: Fn(&T) -> Option<f32> + 'static, {
plot/shape/area.rs	56	public	pub fn y0(mut self, y0: f32) -> Self {
plot/shape/area.rs	62	public	pub fn y1<F>(mut self, y1: F) -> Self where F: Fn(&T) -> Option<f32> + 'static, {
plot/shape/area.rs	71	public	pub fn fill(mut self, fill: impl Into<Background>) -> Self {
plot/shape/area.rs	77	public	pub fn stroke(mut self, stroke: impl Into<Background>) -> Self {
plot/shape/area.rs	83	public	pub fn stroke_style(mut self, stroke_style: StrokeStyle) -> Self {
plot/shape/area.rs	184	public	pub fn paint_cached( &self, bounds: &Bounds<Pixels>, fill: &mut PathCache, line: &mut PathCache, window: &mut Window, ) {
plot/shape/area.rs	219	public	pub fn paint(&self, bounds: &Bounds<Pixels>, window: &mut Window) {
plot/shape/bar.rs	13	public	pub enum BarAlignment {
plot/shape/bar.rs	25	impl	impl BarAlignment {
plot/shape/bar.rs	26	public	pub fn is_horizontal(self) -> bool {
plot/shape/bar.rs	30	public	pub fn is_vertical(self) -> bool {
plot/shape/bar.rs	39	public	pub fn gradient_angle(self) -> f32 {
plot/shape/bar.rs	50	public	pub struct Bar<T> {
plot/shape/bar.rs	62	impl	impl<T> Default for Bar<T> {
plot/shape/bar.rs	78	impl	impl<T> Bar<T> {
plot/shape/bar.rs	79	public	pub fn new() -> Self {
plot/shape/bar.rs	84	public	pub fn data<I>(mut self, data: I) -> Self where I: IntoIterator<Item = T>, {
plot/shape/bar.rs	95	public	pub fn alignment(mut self, alignment: BarAlignment) -> Self {
plot/shape/bar.rs	104	public	pub fn cross<F>(mut self, cross: F) -> Self where F: Fn(&T) -> Option<f32> + 'static, {
plot/shape/bar.rs	113	public	pub fn band_width(mut self, band_width: f32) -> Self {
plot/shape/bar.rs	119	public	pub fn base<F>(mut self, base: F) -> Self where F: Fn(&T) -> f32 + 'static, {
plot/shape/bar.rs	128	public	pub fn value<F>(mut self, value: F) -> Self where F: Fn(&T) -> Option<f32> + 'static, {
plot/shape/bar.rs	147	public	pub fn fill<F, B>(mut self, fill: F) -> Self where F: Fn(&T, Bounds<f32>, BarAlignment) -> B + 'static, B: Into<Background>, {
plot/shape/bar.rs	157	public	pub fn label<F>(mut self, label: F) -> Self where F: Fn(&T, Point<Pixels>) -> Vec<Text> + 'static, {
plot/shape/bar.rs	169	public	pub fn corner_radii(mut self, corner_radii: impl Into<Corners<Pixels>>) -> Self {
plot/shape/bar.rs	232	public	pub fn paint(&self, bounds: &Bounds<Pixels>, window: &mut Window, cx: &mut App) {
plot/shape/line.rs	11	public	pub struct Line<T> {
plot/shape/line.rs	24	impl	impl<T> Default for Line<T> {
plot/shape/line.rs	41	impl	impl<T> Line<T> {
plot/shape/line.rs	42	public	pub fn new() -> Self {
plot/shape/line.rs	47	public	pub fn data<I>(mut self, data: I) -> Self where I: IntoIterator<Item = T>, {
plot/shape/line.rs	56	public	pub fn x<F>(mut self, x: F) -> Self where F: Fn(&T) -> Option<f32> + 'static, {
plot/shape/line.rs	65	public	pub fn y<F>(mut self, y: F) -> Self where F: Fn(&T) -> Option<f32> + 'static, {
plot/shape/line.rs	74	public	pub fn stroke(mut self, stroke: impl Into<Background>) -> Self {
plot/shape/line.rs	80	public	pub fn stroke_width(mut self, stroke_width: impl Into<Pixels>) -> Self {
plot/shape/line.rs	86	public	pub fn stroke_style(mut self, stroke_style: StrokeStyle) -> Self {
plot/shape/line.rs	92	public	pub fn dot(mut self) -> Self {
plot/shape/line.rs	98	public	pub fn dot_size(mut self, dot_size: impl Into<Pixels>) -> Self {
plot/shape/line.rs	104	public	pub fn dot_fill_color(mut self, dot_fill_color: impl Into<Hsla>) -> Self {
plot/shape/line.rs	110	public	pub fn dot_stroke_color(mut self, dot_stroke_color: impl Into<Hsla>) -> Self {
plot/shape/line.rs	214	public	pub fn paint_cached( &self, bounds: &Bounds<Pixels>, cache: &mut PathCache, window: &mut Window, ) {
plot/shape/line.rs	237	public	pub fn paint(&self, bounds: &Bounds<Pixels>, window: &mut Window) {
plot/shape/pie.rs	8	public	pub struct Pie<T> {
plot/shape/pie.rs	15	impl	impl<T> Default for Pie<T> {
plot/shape/pie.rs	26	impl	impl<T> Pie<T> {
plot/shape/pie.rs	27	public	pub fn new() -> Self {
plot/shape/pie.rs	32	public	pub fn value<F>(mut self, value: F) -> Self where F: 'static + Fn(&T) -> Option<f32>, {
plot/shape/pie.rs	41	public	pub fn start_angle(mut self, start_angle: f32) -> Self {
plot/shape/pie.rs	47	public	pub fn end_angle(mut self, end_angle: f32) -> Self {
plot/shape/pie.rs	53	public	pub fn pad_angle(mut self, pad_angle: f32) -> Self {
plot/shape/pie.rs	59	public	pub fn arcs<'a>(&self, data: &'a [T]) -> Vec<ArcData<'a, T>> {
plot/shape/radial_line.rs	27	public	pub struct RadialLine<T> {
plot/shape/radial_line.rs	41	impl	impl<T> Default for RadialLine<T> {
plot/shape/radial_line.rs	59	impl	impl<T> RadialLine<T> {
plot/shape/radial_line.rs	60	public	pub fn new() -> Self {
plot/shape/radial_line.rs	65	public	pub fn data<I>(mut self, data: I) -> Self where I: IntoIterator<Item = T>, {
plot/shape/radial_line.rs	78	public	pub fn angle<F>(mut self, angle: F) -> Self where F: Fn(&T, usize) -> Option<f32> + 'static, {
plot/shape/radial_line.rs	90	public	pub fn radius<F>(mut self, radius: F) -> Self where F: Fn(&T, usize) -> Option<f32> + 'static, {
plot/shape/radial_line.rs	99	public	pub fn closed(mut self) -> Self {
plot/shape/radial_line.rs	107	public	pub fn fill(mut self, fill: impl Into<Background>) -> Self {
plot/shape/radial_line.rs	113	public	pub fn stroke(mut self, stroke: impl Into<Background>) -> Self {
plot/shape/radial_line.rs	119	public	pub fn stroke_width(mut self, stroke_width: impl Into<Pixels>) -> Self {
plot/shape/radial_line.rs	125	public	pub fn dot(mut self) -> Self {
plot/shape/radial_line.rs	131	public	pub fn dot_size(mut self, dot_size: impl Into<Pixels>) -> Self {
plot/shape/radial_line.rs	137	public	pub fn dot_fill_color(mut self, dot_fill_color: impl Into<Hsla>) -> Self {
plot/shape/radial_line.rs	143	public	pub fn dot_stroke_color(mut self, dot_stroke_color: impl Into<Hsla>) -> Self {
plot/shape/radial_line.rs	221	public	pub fn paint(&self, bounds: &Bounds<Pixels>, window: &mut Window) {
plot/shape/sankey.rs	16	public	pub enum SankeyAlign {
plot/shape/sankey.rs	29	public	pub struct SankeyLink {
plot/shape/sankey.rs	30	public	pub source: usize,
plot/shape/sankey.rs	31	public	pub target: usize,
plot/shape/sankey.rs	32	public	pub value: f64,
plot/shape/sankey.rs	35	impl	impl SankeyLink {
plot/shape/sankey.rs	38	public	pub fn new(source: usize, target: usize, value: f64) -> Self {
plot/shape/sankey.rs	49	public	pub struct SankeyNodeLayout {
plot/shape/sankey.rs	50	public	pub index: usize,
plot/shape/sankey.rs	54	public	pub value: f64,
plot/shape/sankey.rs	56	public	pub depth: usize,
plot/shape/sankey.rs	58	public	pub height: usize,
plot/shape/sankey.rs	60	public	pub layer: usize,
plot/shape/sankey.rs	61	public	pub x0: f32,
plot/shape/sankey.rs	62	public	pub x1: f32,
plot/shape/sankey.rs	63	public	pub y0: f32,
plot/shape/sankey.rs	64	public	pub y1: f32,
plot/shape/sankey.rs	66	public	pub source_links: Vec<usize>,
plot/shape/sankey.rs	68	public	pub target_links: Vec<usize>,
plot/shape/sankey.rs	81	public	pub struct SankeyLinkLayout {
plot/shape/sankey.rs	82	public	pub index: usize,
plot/shape/sankey.rs	83	public	pub source: usize,
plot/shape/sankey.rs	84	public	pub target: usize,
plot/shape/sankey.rs	87	public	pub value: f64,
plot/shape/sankey.rs	88	public	pub y0: f32,
plot/shape/sankey.rs	89	public	pub y1: f32,
plot/shape/sankey.rs	92	public	pub width: f32,
plot/shape/sankey.rs	94	public	pub source_width: f32,
plot/shape/sankey.rs	96	public	pub target_width: f32,
plot/shape/sankey.rs	101	public	pub struct SankeyGraph {
plot/shape/sankey.rs	102	public	pub nodes: Vec<SankeyNodeLayout>,
plot/shape/sankey.rs	103	public	pub links: Vec<SankeyLinkLayout>,
plot/shape/sankey.rs	106	impl	impl SankeyGraph {
plot/shape/sankey.rs	108	public	pub fn layer_count(&self) -> usize {
plot/shape/sankey.rs	119	public	pub enum SankeyError {
plot/shape/sankey.rs	126	impl	impl std::fmt::Display for SankeyError {
plot/shape/sankey.rs	135	impl	impl std::error::Error for SankeyError {}
plot/shape/sankey.rs	139	public	pub enum SankeyValueScale {
plot/shape/sankey.rs	149	impl	impl SankeyValueScale {
plot/shape/sankey.rs	160	public	pub struct Sankey {
plot/shape/sankey.rs	172	impl	impl Default for Sankey {
plot/shape/sankey.rs	188	impl	impl Sankey {
plot/shape/sankey.rs	190	public	pub fn new() -> Self {
plot/shape/sankey.rs	195	public	pub fn node_width(mut self, node_width: f32) -> Self {
plot/shape/sankey.rs	201	public	pub fn node_padding(mut self, node_padding: f32) -> Self {
plot/shape/sankey.rs	207	public	pub fn node_align(mut self, align: SankeyAlign) -> Self {
plot/shape/sankey.rs	213	public	pub fn iterations(mut self, iterations: usize) -> Self {
plot/shape/sankey.rs	219	public	pub fn value_scale(mut self, value_scale: SankeyValueScale) -> Self {
plot/shape/sankey.rs	225	public	pub fn extent(mut self, x0: f32, y0: f32, x1: f32, y1: f32) -> Self {
plot/shape/sankey.rs	234	public	pub fn size(self, width: f32, height: f32) -> Self {
plot/shape/sankey.rs	246	public	pub fn topology( &self, node_count: usize, links: &[SankeyLink], ) -> Result<SankeyGraph, SankeyError> {
plot/shape/sankey.rs	301	public	pub fn layout( &self, node_count: usize, links: &[SankeyLink], ) -> Result<SankeyGraph, SankeyError> {
plot/shape/sankey.rs	315	public	pub fn layout_from(&self, mut graph: SankeyGraph) -> SankeyGraph {
plot/shape/sankey.rs	901	public	pub fn sankey_link_path( source: &SankeyNodeLayout, target: &SankeyNodeLayout, link: &SankeyLinkLayout, min_width: f32, origin: Point<Pixels>, ) -> Option<Path<Pixels>> {
plot/shape/stack.rs	5	public	pub struct StackPoint<T> {
plot/shape/stack.rs	7	public	pub y0: f32,
plot/shape/stack.rs	9	public	pub y1: f32,
plot/shape/stack.rs	11	public	pub data: T,
plot/shape/stack.rs	16	public	pub struct StackSeries<T> {
plot/shape/stack.rs	18	public	pub key: String,
plot/shape/stack.rs	20	public	pub index: usize,
plot/shape/stack.rs	22	public	pub points: Vec<StackPoint<T>>,
plot/shape/stack.rs	26	public	pub struct Stack<T> {
plot/shape/stack.rs	32	impl	impl<T: Clone> Default for Stack<T> {
plot/shape/stack.rs	42	impl	impl<T: Clone> Stack<T> {
plot/shape/stack.rs	43	public	pub fn new() -> Self {
plot/shape/stack.rs	48	public	pub fn data<I>(mut self, data: I) -> Self where I: IntoIterator<Item = T>, {
plot/shape/stack.rs	57	public	pub fn keys<I, S>(mut self, keys: I) -> Self where I: IntoIterator<Item = S>, S: Into<String>, {
plot/shape/stack.rs	67	public	pub fn value<F>(mut self, value: F) -> Self where F: Fn(&T, &str) -> Option<f32> + 'static, {
plot/shape/stack.rs	76	public	pub fn series(&self) -> Vec<StackSeries<T>> {
plot/shape.rs	10	public	pub use arc::{Arc, ArcData};
plot/shape.rs	11	public	pub use area::Area;
plot/shape.rs	12	public	pub use bar::{Bar, BarAlignment};
plot/shape.rs	13	public	pub use line::Line;
plot/shape.rs	14	public	pub use pie::Pie;
plot/shape.rs	15	public	pub use radial_line::RadialLine;
plot/shape.rs	16	public	pub use sankey::{
plot/shape.rs	20	public	pub use stack::{Stack, StackPoint, StackSeries};
plot/tooltip.rs	11	public	pub enum CrossLineAxis {
plot/tooltip.rs	18	impl	impl CrossLineAxis {
plot/tooltip.rs	21	public	pub fn show_vertical(&self) -> bool {
plot/tooltip.rs	27	public	pub fn show_horizontal(&self) -> bool {
plot/tooltip.rs	33	public	pub struct CrossLine {
plot/tooltip.rs	48	impl	impl CrossLine {
plot/tooltip.rs	49	public	pub fn new(point: Point<Pixels>) -> Self {
plot/tooltip.rs	63	public	pub fn band(mut self, thickness: impl Into<Pixels>) -> Self {
plot/tooltip.rs	70	public	pub fn horizontal(mut self) -> Self {
plot/tooltip.rs	76	public	pub fn both(mut self) -> Self {
plot/tooltip.rs	82	public	pub fn height(mut self, height: f32) -> Self {
plot/tooltip.rs	88	public	pub fn width(mut self, width: f32) -> Self {
plot/tooltip.rs	95	public	pub fn span(mut self, start: f32, length: f32) -> Self {
plot/tooltip.rs	102	public	pub fn h_span(mut self, start: f32, length: f32) -> Self {
plot/tooltip.rs	108	impl	impl From<Point<Pixels>> for CrossLine {
plot/tooltip.rs	114	impl	impl CrossLine {
plot/tooltip.rs	166	impl	impl RenderOnce for CrossLine {
plot/tooltip.rs	185	public	pub struct Dot {
plot/tooltip.rs	194	impl	impl Dot {
plot/tooltip.rs	195	public	pub fn new(point: Point<Pixels>) -> Self {
plot/tooltip.rs	206	public	pub fn size(mut self, size: impl Into<Pixels>) -> Self {
plot/tooltip.rs	214	public	pub fn halo(mut self, size: impl Into<Pixels>) -> Self {
plot/tooltip.rs	220	public	pub fn stroke(mut self, stroke: Hsla) -> Self {
plot/tooltip.rs	226	public	pub fn fill(mut self, fill: Hsla) -> Self {
plot/tooltip.rs	232	impl	impl RenderOnce for Dot {
plot/tooltip.rs	265	public	pub struct TooltipState {
plot/tooltip.rs	266	public	pub index: usize,
plot/tooltip.rs	267	public	pub cross_line: Point<Pixels>,
plot/tooltip.rs	268	public	pub dots: Vec<Point<Pixels>>,
plot/tooltip.rs	271	impl	impl TooltipState {
plot/tooltip.rs	272	public	pub fn new(index: usize, cross_line: Point<Pixels>, dots: Vec<Point<Pixels>>) -> Self {
plot/tooltip.rs	288	public	pub struct PlotHover {
plot/tooltip.rs	294	impl	impl PlotHover {
plot/tooltip.rs	297	public	pub fn state(&self) -> &TooltipState {
plot/tooltip.rs	306	public	pub fn focus(&self) -> f32 {
plot/tooltip.rs	312	public	pub fn is_hovered(&self) -> bool {
plot/tooltip.rs	319	public	pub fn is_entering(&self) -> bool {
plot/tooltip.rs	334	impl	impl Default for HoverMemory {
plot/tooltip.rs	357	public	pub fn track_hover( live: Option<TooltipState>, cursor: Option<Point<Pixels>>, window: &mut Window, cx: &mut App, ) -> Option<(PlotHover, Point<Pixels>)> {
plot/tooltip.rs	411	public	pub struct Tooltip {
plot/tooltip.rs	428	impl	impl Tooltip {
plot/tooltip.rs	430	public	pub fn new(cursor: Point<Pixels>, within: Size<Pixels>) -> Self {
plot/tooltip.rs	451	public	pub fn focus(mut self, focus: f32) -> Self {
plot/tooltip.rs	457	public	pub fn title(mut self, title: impl Into<SharedString>) -> Self {
plot/tooltip.rs	463	public	pub fn row( mut self, color: impl Into<Hsla>, label: impl Into<SharedString>, value: impl Into<SharedString>, ) -> Self {
plot/tooltip.rs	478	public	pub fn gap(mut self, gap: impl Into<Pixels>) -> Self {
plot/tooltip.rs	484	public	pub fn cross_line(mut self, cross_line: CrossLine) -> Self {
plot/tooltip.rs	490	public	pub fn dots(mut self, dots: impl IntoIterator<Item = Dot>) -> Self {
plot/tooltip.rs	496	public	pub fn appearance(mut self, appearance: bool) -> Self {
plot/tooltip.rs	502	impl	impl Styled for Tooltip {
plot/tooltip.rs	508	impl	impl ParentElement for Tooltip {
plot/tooltip.rs	514	impl	impl RenderOnce for Tooltip {
popover.rs	16	public	pub use gpui_base::PopoverState;
popover.rs	106	public	pub struct Popover {
popover.rs	130	impl	impl Popover {
popover.rs	132	public	pub fn new(id: impl Into<ElementId>) -> Self {
popover.rs	157	public	pub fn anchor(mut self, anchor: impl Into<Anchor>) -> Self {
popover.rs	163	public	pub fn mouse_button(mut self, mouse_button: MouseButton) -> Self {
popover.rs	169	public	pub fn trigger<T>(mut self, trigger: T) -> Self where T: Selectable + IntoElement + 'static, {
popover.rs	185	public	pub fn default_open(mut self, open: bool) -> Self {
popover.rs	195	public	pub fn open(mut self, open: bool) -> Self {
popover.rs	205	public	pub fn on_open_change<F>(mut self, callback: F) -> Self where F: Fn(&bool, &mut Window, &mut App) + 'static, {
popover.rs	214	public	pub fn trigger_style(mut self, style: StyleRefinement) -> Self {
popover.rs	220	public	pub fn overlay_closable(mut self, closable: bool) -> Self {
popover.rs	229	public	pub fn content<F, E>(mut self, content: F) -> Self where E: IntoElement, F: Fn(&mut PopoverState, &mut Window, &mut Context<PopoverState>) -> E + 'static, {
popover.rs	246	public	pub fn appearance(mut self, appearance: bool) -> Self {
popover.rs	255	public	pub fn track_focus(mut self, handle: &FocusHandle) -> Self {
popover.rs	261	impl	impl ParentElement for Popover {
popover.rs	267	impl	impl Styled for Popover {
popover.rs	273	impl	impl Popover {
popover.rs	293	impl	impl RenderOnce for Popover {
progress/mod.rs	4	public	pub use progress::Progress;
progress/mod.rs	5	public	pub use progress_circle::ProgressCircle;
progress/progress.rs	14	public	pub struct Progress {
progress/progress.rs	24	impl	impl Progress {
progress/progress.rs	26	public	pub fn new(id: impl Into<ElementId>) -> Self {
progress/progress.rs	42	public	pub fn loading(mut self, loading: bool) -> Self {
progress/progress.rs	48	public	pub fn color(mut self, color: impl Into<Hsla>) -> Self {
progress/progress.rs	56	public	pub fn value(mut self, value: f32) -> Self {
progress/progress.rs	62	public	pub fn accessibility_label(mut self, label: impl Into<SharedString>) -> Self {
progress/progress.rs	68	impl	impl Styled for Progress {
progress/progress.rs	74	impl	impl Sizable for Progress {
progress/progress.rs	81	impl	impl RenderOnce for Progress {
progress/progress_circle.rs	17	public	pub struct ProgressCircle {
progress/progress_circle.rs	28	impl	impl ProgressCircle {
progress/progress_circle.rs	30	public	pub fn new(id: impl Into<ElementId>) -> Self {
progress/progress_circle.rs	47	public	pub fn loading(mut self, loading: bool) -> Self {
progress/progress_circle.rs	53	public	pub fn color(mut self, color: impl Into<Hsla>) -> Self {
progress/progress_circle.rs	61	public	pub fn value(mut self, value: f32) -> Self {
progress/progress_circle.rs	67	public	pub fn accessibility_label(mut self, label: impl Into<SharedString>) -> Self {
progress/progress_circle.rs	143	impl	impl Styled for ProgressCircle {
progress/progress_circle.rs	149	impl	impl Sizable for ProgressCircle {
progress/progress_circle.rs	156	impl	impl ParentElement for ProgressCircle {
progress/progress_circle.rs	162	impl	impl RenderOnce for ProgressCircle {
radio.rs	19	public	pub struct Radio {
radio.rs	39	impl	impl Radio {
radio.rs	41	public	pub fn new(id: impl Into<ElementId>) -> Self {
radio.rs	64	public	pub fn tooltip(mut self, tooltip: impl Into<SharedString>) -> Self {
radio.rs	70	public	pub fn label(mut self, label: impl Into<Text>) -> Self {
radio.rs	80	public	pub fn accessibility_label(mut self, label: impl Into<SharedString>) -> Self {
radio.rs	86	public	pub fn checked(mut self, checked: bool) -> Self {
radio.rs	92	public	pub fn disabled(mut self, disabled: bool) -> Self {
radio.rs	98	public	pub fn tab_index(mut self, tab_index: isize) -> Self {
radio.rs	104	public	pub fn tab_stop(mut self, tab_stop: bool) -> Self {
radio.rs	110	public	pub fn on_click(self, handler: impl Fn(&bool, &mut Window, &mut App) + 'static) -> Self {
radio.rs	120	public	pub fn on_change(mut self, handler: impl Fn(&bool, &mut Window, &mut App) + 'static) -> Self {
radio.rs	126	impl	impl Sizable for Radio {
radio.rs	133	impl	impl crate::FocusableExt for Radio {
radio.rs	144	impl	impl Styled for Radio {
radio.rs	150	impl	impl InteractiveElement for Radio {
radio.rs	156	impl	impl StatefulInteractiveElement for Radio {}
radio.rs	158	impl	impl ParentElement for Radio {
radio.rs	164	impl	impl RenderOnce for Radio {
radio.rs	280	public	pub struct RadioGroup {
radio.rs	290	impl	impl RadioGroup {
radio.rs	292	public	pub fn new(id: impl Into<ElementId>) -> Self {
radio.rs	305	public	pub fn vertical(id: impl Into<ElementId>) -> Self {
radio.rs	310	public	pub fn horizontal(id: impl Into<ElementId>) -> Self {
radio.rs	315	public	pub fn layout(mut self, layout: Axis) -> Self {
radio.rs	321	public	pub fn on_click(self, handler: impl Fn(&usize, &mut Window, &mut App) + 'static) -> Self {
radio.rs	331	public	pub fn on_change(mut self, handler: impl Fn(&usize, &mut Window, &mut App) + 'static) -> Self {
radio.rs	337	public	pub fn selected_index(mut self, index: Option<usize>) -> Self {
radio.rs	343	public	pub fn disabled(mut self, disabled: bool) -> Self {
radio.rs	349	public	pub fn child(mut self, child: impl Into<Radio>) -> Self {
radio.rs	355	public	pub fn children(mut self, children: impl IntoIterator<Item = impl Into<Radio>>) -> Self {
radio.rs	361	impl	impl Styled for RadioGroup {
radio.rs	367	impl	impl From<&'static str> for Radio {
radio.rs	373	impl	impl From<SharedString> for Radio {
radio.rs	379	impl	impl From<String> for Radio {
radio.rs	385	impl	impl RenderOnce for RadioGroup {
rating.rs	13	public	pub struct Rating {
rating.rs	24	impl	impl Rating {
rating.rs	26	public	pub fn new(id: impl Into<ElementId>) -> Self {
rating.rs	40	public	pub fn with_size(mut self, size: impl Into<Size>) -> Self {
rating.rs	46	public	pub fn disabled(mut self, disabled: bool) -> Self {
rating.rs	52	public	pub fn color(mut self, color: impl Into<Hsla>) -> Self {
rating.rs	58	public	pub fn value(mut self, value: usize) -> Self {
rating.rs	67	public	pub fn max(mut self, max: usize) -> Self {
rating.rs	78	public	pub fn on_click(mut self, handler: impl Fn(&usize, &mut Window, &mut App) + 'static) -> Self {
rating.rs	84	impl	impl Styled for Rating {
rating.rs	90	impl	impl Sizable for Rating {
rating.rs	97	impl	impl Disableable for Rating {
rating.rs	113	impl	impl RenderOnce for Rating {
root.rs	37	public	pub struct Root {
root.rs	43	public	pub notification: Entity<NotificationList>,
root.rs	76	impl	impl ActiveDialog {
root.rs	92	impl	impl Root {
root.rs	95	public	pub fn clear_text_selection(&mut self, cx: &mut Context<Self>) {
root.rs	100	public	pub fn new(view: impl Into<AnyView>, window: &mut Window, cx: &mut Context<Self>) -> Self {
root.rs	143	public	pub fn bordered(mut self, bordered: bool) -> Self {
root.rs	151	public	pub fn window_shadow_size(mut self, size: impl Into<Pixels>) -> Self {
root.rs	156	public	pub fn update<F, R>(window: &mut Window, cx: &mut App, f: F) -> R where F: FnOnce(&mut Self, &mut Window, &mut Context<Self>) -> R, {
root.rs	176	public	pub fn read<'a>(window: &'a Window, cx: &'a App) -> &'a Self {
root.rs	185	public	pub fn render_notification_layer( window: &mut Window, cx: &mut App, ) -> Option<impl IntoElement + use<>> {
root.rs	215	public	pub fn render_sheet_layer( window: &mut Window, cx: &mut App, ) -> Option<impl IntoElement + use<>> {
root.rs	242	public	pub fn render_dialog_layer( window: &mut Window, cx: &mut App, ) -> Option<impl IntoElement + use<>> {
root.rs	297	public	pub fn open_dialog<F>(&mut self, build: F, window: &mut Window, cx: &mut Context<'_, Root>) where F: Fn(Dialog, &mut Window, &mut App) -> Dialog + 'static, {
root.rs	333	public	pub fn close_dialog(&mut self, window: &mut Window, cx: &mut Context<'_, Root>) {
root.rs	365	public	pub fn close_all_dialogs(&mut self, window: &mut Window, cx: &mut Context<'_, Root>) {
root.rs	379	public	pub fn open_sheet_at<F>( &mut self, placement: Placement, build: F, window: &mut Window, cx: &mut Context<'_, Root>, ) where F: Fn(Sheet, &mut Window, &mut App) -> Sheet + 'static, {
root.rs	410	public	pub fn close_sheet(&mut self, window: &mut Window, cx: &mut Context<'_, Root>) {
root.rs	425	public	pub fn push_notification( &mut self, note: impl Into<Notification>, window: &mut Window, cx: &mut Context<'_, Root>, ) {
root.rs	438	public	pub fn remove_notification<T: Sized + 'static>( &mut self, window: &mut Window, cx: &mut Context<'_, Root>, ) {
root.rs	450	public	pub fn remove_notification1<T: Sized + 'static>( &mut self, key: impl Into<ElementId>, window: &mut Window, cx: &mut Context<'_, Root>, ) {
root.rs	463	public	pub fn clear_notifications(&mut self, window: &mut Window, cx: &mut Context<'_, Root>) {
root.rs	488	public	pub fn view(&self) -> &AnyView {
root.rs	574	impl	impl Styled for Root {
root.rs	580	impl	impl Render for Root {
scroll/mod.rs	3	public	pub use gpui_base::AutoScroll;
scroll/mod.rs	4	public	pub use gpui_base::ScrollableMask;
scroll/mod.rs	5	public	pub use gpui_base::{
scroll/mod.rs	9	public	pub use scrollable::*;
scroll/scrollable.rs	16	public	pub trait ScrollableElement: InteractiveElement + Styled + ParentElement + Element {
scroll/scrollable.rs	19	trait-member	fn scrollbar<H: ScrollbarHandle + Clone>( self, scroll_handle: &H, axis: impl Into<ScrollbarAxis>, ) -> Self {
scroll/scrollable.rs	33	trait-member	fn vertical_scrollbar<H: ScrollbarHandle + Clone>(self, scroll_handle: &H) -> Self {
scroll/scrollable.rs	39	trait-member	fn horizontal_scrollbar<H: ScrollbarHandle + Clone>(self, scroll_handle: &H) -> Self {
scroll/scrollable.rs	46	trait-member	fn overflow_scrollbar(self) -> Scrollable<Self> {
scroll/scrollable.rs	53	trait-member	fn overflow_x_scrollbar(self) -> Scrollable<Self> {
scroll/scrollable.rs	60	trait-member	fn overflow_y_scrollbar(self) -> Scrollable<Self> {
scroll/scrollable.rs	67	public	pub struct Scrollable<E: InteractiveElement + Styled + ParentElement + Element> {
scroll/scrollable.rs	73	impl	impl<E> Scrollable<E> where E: InteractiveElement + Styled + ParentElement + Element, {
scroll/scrollable.rs	90	public	pub fn id(mut self, id: impl Into<ElementId>) -> Self {
scroll/scrollable.rs	96	impl	impl<E> Styled for Scrollable<E> where E: InteractiveElement + Styled + ParentElement + Element, {
scroll/scrollable.rs	105	impl	impl<E> ParentElement for Scrollable<E> where E: InteractiveElement + Styled + ParentElement + Element, {
scroll/scrollable.rs	114	impl	impl<E> InteractiveElement for Scrollable<E> where E: InteractiveElement + Styled + ParentElement + Element, {
scroll/scrollable.rs	128	impl	impl<E> RenderOnce for Scrollable<E> where E: InteractiveElement + Styled + ParentElement + Element + 'static, {
scroll/scrollable.rs	189	impl	impl ScrollableElement for Div {}
scroll/scrollable.rs	190	impl	impl<E> ScrollableElement for Stateful<E> where E: ParentElement + Styled + Element, Self: InteractiveElement, {
scroll/scrollable.rs	204	impl	impl<H> RenderOnce for ScrollbarLayer<H> where H: ScrollbarHandle + Clone + 'static, {
scroll/scrollable.rs	293	impl	impl<E> ScrollableElement for gpui_base::test_support::Observed<E> where E: ScrollableElement + Element<PrepaintState = Option<gpui::Hitbox>> {
searchable_list/adapter.rs	38	impl	impl<D: SearchableListDelegate + 'static> SearchableListAdapter<D> {
searchable_list/adapter.rs	65	impl	impl<D: SearchableListDelegate + 'static> ListDelegate for SearchableListAdapter<D> {
searchable_list/change.rs	8	public	pub enum SearchableListChange {
searchable_list/delegate.rs	8	public	pub trait SearchableListItem: Clone {
searchable_list/delegate.rs	9	trait-member	type Value: Clone + PartialEq;
searchable_list/delegate.rs	16	trait-member	fn title(&self) -> SharedString;
searchable_list/delegate.rs	25	trait-member	fn display_title(&self) -> Option<AnyElement> {
searchable_list/delegate.rs	33	trait-member	fn render(&self, _: &mut Window, _: &mut App) -> impl IntoElement {
searchable_list/delegate.rs	38	trait-member	fn value(&self) -> &Self::Value;
searchable_list/delegate.rs	43	trait-member	fn matches(&self, query: &str) -> bool {
searchable_list/delegate.rs	48	trait-member	fn disabled(&self) -> bool {
searchable_list/delegate.rs	54	public	pub trait SearchableListDelegate: Sized + 'static {
searchable_list/delegate.rs	55	trait-member	type Item: SearchableListItem;
searchable_list/delegate.rs	58	trait-member	fn sections_count(&self, _: &App) -> usize {
searchable_list/delegate.rs	66	trait-member	fn section(&self, _section: usize) -> Option<AnyElement> {
searchable_list/delegate.rs	71	trait-member	fn items_count(&self, section: usize) -> usize;
searchable_list/delegate.rs	74	trait-member	fn item(&self, ix: IndexPath) -> Option<&Self::Item>;
searchable_list/delegate.rs	77	trait-member	fn position<V>(&self, _value: &V) -> Option<IndexPath> where Self::Item: SearchableListItem<Value = V>, V: PartialEq;
searchable_list/delegate.rs	86	trait-member	fn perform_search(&mut self, _query: &str, _window: &mut Window, _cx: &mut App) -> Task<()> {
searchable_list/delegate.rs	102	trait-member	fn render_item( &self, _ix: IndexPath, _item: &Self::Item, _checked: bool, _window: &mut Window, _cx: &mut App, ) -> Option<AnyElement> {
searchable_list/delegate.rs	118	trait-member	fn render_section_header( &self, _section: usize, _window: &mut Window, _cx: &mut App, ) -> Option<AnyElement> {
searchable_list/delegate.rs	132	trait-member	fn is_item_enabled(&self, _ix: IndexPath, item: &Self::Item, _cx: &App) -> bool {
searchable_list/delegate.rs	141	trait-member	fn is_item_checked( &self, _ix: IndexPath, item: &Self::Item, current_selection: &[(IndexPath, Self::Item)], _cx: &App, ) -> bool {
searchable_list/delegate.rs	167	trait-member	fn on_will_change( &mut self, selection: &mut Vec<(IndexPath, Self::Item)>, changes: &[SearchableListChange], ) {
searchable_list/delegate.rs	207	trait-member	fn on_confirm(&mut self, _final_selection: &[(IndexPath, Self::Item)]) {}
searchable_list/item.rs	18	public	pub struct SearchableListItemElement {
searchable_list/item.rs	32	impl	impl SearchableListItemElement {
searchable_list/item.rs	33	public	pub fn new(ix: usize) -> Self {
searchable_list/item.rs	47	public	pub fn checked(mut self, checked: bool) -> Self {
searchable_list/item.rs	53	public	pub fn check_icon(mut self, icon: impl Into<Icon>) -> Self {
searchable_list/item.rs	59	impl	impl ParentElement for SearchableListItemElement {
searchable_list/item.rs	65	impl	impl Disableable for SearchableListItemElement {
searchable_list/item.rs	72	impl	impl Selectable for SearchableListItemElement {
searchable_list/item.rs	83	impl	impl Sizable for SearchableListItemElement {
searchable_list/item.rs	90	impl	impl Styled for SearchableListItemElement {
searchable_list/item.rs	96	impl	impl RenderOnce for SearchableListItemElement {
searchable_list/state.rs	17	public	pub struct SearchableListState<D: SearchableListDelegate + 'static> where <D::Item as SearchableListItem>::Value: PartialEq + Clone, {
searchable_list/state.rs	21	public	pub focus_handle: FocusHandle,
searchable_list/state.rs	46	impl	impl<D: SearchableListDelegate + 'static> SearchableListState<D> where <D::Item as SearchableListItem>::Value: PartialEq + Clone, {
searchable_list/state.rs	56	public	pub fn new<P: 'static>( delegate: D, selected_indices: Vec<IndexPath>, on_confirm: impl Fn( Option<IndexPath>, bool, &mut Window, &mut Context<ListState<SearchableListAdapter<D>>>, ) + 'static, on_cancel: impl Fn( Option<IndexPath>, &mut Window, &mut Context<ListState<SearchableListAdapter<D>>>, ) + 'static, on_render_empty: impl Fn(&mut Window, &mut App) -> AnyElement + 'static, on_blur: fn(&mut P, &mut Window, &mut Context<P>), window: &mut Window, cx: &mut Context<P>, ) -> Self {
searchable_list/state.rs	134	public	pub fn selection(&self) -> &[(IndexPath, D::Item)] {
searchable_list/state.rs	138	public	pub fn selected_values(&self) -> Vec<<D::Item as SearchableListItem>::Value> {
searchable_list/state.rs	145	public	pub fn is_open(&self) -> bool {
searchable_list/state.rs	149	public	pub fn focus_handle(&self) -> &FocusHandle {
searchable_list/state.rs	199	public	pub fn add_selected_index(&mut self, index: IndexPath, cx: &App) -> bool {
searchable_list/state.rs	214	public	pub fn remove_selected_index(&mut self, index: IndexPath) -> bool {
searchable_list/state.rs	219	public	pub fn set_selected_indices(&mut self, indices: impl IntoIterator<Item = IndexPath>, cx: &App) {
searchable_list/vec.rs	9	impl	impl SearchableListItem for String {
searchable_list/vec.rs	21	impl	impl SearchableListItem for SharedString {
searchable_list/vec.rs	33	impl	impl SearchableListItem for &'static str {
searchable_list/vec.rs	47	impl	impl<T: SearchableListItem + 'static> SearchableListDelegate for Vec<T> {
searchable_list/vec.rs	76	public	pub struct SearchableVec<T> {
searchable_list/vec.rs	81	impl	impl<T: Clone> SearchableVec<T> {
searchable_list/vec.rs	83	public	pub fn new(items: impl Into<Vec<T>>) -> Self {
searchable_list/vec.rs	93	public	pub fn push(&mut self, item: T) {
searchable_list/vec.rs	99	impl	impl<T: SearchableListItem> From<Vec<T>> for SearchableVec<T> {
searchable_list/vec.rs	108	impl	impl<I: SearchableListItem + 'static> SearchableListDelegate for SearchableVec<I> {
searchable_list/vec.rs	146	public	pub struct SearchableGroup<I: SearchableListItem> {
searchable_list/vec.rs	147	public	pub title: SharedString,
searchable_list/vec.rs	148	public	pub items: Vec<I>,
searchable_list/vec.rs	151	impl	impl<I: SearchableListItem> SearchableGroup<I> {
searchable_list/vec.rs	153	public	pub fn new(title: impl Into<SharedString>) -> Self {
searchable_list/vec.rs	161	public	pub fn item(mut self, item: I) -> Self {
searchable_list/vec.rs	167	public	pub fn items(mut self, items: impl IntoIterator<Item = I>) -> Self {
searchable_list/vec.rs	178	impl	impl<I: SearchableListItem + 'static> SearchableListDelegate for SearchableVec<SearchableGroup<I>> {
searchable_list.rs	2	public	pub mod change;
searchable_list.rs	5	public	pub mod state;
searchable_list.rs	9	public	pub use change::SearchableListChange;
searchable_list.rs	10	public	pub use delegate::{SearchableListDelegate, SearchableListItem};
searchable_list.rs	11	public	pub use item::SearchableListItemElement;
searchable_list.rs	12	public	pub use state::SearchableListState;
searchable_list.rs	13	public	pub use vec::{SearchableGroup, SearchableVec};
select.rs	28	public	pub use crate::searchable_list::SearchableGroup as SelectGroup;
select.rs	30	public	pub use crate::searchable_list::SearchableListDelegate as SelectDelegate;
select.rs	32	public	pub use crate::searchable_list::SearchableListItem as SelectItem;
select.rs	34	public	pub use crate::searchable_list::SearchableListItemElement as SelectListItem;
select.rs	36	public	pub use crate::searchable_list::SearchableVec;
select.rs	39	public	pub struct Caret {
select.rs	44	impl	impl Caret {
select.rs	46	public	pub fn new(size: Size) -> Self {
select.rs	51	public	pub fn text_color(mut self, color: Hsla) -> Self {
select.rs	57	impl	impl RenderOnce for Caret {
select.rs	70	public	pub enum SelectEvent<D: SearchableListDelegate + 'static> where <D::Item as SearchableListItem>::Value: PartialEq + Clone, {
select.rs	95	impl	impl Default for SelectOptions {
select.rs	118	public	pub struct SelectState<D: SearchableListDelegate + 'static> where <D::Item as SearchableListItem>::Value: PartialEq + Clone, {
select.rs	133	public	pub struct Select<D: SearchableListDelegate + 'static> where <D::Item as SearchableListItem>::Value: PartialEq + Clone, {
select.rs	143	impl	impl<D> SelectState<D> where D: SearchableListDelegate + 'static, <D::Item as SearchableListItem>::Value: PartialEq + Clone, {
select.rs	149	public	pub fn new( delegate: D, selected_index: Option<IndexPath>, window: &mut Window, cx: &mut Context<Self>, ) -> Self {
select.rs	300	public	pub fn searchable(mut self, searchable: bool) -> Self {
select.rs	306	public	pub fn set_selected_index( &mut self, selected_index: Option<IndexPath>, window: &mut Window, cx: &mut Context<Self>, ) {
select.rs	334	public	pub fn set_selected_value( &mut self, selected_value: &<D::Item as SearchableListItem>::Value, window: &mut Window, cx: &mut Context<Self>, ) {
select.rs	354	public	pub fn set_items(&mut self, items: D, _: &mut Window, cx: &mut Context<Self>) where D: SearchableListDelegate + 'static, {
select.rs	364	public	pub fn selected_index(&self, cx: &App) -> Option<IndexPath> {
select.rs	369	public	pub fn selected_value(&self) -> Option<&<D::Item as SearchableListItem>::Value> {
select.rs	374	public	pub fn focus(&self, window: &mut Window, cx: &mut App) {
select.rs	500	impl	impl<D> Render for SelectState<D> where D: SearchableListDelegate + 'static, <D::Item as SearchableListItem>::Value: PartialEq + Clone, {
select.rs	637	impl	impl<D> Select<D> where D: SearchableListDelegate + 'static, <D::Item as SearchableListItem>::Value: PartialEq + Clone, {
select.rs	642	public	pub fn new(state: &Entity<SelectState<D>>) -> Self {
select.rs	652	public	pub fn id(mut self, id: impl Into<ElementId>) -> Self {
select.rs	658	public	pub fn menu_width(mut self, width: impl Into<Length>) -> Self {
select.rs	664	public	pub fn menu_max_h(mut self, max_h: impl Into<Length>) -> Self {
select.rs	670	public	pub fn placeholder(mut self, placeholder: impl Into<SharedString>) -> Self {
select.rs	679	public	pub fn accessibility_label(mut self, label: impl Into<SharedString>) -> Self {
select.rs	685	public	pub fn icon(mut self, icon: impl Into<Icon>) -> Self {
select.rs	693	public	pub fn title_prefix(mut self, prefix: impl Into<SharedString>) -> Self {
select.rs	699	public	pub fn cleanable(mut self, cleanable: bool) -> Self {
select.rs	705	public	pub fn search_placeholder(mut self, placeholder: impl Into<SharedString>) -> Self {
select.rs	711	public	pub fn disabled(mut self, disabled: bool) -> Self {
select.rs	717	public	pub fn empty<E: IntoElement + 'static>( mut self, builder: impl Fn(&mut Window, &App) -> E + 'static, ) -> Self {
select.rs	728	public	pub fn appearance(mut self, appearance: bool) -> Self {
select.rs	734	impl	impl<D> Sizable for Select<D> where D: SearchableListDelegate + 'static, <D::Item as SearchableListItem>::Value: PartialEq + Clone, {
select.rs	745	impl	impl<D> crate::FocusableExt for Select<D> where D: SearchableListDelegate + 'static, <D::Item as SearchableListItem>::Value: PartialEq + Clone, {
select.rs	760	impl	impl<D> EventEmitter<SelectEvent<D>> for SelectState<D> where D: SearchableListDelegate + 'static, <D::Item as SearchableListItem>::Value: PartialEq + Clone, {
select.rs	767	impl	impl<D> EventEmitter<DismissEvent> for SelectState<D> where D: SearchableListDelegate + 'static, <D::Item as SearchableListItem>::Value: PartialEq + Clone, {
select.rs	774	impl	impl<D> Focusable for SelectState<D> where D: SearchableListDelegate + 'static, <D::Item as SearchableListItem>::Value: PartialEq + Clone, {
select.rs	788	impl	impl<D> Styled for Select<D> where D: SearchableListDelegate + 'static, <D::Item as SearchableListItem>::Value: PartialEq + Clone, {
select.rs	798	impl	impl<D> RenderOnce for Select<D> where D: SearchableListDelegate + 'static, <D::Item as SearchableListItem>::Value: PartialEq + Clone, {
separator.rs	9	public	pub enum SeparatorStyle {
separator.rs	17	public	pub struct Separator {
separator.rs	26	impl	impl Separator {
separator.rs	28	public	pub fn vertical() -> Self {
separator.rs	40	public	pub fn horizontal() -> Self {
separator.rs	52	public	pub fn vertical_dashed() -> Self {
separator.rs	57	public	pub fn horizontal_dashed() -> Self {
separator.rs	62	public	pub fn label(mut self, label: impl Into<SharedString>) -> Self {
separator.rs	68	public	pub fn color(mut self, color: impl Into<Hsla>) -> Self {
separator.rs	74	public	pub fn dashed(mut self) -> Self {
separator.rs	120	impl	impl Styled for Separator {
separator.rs	126	impl	impl RenderOnce for Separator {
setting/fields/bool.rs	18	impl	impl BoolField {
setting/fields/bool.rs	24	impl	impl SettingFieldRender for BoolField {
setting/fields/dropdown.rs	24	impl	impl<T> DropdownField<T> {
setting/fields/dropdown.rs	37	impl	impl<T> SettingFieldRender for DropdownField<T> where T: Into<SharedString> + From<SharedString> + Clone + 'static, {
setting/fields/element.rs	9	public	pub trait SettingFieldElement {
setting/fields/element.rs	10	trait-member	type Element: IntoElement + 'static;
setting/fields/element.rs	12	trait-member	fn render_field( &self, options: &RenderOptions, window: &mut Window, cx: &mut App, ) -> Self::Element;
setting/fields/element.rs	20	impl	impl<F, E> SettingFieldElement for F where E: IntoElement + 'static, F: Fn(&RenderOptions, &mut Window, &mut App) -> E, {
setting/fields/element.rs	38	impl	impl<T> SettingFieldElement for AnySettingFieldElement<T> where T: SettingFieldElement, {
setting/fields/element.rs	53	impl	impl SettingFieldElement for Rc<dyn SettingFieldElement<Element = AnyElement>> {
setting/fields/element.rs	70	impl	impl ElementField {
setting/fields/element.rs	81	impl	impl SettingFieldRender for ElementField {
setting/fields/mod.rs	13	public	pub use element::SettingFieldElement;
setting/fields/mod.rs	14	public	pub use number::NumberFieldOptions;
setting/fields/mod.rs	62	public	pub enum SettingFieldType {
setting/fields/mod.rs	78	impl	impl SettingFieldType {
setting/fields/mod.rs	138	public	pub struct SettingField<T> {
setting/fields/mod.rs	154	impl	impl SettingField<bool> {
setting/fields/mod.rs	156	public	pub fn switch<V, S>(value: V, set_value: S) -> Self where V: Fn(&App) -> bool + 'static, S: Fn(bool, &mut App) + 'static, {
setting/fields/mod.rs	165	public	pub fn checkbox<V, S>(value: V, set_value: S) -> Self where V: Fn(&App) -> bool + 'static, S: Fn(bool, &mut App) + 'static, {
setting/fields/mod.rs	174	impl	impl SettingField<SharedString> {
setting/fields/mod.rs	176	public	pub fn input<V, S>(value: V, set_value: S) -> Self where V: Fn(&App) -> SharedString + 'static, S: Fn(SharedString, &mut App) + 'static, {
setting/fields/mod.rs	188	public	pub fn dropdown<V, S>( options: Vec<(SharedString, SharedString)>, value: V, set_value: S, ) -> Self where V: Fn(&App) -> SharedString + 'static, S: Fn(SharedString, &mut App) + 'static, {
setting/fields/mod.rs	210	public	pub fn scrollable_dropdown<V, S>( options: Vec<(SharedString, SharedString)>, value: V, set_value: S, ) -> Self where V: Fn(&App) -> SharedString + 'static, S: Fn(SharedString, &mut App) + 'static, {
setting/fields/mod.rs	232	public	pub fn element<E>(element: E) -> Self where E: SettingFieldElement + 'static, {
setting/fields/mod.rs	248	public	pub fn render<E, R>(element_render: R) -> Self where E: IntoElement + 'static, R: Fn(&RenderOptions, &mut Window, &mut App) -> E + 'static, {
setting/fields/mod.rs	261	impl	impl SettingField<f64> {
setting/fields/mod.rs	263	public	pub fn number_input<V, S>(options: NumberFieldOptions, value: V, set_value: S) -> Self where V: Fn(&App) -> f64 + 'static, S: Fn(f64, &mut App) + 'static, {
setting/fields/mod.rs	272	impl	impl<T> SettingField<T> {
setting/fields/mod.rs	293	public	pub fn default_value(mut self, default_value: impl Into<T>) -> Self {
setting/fields/mod.rs	309	public	pub fn on_reset<D, R>(mut self, is_dirty: D, reset: R) -> Self where D: Fn(&App) -> bool + 'static, R: Fn(&mut Window, &mut App) + 'static, {
setting/fields/mod.rs	319	impl	impl<T> Styled for SettingField<T> {
setting/fields/mod.rs	326	public	pub trait AnySettingField {
setting/fields/mod.rs	327	trait-member	fn as_any(&self) -> &dyn std::any::Any;
setting/fields/mod.rs	328	trait-member	fn type_name(&self) -> &'static str;
setting/fields/mod.rs	329	trait-member	fn type_id(&self) -> std::any::TypeId;
setting/fields/mod.rs	330	trait-member	fn field_type(&self) -> &SettingFieldType;
setting/fields/mod.rs	331	trait-member	fn style(&self) -> &StyleRefinement;
setting/fields/mod.rs	332	trait-member	fn is_resettable(&self, cx: &App) -> bool;
setting/fields/mod.rs	333	trait-member	fn reset(&self, window: &mut Window, cx: &mut App);
setting/fields/mod.rs	336	impl	impl<T: Clone + PartialEq + Send + Sync + 'static> AnySettingField for SettingField<T> {
setting/fields/number.rs	18	public	pub struct NumberFieldOptions {
setting/fields/number.rs	20	public	pub min: f64,
setting/fields/number.rs	22	public	pub max: f64,
setting/fields/number.rs	24	public	pub step: f64,
setting/fields/number.rs	27	impl	impl Default for NumberFieldOptions {
setting/fields/number.rs	41	impl	impl NumberField {
setting/fields/number.rs	55	impl	impl SettingFieldRender for NumberField {
setting/fields/string.rs	21	impl	impl<T> StringField<T> {
setting/fields/string.rs	34	impl	impl<T> SettingFieldRender for StringField<T> where T: Into<SharedString> + From<SharedString> + Clone + 'static, {
setting/group.rs	16	public	pub struct SettingGroup {
setting/group.rs	24	impl	impl Styled for SettingGroup {
setting/group.rs	30	impl	impl SettingGroup {
setting/group.rs	32	public	pub fn new() -> Self {
setting/group.rs	42	public	pub fn title(mut self, title: impl Into<SharedString>) -> Self {
setting/group.rs	48	public	pub fn description(mut self, description: impl Into<SharedString>) -> Self {
setting/group.rs	54	public	pub fn item(mut self, item: SettingItem) -> Self {
setting/group.rs	60	public	pub fn items<I>(mut self, items: I) -> Self where I: IntoIterator<Item = SettingItem>, {
setting/item.rs	22	public	pub enum SettingItem {
setting/item.rs	44	impl	impl SettingItem {
setting/item.rs	46	public	pub fn new<F>(title: impl Into<SharedString>, field: F) -> Self where F: AnySettingField + 'static, {
setting/item.rs	61	public	pub fn render<R, E>(render: R) -> Self where E: IntoElement, R: Fn(&RenderOptions, &mut Window, &mut App) -> E + 'static, {
setting/item.rs	84	public	pub fn on_reset<D, R>(mut self, is_dirty: D, reset: R) -> Self where D: Fn(&App) -> bool + 'static, R: Fn(&mut Window, &mut App) + 'static, {
setting/mod.rs	7	public	pub use fields::*;
setting/mod.rs	8	public	pub use group::*;
setting/mod.rs	9	public	pub use item::*;
setting/mod.rs	10	public	pub use page::*;
setting/mod.rs	11	public	pub use settings::*;
setting/page.rs	22	public	pub struct SettingPage {
setting/page.rs	33	impl	impl SettingPage {
setting/page.rs	34	public	pub fn new(title: impl Into<SharedString>) -> Self {
setting/page.rs	48	public	pub fn title(mut self, title: impl Into<SharedString>) -> Self {
setting/page.rs	56	public	pub fn title_suffix<F, E>(mut self, suffix: F) -> Self where E: IntoElement, F: Fn(&mut Window, &mut App) -> E + 'static, {
setting/page.rs	68	public	pub fn icon(mut self, icon: impl Into<Icon>) -> Self {
setting/page.rs	74	public	pub fn description(mut self, description: impl Into<SharedString>) -> Self {
setting/page.rs	80	public	pub fn default_open(mut self, default_open: bool) -> Self {
setting/page.rs	88	public	pub fn resettable(mut self, resettable: bool) -> Self {
setting/page.rs	94	public	pub fn group(mut self, group: SettingGroup) -> Self {
setting/page.rs	100	public	pub fn groups(mut self, groups: impl IntoIterator<Item = SettingGroup>) -> Self {
setting/page.rs	106	public	pub fn header_style(mut self, style: &StyleRefinement) -> Self {
setting/settings.rs	34	public	pub struct Settings {
setting/settings.rs	46	impl	impl Settings {
setting/settings.rs	48	public	pub fn new(id: impl Into<ElementId>) -> Self {
setting/settings.rs	63	public	pub fn sidebar_width(mut self, width: impl Into<Pixels>) -> Self {
setting/settings.rs	69	public	pub fn sidebar_size_range(mut self, range: impl Into<Range<Pixels>>) -> Self {
setting/settings.rs	75	public	pub fn page(mut self, page: SettingPage) -> Self {
setting/settings.rs	81	public	pub fn pages(mut self, pages: impl IntoIterator<Item = SettingPage>) -> Self {
setting/settings.rs	89	public	pub fn with_group_variant(mut self, variant: GroupBoxVariant) -> Self {
setting/settings.rs	95	public	pub fn sidebar_style(mut self, style: &StyleRefinement) -> Self {
setting/settings.rs	101	public	pub fn default_selected_index(mut self, index: SelectIndex) -> Self {
setting/settings.rs	107	public	pub fn header_style(mut self, style: &StyleRefinement) -> Self {
setting/settings.rs	211	impl	impl Sizable for Settings {
setting/settings.rs	223	impl	impl SettingsFilter {
setting/settings.rs	283	public	pub struct RenderOptions {
setting/settings.rs	293	impl	impl RenderOptions {
setting/settings.rs	294	public	pub fn new() -> Self {
setting/settings.rs	306	public	pub fn with_page_ix(mut self, page_ix: usize) -> Self {
setting/settings.rs	311	public	pub fn with_group_ix(mut self, group_ix: usize) -> Self {
setting/settings.rs	316	public	pub fn with_item_ix(mut self, item_ix: usize) -> Self {
setting/settings.rs	321	public	pub fn with_size(mut self, size: Size) -> Self {
setting/settings.rs	326	public	pub fn with_group_variant(mut self, group_variant: GroupBoxVariant) -> Self {
setting/settings.rs	331	public	pub fn with_layout(mut self, layout: Axis) -> Self {
setting/settings.rs	336	public	pub fn with_disabled(mut self, disabled: bool) -> Self {
setting/settings.rs	341	public	pub fn page_ix(&self) -> usize {
setting/settings.rs	345	public	pub fn group_ix(&self) -> usize {
setting/settings.rs	349	public	pub fn item_ix(&self) -> usize {
setting/settings.rs	353	public	pub fn size(&self) -> Size {
setting/settings.rs	357	public	pub fn group_variant(&self) -> GroupBoxVariant {
setting/settings.rs	361	public	pub fn layout(&self) -> Axis {
setting/settings.rs	365	public	pub fn is_disabled(&self) -> bool {
setting/settings.rs	370	impl	impl Default for RenderOptions {
setting/settings.rs	377	public	pub struct SelectIndex {
setting/settings.rs	378	public	pub page_ix: usize,
setting/settings.rs	379	public	pub group_ix: Option<usize>,
setting/settings.rs	382	impl	impl RenderOnce for Settings {
sheet.rs	27	public	pub struct SheetSettings {
sheet.rs	29	public	pub margin_top: Pixels,
sheet.rs	32	impl	impl Default for SheetSettings {
sheet.rs	42	public	pub struct Sheet {
sheet.rs	57	impl	impl Sheet {
sheet.rs	59	public	pub fn new(_: &mut Window, cx: &mut App) -> Self {
sheet.rs	77	public	pub fn title(mut self, title: impl IntoElement) -> Self {
sheet.rs	83	public	pub fn footer(mut self, footer: impl IntoElement) -> Self {
sheet.rs	89	public	pub fn size(mut self, size: impl Into<DefiniteLength>) -> Self {
sheet.rs	95	public	pub fn resizable(mut self, resizable: bool) -> Self {
sheet.rs	101	public	pub fn overlay(mut self, overlay: bool) -> Self {
sheet.rs	107	public	pub fn overlay_closable(mut self, overlay_closable: bool) -> Self {
sheet.rs	113	public	pub fn on_close( mut self, on_close: impl Fn(&ClickEvent, &mut Window, &mut App) + 'static, ) -> Self {
sheet.rs	122	impl	impl EventEmitter<DismissEvent> for Sheet {}
sheet.rs	123	impl	impl ParentElement for Sheet {
sheet.rs	128	impl	impl Styled for Sheet {
sheet.rs	134	impl	impl RenderOnce for Sheet {
shimmer.rs	20	public	pub enum ShimmerSpread {
shimmer.rs	27	impl	impl Default for ShimmerSpread {
shimmer.rs	33	impl	impl From<f32> for ShimmerSpread {
shimmer.rs	39	impl	impl From<Pixels> for ShimmerSpread {
shimmer.rs	51	public	pub struct ShimmerStyle {
shimmer.rs	59	impl	impl ShimmerStyle {
shimmer.rs	61	public	pub fn new() -> Self {
shimmer.rs	68	public	pub fn duration(mut self, duration: Duration) -> Self {
shimmer.rs	74	public	pub fn highlight_color(mut self, color: impl Into<Hsla>) -> Self {
shimmer.rs	85	public	pub fn spread(mut self, spread: impl Into<ShimmerSpread>) -> Self {
shimmer.rs	99	public	pub fn reverse(mut self, reverse: bool) -> Self {
shimmer.rs	105	public	pub fn once(mut self, once: bool) -> Self {
shimmer.rs	115	impl	impl Default for ShimmerStyle {
shimmer.rs	139	public	pub struct ShimmerText {
shimmer.rs	146	impl	impl ShimmerText {
shimmer.rs	148	public	pub fn new(text: impl Into<SharedString>) -> Self {
shimmer.rs	158	public	pub fn id(mut self, id: impl Into<ElementId>) -> Self {
shimmer.rs	164	public	pub fn with_shimmer_style(mut self, style: ShimmerStyle) -> Self {
shimmer.rs	170	public	pub fn duration(mut self, duration: Duration) -> Self {
shimmer.rs	176	public	pub fn highlight_color(mut self, color: impl Into<Hsla>) -> Self {
shimmer.rs	182	public	pub fn spread(mut self, spread: impl Into<ShimmerSpread>) -> Self {
shimmer.rs	188	public	pub fn reverse(mut self, reverse: bool) -> Self {
shimmer.rs	194	public	pub fn once(mut self, once: bool) -> Self {
shimmer.rs	200	impl	impl Styled for ShimmerText {
shimmer.rs	206	impl	impl RenderOnce for ShimmerText {
shimmer.rs	256	impl	impl ShimmerGlyphs {
shimmer.rs	358	impl	impl IntoElement for ShimmerGlyphs {
shimmer.rs	366	impl	impl Element for ShimmerGlyphs {
sidebar/footer.rs	10	public	pub struct SidebarFooter {
sidebar/footer.rs	16	impl	impl SidebarFooter {
sidebar/footer.rs	18	public	pub fn new() -> Self {
sidebar/footer.rs	27	impl	impl Selectable for SidebarFooter {
sidebar/footer.rs	38	impl	impl Collapsible for SidebarFooter {
sidebar/footer.rs	49	impl	impl ParentElement for SidebarFooter {
sidebar/footer.rs	55	impl	impl Styled for SidebarFooter {
sidebar/footer.rs	61	impl	impl InteractiveElement for SidebarFooter {
sidebar/footer.rs	67	impl	impl DropdownMenu for SidebarFooter {}
sidebar/footer.rs	69	impl	impl RenderOnce for SidebarFooter {
sidebar/group.rs	9	public	pub struct SidebarGroup<E: SidebarItem + 'static> {
sidebar/group.rs	15	impl	impl<E: SidebarItem> SidebarGroup<E> {
sidebar/group.rs	17	public	pub fn new(label: impl Into<SharedString>) -> Self {
sidebar/group.rs	26	public	pub fn child(mut self, child: E) -> Self {
sidebar/group.rs	34	public	pub fn children(mut self, children: impl IntoIterator<Item = E>) -> Self {
sidebar/group.rs	40	impl	impl<E: SidebarItem> Collapsible for SidebarGroup<E> {
sidebar/group.rs	51	impl	impl<E: SidebarItem> SidebarItem for SidebarGroup<E> {
sidebar/header.rs	10	public	pub struct SidebarHeader {
sidebar/header.rs	18	impl	impl SidebarHeader {
sidebar/header.rs	20	public	pub fn new() -> Self {
sidebar/header.rs	31	impl	impl Default for SidebarHeader {
sidebar/header.rs	37	impl	impl Selectable for SidebarHeader {
sidebar/header.rs	48	impl	impl Collapsible for SidebarHeader {
sidebar/header.rs	59	impl	impl ParentElement for SidebarHeader {
sidebar/header.rs	65	impl	impl Styled for SidebarHeader {
sidebar/header.rs	71	impl	impl InteractiveElement for SidebarHeader {
sidebar/header.rs	77	impl	impl DropdownMenu for SidebarHeader {}
sidebar/header.rs	79	impl	impl RenderOnce for SidebarHeader {
sidebar/menu.rs	20	public	pub struct SidebarMenu {
sidebar/menu.rs	26	impl	impl SidebarMenu {
sidebar/menu.rs	28	public	pub fn new() -> Self {
sidebar/menu.rs	39	public	pub fn child(mut self, child: impl Into<SidebarMenuItem>) -> Self {
sidebar/menu.rs	45	public	pub fn children( mut self, children: impl IntoIterator<Item = impl Into<SidebarMenuItem>>, ) -> Self {
sidebar/menu.rs	54	impl	impl Collapsible for SidebarMenu {
sidebar/menu.rs	65	impl	impl SidebarItem for SidebarMenu {
sidebar/menu.rs	86	impl	impl Styled for SidebarMenu {
sidebar/menu.rs	94	public	pub struct SidebarMenuItem {
sidebar/menu.rs	111	impl	impl SidebarMenuItem {
sidebar/menu.rs	113	public	pub fn new(label: impl Into<SharedString>) -> Self {
sidebar/menu.rs	133	public	pub fn icon(mut self, icon: impl Into<Icon>) -> Self {
sidebar/menu.rs	139	public	pub fn label_style(mut self, style: StyleRefinement) -> Self {
sidebar/menu.rs	145	public	pub fn active(mut self, active: bool) -> Self {
sidebar/menu.rs	151	public	pub fn on_click( mut self, handler: impl Fn(&ClickEvent, &mut Window, &mut App) + 'static, ) -> Self {
sidebar/menu.rs	160	public	pub fn collapsed(mut self, collapsed: bool) -> Self {
sidebar/menu.rs	168	public	pub fn default_open(mut self, open: bool) -> Self {
sidebar/menu.rs	178	public	pub fn click_to_open(mut self, click_to_open: bool) -> Self {
sidebar/menu.rs	188	public	pub fn click_to_toggle(mut self, click_to_toggle: bool) -> Self {
sidebar/menu.rs	193	public	pub fn children(mut self, children: impl IntoIterator<Item = impl Into<Self>>) -> Self {
sidebar/menu.rs	199	public	pub fn suffix<F, E>(mut self, builder: F) -> Self where F: Fn(&mut Window, &mut App) -> E + 'static, E: IntoElement, {
sidebar/menu.rs	211	public	pub fn disable(mut self, disable: bool) -> Self {
sidebar/menu.rs	225	public	pub fn context_menu( mut self, f: impl Fn(PopupMenu, &mut Window, &mut App) -> PopupMenu + 'static, ) -> Self {
sidebar/menu.rs	234	impl	impl FluentBuilder for SidebarMenuItem {}
sidebar/menu.rs	236	impl	impl Collapsible for SidebarMenuItem {
sidebar/menu.rs	247	impl	impl SidebarItem for SidebarMenuItem {
sidebar/menu.rs	416	impl	impl Styled for SidebarMenuItem {
sidebar/mod.rs	22	public	pub use footer::*;
sidebar/mod.rs	23	public	pub use group::*;
sidebar/mod.rs	24	public	pub use header::*;
sidebar/mod.rs	25	public	pub use menu::*;
sidebar/mod.rs	38	public	pub enum SidebarCollapsible {
sidebar/mod.rs	48	impl	impl From<bool> for SidebarCollapsible {
sidebar/mod.rs	69	impl	impl SidebarLayout {
sidebar/mod.rs	123	impl	impl SidebarAnimationState {
sidebar/mod.rs	211	public	pub trait SidebarItem: Collapsible + Clone {
sidebar/mod.rs	212	trait-member	fn render( self, id: impl Into<ElementId>, window: &mut Window, cx: &mut App, ) -> impl IntoElement;
sidebar/mod.rs	222	public	pub struct Sidebar<E: SidebarItem + 'static> {
sidebar/mod.rs	236	impl	impl<E: SidebarItem> Sidebar<E> {
sidebar/mod.rs	238	public	pub fn new(id: impl Into<ElementId>) -> Self {
sidebar/mod.rs	254	public	pub fn side(mut self, side: Side) -> Self {
sidebar/mod.rs	264	public	pub fn collapsible(mut self, collapsible: impl Into<SidebarCollapsible>) -> Self {
sidebar/mod.rs	270	public	pub fn collapsed(mut self, collapsed: bool) -> Self {
sidebar/mod.rs	276	public	pub fn header(mut self, header: impl IntoElement) -> Self {
sidebar/mod.rs	282	public	pub fn footer(mut self, footer: impl IntoElement) -> Self {
sidebar/mod.rs	288	public	pub fn child(mut self, child: E) -> Self {
sidebar/mod.rs	294	public	pub fn children(mut self, children: impl IntoIterator<Item = E>) -> Self {
sidebar/mod.rs	302	public	pub struct SidebarToggleButton {
sidebar/mod.rs	309	impl	impl SidebarToggleButton {
sidebar/mod.rs	311	public	pub fn new() -> Self {
sidebar/mod.rs	323	public	pub fn side(mut self, side: Side) -> Self {
sidebar/mod.rs	329	public	pub fn collapsed(mut self, collapsed: bool) -> Self {
sidebar/mod.rs	335	public	pub fn on_click( mut self, on_click: impl Fn(&ClickEvent, &mut Window, &mut App) + 'static, ) -> Self {
sidebar/mod.rs	344	impl	impl RenderOnce for SidebarToggleButton {
sidebar/mod.rs	373	impl	impl<E: SidebarItem> Styled for Sidebar<E> {
sidebar/mod.rs	379	impl	impl<E: SidebarItem> RenderOnce for Sidebar<E> {
sizing.rs	6	public	pub enum Size {
sizing.rs	15	impl	impl Size {
sizing.rs	27	public	pub fn as_str(&self) -> &'static str {
sizing.rs	45	public	pub fn from_str(size: &str) -> Self {
sizing.rs	57	public	pub fn table_row_height(&self) -> Pixels {
sizing.rs	69	public	pub fn table_cell_padding(&self) -> Edges<Pixels> {
sizing.rs	99	public	pub fn smaller(&self) -> Self {
sizing.rs	110	public	pub fn larger(&self) -> Self {
sizing.rs	123	public	pub fn max(&self, other: Self) -> Self {
sizing.rs	136	public	pub fn min(&self, other: Self) -> Self {
sizing.rs	147	public	pub fn input_px(&self) -> Pixels {
sizing.rs	158	public	pub fn input_py(&self) -> Pixels {
sizing.rs	169	impl	impl From<Pixels> for Size {
sizing.rs	178	public	pub trait Sizable: Sized {
sizing.rs	183	trait-member	fn with_size(mut self, size: impl Into<Size>) -> Self;
sizing.rs	187	trait-member	fn xsmall(self) -> Self {
sizing.rs	193	trait-member	fn small(self) -> Self {
sizing.rs	199	trait-member	fn large(self) -> Self {
sizing.rs	205	public	pub trait StyleSized<T: Styled> {
sizing.rs	206	trait-member	fn input_text_size(self, size: Size) -> Self;
sizing.rs	207	trait-member	fn input_size(self, size: Size) -> Self;
sizing.rs	208	trait-member	fn input_pl(self, size: Size) -> Self;
sizing.rs	209	trait-member	fn input_pr(self, size: Size) -> Self;
sizing.rs	210	trait-member	fn input_px(self, size: Size) -> Self;
sizing.rs	211	trait-member	fn input_py(self, size: Size) -> Self;
sizing.rs	212	trait-member	fn input_h(self, size: Size) -> Self;
sizing.rs	213	trait-member	fn list_size(self, size: Size) -> Self;
sizing.rs	214	trait-member	fn list_px(self, size: Size) -> Self;
sizing.rs	215	trait-member	fn list_py(self, size: Size) -> Self;
sizing.rs	217	trait-member	fn size_with(self, size: Size) -> Self;
sizing.rs	219	trait-member	fn table_cell_size(self, size: Size) -> Self;
sizing.rs	220	trait-member	fn button_text_size(self, size: Size) -> Self;
sizing.rs	223	impl	impl<T: Styled> StyleSized<T> for T {
skeleton.rs	10	public	pub struct Skeleton {
skeleton.rs	15	impl	impl Skeleton {
skeleton.rs	17	public	pub fn new() -> Self {
skeleton.rs	25	public	pub fn secondary(mut self) -> Self {
skeleton.rs	31	impl	impl Styled for Skeleton {
skeleton.rs	37	impl	impl RenderOnce for Skeleton {
slider.rs	4	public	pub use gpui_base::slider::{SliderEvent, SliderScale, SliderState, SliderValue};
slider.rs	33	impl	impl ThumbInteraction {
slider.rs	42	impl	impl ThumbRing {
slider.rs	86	public	pub struct Slider {
slider.rs	94	impl	impl Slider {
slider.rs	96	public	pub fn new(state: &Entity<SliderState>) -> Self {
slider.rs	107	public	pub fn horizontal(mut self) -> Self {
slider.rs	113	public	pub fn vertical(mut self) -> Self {
slider.rs	119	public	pub fn disabled(mut self, disabled: bool) -> Self {
slider.rs	133	public	pub fn reverse(mut self) -> Self {
slider.rs	139	impl	impl Styled for Slider {
slider.rs	145	impl	impl RenderOnce for Slider {
spinner.rs	10	public	pub struct Spinner {
spinner.rs	18	impl	impl Spinner {
spinner.rs	20	public	pub fn new() -> Self {
spinner.rs	35	public	pub fn icon(mut self, icon: impl Into<Icon>) -> Self {
spinner.rs	41	public	pub fn color(mut self, color: Hsla) -> Self {
spinner.rs	47	public	pub fn ease(mut self, easing: impl Fn(f32) -> f32 + 'static) -> Self {
spinner.rs	53	impl	impl Sizable for Spinner {
spinner.rs	60	impl	impl RenderOnce for Spinner {
status_bar.rs	32	public	pub struct StatusBar {
status_bar.rs	39	impl	impl StatusBar {
status_bar.rs	41	public	pub fn new() -> Self {
status_bar.rs	51	public	pub fn left(mut self, child: impl IntoElement) -> Self {
status_bar.rs	57	public	pub fn right(mut self, child: impl IntoElement) -> Self {
status_bar.rs	65	impl	impl ParentElement for StatusBar {
status_bar.rs	71	impl	impl Styled for StatusBar {
status_bar.rs	77	impl	impl RenderOnce for StatusBar {
stepper/item.rs	15	public	pub struct StepperItem {
stepper/item.rs	29	impl	impl StepperItem {
stepper/item.rs	30	public	pub fn new() -> Self {
stepper/item.rs	47	public	pub fn icon(mut self, icon: impl Into<Icon>) -> Self {
stepper/item.rs	57	public	pub fn disabled(mut self, disabled: bool) -> Self {
stepper/item.rs	96	impl	impl ParentElement for StepperItem {
stepper/item.rs	102	impl	impl Sizable for StepperItem {
stepper/item.rs	109	impl	impl Styled for StepperItem {
stepper/item.rs	115	impl	impl RenderOnce for StepperItem {
stepper/item.rs	181	impl	impl StepperSeparator {
stepper/item.rs	219	impl	impl Styled for StepperSeparator {
stepper/item.rs	225	impl	impl RenderOnce for StepperSeparator {
stepper/mod.rs	5	public	pub use item::*;
stepper/mod.rs	6	public	pub use stepper::*;
stepper/stepper.rs	12	public	pub struct Stepper {
stepper/stepper.rs	24	impl	impl Stepper {
stepper/stepper.rs	28	public	pub fn new(id: impl Into<ElementId>) -> Self {
stepper/stepper.rs	43	public	pub fn text_center(mut self, center: bool) -> Self {
stepper/stepper.rs	49	public	pub fn layout(mut self, layout: Axis) -> Self {
stepper/stepper.rs	55	public	pub fn vertical(mut self) -> Self {
stepper/stepper.rs	61	public	pub fn selected_index(mut self, index: usize) -> Self {
stepper/stepper.rs	67	public	pub fn item(mut self, item: StepperItem) -> Self {
stepper/stepper.rs	73	public	pub fn items(mut self, items: impl IntoIterator<Item = StepperItem>) -> Self {
stepper/stepper.rs	79	public	pub fn disabled(mut self, disabled: bool) -> Self {
stepper/stepper.rs	87	public	pub fn on_click<F>(mut self, f: F) -> Self where F: Fn(&usize, &mut Window, &mut App) + 'static, {
stepper/stepper.rs	96	impl	impl Sizable for Stepper {
stepper/stepper.rs	103	impl	impl Styled for Stepper {
stepper/stepper.rs	109	impl	impl RenderOnce for Stepper {
stepper/trigger.rs	26	impl	impl StepperTrigger {
stepper/trigger.rs	92	impl	impl Styled for StepperTrigger {
stepper/trigger.rs	98	impl	impl ParentElement for StepperTrigger {
stepper/trigger.rs	104	impl	impl RenderOnce for StepperTrigger {
styled.rs	1	public	pub use crate::component_traits::{Collapsible, Disableable, Selectable};
styled.rs	2	public	pub use crate::sizing::{Sizable, Size, StyleSized};
styled.rs	7	public	pub use gpui_base::{FocusableExt, RoleOverride, StyledExt, box_shadow, h_flex, v_flex};
styled.rs	127	public	pub trait ThemeStyled: Styled + Sized {
styled.rs	142	trait-member	fn focus_ring_style(self, window: &Window, cx: &App) -> Self where Self: ParentElement;
styled.rs	151	trait-member	fn popover_style(self, cx: &App) -> Self;
styled.rs	160	trait-member	fn rounded_full_style(self, cx: &App) -> Self {
styled.rs	165	impl	impl<T: Styled + Sized> ThemeStyled for T {
switch.rs	14	public	pub struct Switch {
switch.rs	29	impl	impl Switch {
switch.rs	31	public	pub fn new(id: impl Into<ElementId>) -> Self {
switch.rs	49	public	pub fn checked(mut self, checked: bool) -> Self {
switch.rs	55	public	pub fn label(mut self, label: impl Into<Text>) -> Self {
switch.rs	66	public	pub fn accessibility_label(mut self, label: impl Into<SharedString>) -> Self {
switch.rs	72	public	pub fn on_click<F>(self, handler: F) -> Self where F: Fn(&bool, &mut Window, &mut App) + 'static, {
switch.rs	85	public	pub fn on_change<F>(mut self, handler: F) -> Self where F: Fn(&bool, &mut Window, &mut App) + 'static, {
switch.rs	95	public	pub fn color(mut self, color: impl Into<Hsla>) -> Self {
switch.rs	101	public	pub fn tooltip(mut self, tooltip: impl Into<SharedString>) -> Self {
switch.rs	107	impl	impl Styled for Switch {
switch.rs	113	impl	impl Sizable for Switch {
switch.rs	120	impl	impl Disableable for Switch {
switch.rs	127	impl	impl RenderOnce for Switch {
tab/mod.rs	4	public	pub use tab::*;
tab/mod.rs	5	public	pub use tab_bar::*;
tab/tab.rs	14	public	pub enum TabVariant {
tab/tab.rs	23	impl	impl TabVariant {
tab/tab.rs	382	impl	impl Default for TabStyle {
tab/tab.rs	397	public	pub struct Tab {
tab/tab.rs	421	impl	impl From<&'static str> for Tab {
tab/tab.rs	427	impl	impl From<String> for Tab {
tab/tab.rs	433	impl	impl From<SharedString> for Tab {
tab/tab.rs	439	impl	impl From<Icon> for Tab {
tab/tab.rs	445	impl	impl From<IconName> for Tab {
tab/tab.rs	451	impl	impl Default for Tab {
tab/tab.rs	476	impl	impl Tab {
tab/tab.rs	478	public	pub fn new() -> Self {
tab/tab.rs	483	public	pub fn label(mut self, label: impl Into<SharedString>) -> Self {
tab/tab.rs	489	public	pub fn aria_label(mut self, label: impl Into<SharedString>) -> Self {
tab/tab.rs	499	public	pub fn icon(mut self, icon: impl Into<Icon>) -> Self {
tab/tab.rs	505	public	pub fn with_variant(mut self, variant: TabVariant) -> Self {
tab/tab.rs	511	public	pub fn pill(mut self) -> Self {
tab/tab.rs	517	public	pub fn outline(mut self) -> Self {
tab/tab.rs	523	public	pub fn segmented(mut self) -> Self {
tab/tab.rs	529	public	pub fn underline(mut self) -> Self {
tab/tab.rs	535	public	pub fn prefix(mut self, prefix: impl IntoElement) -> Self {
tab/tab.rs	541	public	pub fn suffix(mut self, suffix: impl IntoElement) -> Self {
tab/tab.rs	547	public	pub fn disabled(mut self, disabled: bool) -> Self {
tab/tab.rs	553	public	pub fn on_click( mut self, on_click: impl Fn(&ClickEvent, &mut Window, &mut App) + 'static, ) -> Self {
tab/tab.rs	581	impl	impl ParentElement for Tab {
tab/tab.rs	587	impl	impl Selectable for Tab {
tab/tab.rs	598	impl	impl InteractiveElement for Tab {
tab/tab.rs	604	impl	impl StatefulInteractiveElement for Tab {}
tab/tab.rs	606	impl	impl Styled for Tab {
tab/tab.rs	612	impl	impl Sizable for Tab {
tab/tab.rs	619	impl	impl RenderOnce for Tab {
tab/tab_bar.rs	25	impl	impl TabIndicatorBounds {
tab/tab_bar.rs	40	public	pub struct TabBar {
tab/tab_bar.rs	57	impl	impl TabBar {
tab/tab_bar.rs	59	public	pub fn new(id: impl Into<ElementId>) -> Self {
tab/tab_bar.rs	80	public	pub fn with_variant(mut self, variant: TabVariant) -> Self {
tab/tab_bar.rs	86	public	pub fn pill(mut self) -> Self {
tab/tab_bar.rs	92	public	pub fn outline(mut self) -> Self {
tab/tab_bar.rs	98	public	pub fn segmented(mut self) -> Self {
tab/tab_bar.rs	104	public	pub fn underline(mut self) -> Self {
tab/tab_bar.rs	110	public	pub fn menu(mut self, menu: bool) -> Self {
tab/tab_bar.rs	118	public	pub fn max_width(mut self, width: impl Into<Pixels>) -> Self {
tab/tab_bar.rs	127	public	pub fn track_scroll(mut self, scroll_handle: &ScrollHandle) -> Self {
tab/tab_bar.rs	133	public	pub fn prefix(mut self, prefix: impl IntoElement) -> Self {
tab/tab_bar.rs	139	public	pub fn suffix(mut self, suffix: impl IntoElement) -> Self {
tab/tab_bar.rs	145	public	pub fn children(mut self, children: impl IntoIterator<Item = impl Into<Tab>>) -> Self {
tab/tab_bar.rs	151	public	pub fn child(mut self, child: impl Into<Tab>) -> Self {
tab/tab_bar.rs	157	public	pub fn selected_index(mut self, index: usize) -> Self {
tab/tab_bar.rs	163	public	pub fn last_empty_space(mut self, last_empty_space: impl IntoElement) -> Self {
tab/tab_bar.rs	171	public	pub fn on_click<F>(mut self, on_click: F) -> Self where F: Fn(&usize, &mut Window, &mut App) + 'static, {
tab/tab_bar.rs	346	impl	impl Styled for TabBar {
tab/tab_bar.rs	352	impl	impl Sizable for TabBar {
tab/tab_bar.rs	359	impl	impl RenderOnce for TabBar {
table/column.rs	10	public	pub struct Column {
table/column.rs	16	public	pub key: SharedString,
table/column.rs	18	public	pub name: SharedString,
table/column.rs	20	public	pub align: TextAlign,
table/column.rs	24	public	pub sort: Option<ColumnSort>,
table/column.rs	26	public	pub paddings: Option<Edges<Pixels>>,
table/column.rs	28	public	pub width: Pixels,
table/column.rs	30	public	pub fixed: Option<ColumnFixed>,
table/column.rs	32	public	pub resizable: bool,
table/column.rs	34	public	pub movable: bool,
table/column.rs	44	public	pub selectable: bool,
table/column.rs	46	public	pub min_width: Pixels,
table/column.rs	48	public	pub max_width: Pixels,
table/column.rs	53	public	pub struct ColumnGroup {
table/column.rs	54	public	pub label: SharedString,
table/column.rs	55	public	pub span: usize,
table/column.rs	58	impl	impl ColumnGroup {
table/column.rs	59	public	pub fn new(label: impl Into<SharedString>, span: usize) -> Self {
table/column.rs	67	impl	impl Default for Column {
table/column.rs	86	impl	impl Column {
table/column.rs	88	public	pub fn new(key: impl Into<SharedString>, name: impl Into<SharedString>) -> Self {
table/column.rs	99	public	pub fn sort(mut self, sort: ColumnSort) -> Self {
table/column.rs	107	public	pub fn sortable(mut self) -> Self {
table/column.rs	113	public	pub fn ascending(mut self) -> Self {
table/column.rs	119	public	pub fn descending(mut self) -> Self {
table/column.rs	125	public	pub fn text_center(mut self) -> Self {
table/column.rs	133	public	pub fn text_right(mut self) -> Self {
table/column.rs	139	public	pub fn paddings(mut self, paddings: impl Into<Edges<Pixels>>) -> Self {
table/column.rs	145	public	pub fn p_0(mut self) -> Self {
table/column.rs	151	public	pub fn width(mut self, width: impl Into<Pixels>) -> Self {
table/column.rs	157	public	pub fn fixed(mut self, fixed: impl Into<ColumnFixed>) -> Self {
table/column.rs	163	public	pub fn fixed_left(mut self) -> Self {
table/column.rs	169	public	pub fn resizable(mut self, resizable: bool) -> Self {
table/column.rs	175	public	pub fn movable(mut self, movable: bool) -> Self {
table/column.rs	196	public	pub fn selectable(mut self, selectable: bool) -> Self {
table/column.rs	202	public	pub fn min_width(mut self, min_width: impl Into<Pixels>) -> Self {
table/column.rs	215	public	pub fn max_width(mut self, max_width: impl Into<Pixels>) -> Self {
table/column.rs	228	impl	impl FluentBuilder for Column {}
table/column.rs	231	public	pub enum ColumnFixed {
table/column.rs	247	impl	impl ColGroup {
table/column.rs	263	public	pub enum ColumnSort {
table/column.rs	273	impl	impl Render for DragColumn {
table/column.rs	293	impl	impl Render for ResizeColumn {
table/data_table.rs	42	impl	impl Default for TableOptions {
table/data_table.rs	91	public	pub struct DataTable<D: TableDelegate> {
table/data_table.rs	96	impl	impl<D> DataTable<D> where D: TableDelegate, {
table/data_table.rs	101	public	pub fn new(state: &Entity<TableState<D>>) -> Self {
table/data_table.rs	109	public	pub fn stripe(mut self, stripe: bool) -> Self {
table/data_table.rs	115	public	pub fn bordered(mut self, bordered: bool) -> Self {
table/data_table.rs	121	public	pub fn scrollbar_visible(mut self, vertical: bool, horizontal: bool) -> Self {
table/data_table.rs	131	impl	impl<D> Sizable for DataTable<D> where D: TableDelegate, {
table/data_table.rs	141	impl	impl<D> RenderOnce for DataTable<D> where D: TableDelegate, {
table/delegate.rs	16	public	pub trait TableDelegate: Sized + 'static {
table/delegate.rs	18	trait-member	fn columns_count(&self, cx: &App) -> usize;
table/delegate.rs	21	trait-member	fn rows_count(&self, cx: &App) -> usize;
table/delegate.rs	26	trait-member	fn column(&self, col_ix: usize, cx: &App) -> Column;
table/delegate.rs	29	trait-member	fn perform_sort( &mut self, col_ix: usize, sort: ColumnSort, window: &mut Window, cx: &mut Context<TableState<Self>>, ) {
table/delegate.rs	39	trait-member	fn render_header( &mut self, window: &mut Window, cx: &mut Context<TableState<Self>>, ) -> Stateful<Div> {
table/delegate.rs	50	trait-member	fn group_headers(&self, cx: &App) -> Option<Vec<Vec<ColumnGroup>>> {
table/delegate.rs	56	trait-member	fn render_group_th( &mut self, label: &SharedString, _col_span: usize, width: Pixels, _window: &mut Window, cx: &mut Context<TableState<Self>>, ) -> impl IntoElement {
table/delegate.rs	77	trait-member	fn render_th( &mut self, col_ix: usize, window: &mut Window, cx: &mut Context<TableState<Self>>, ) -> impl IntoElement {
table/delegate.rs	91	trait-member	fn render_tr( &mut self, row_ix: usize, window: &mut Window, cx: &mut Context<TableState<Self>>, ) -> Stateful<Div> {
table/delegate.rs	101	trait-member	fn context_menu( &mut self, row_ix: usize, menu: PopupMenu, window: &mut Window, cx: &mut Context<TableState<Self>>, ) -> PopupMenu {
table/delegate.rs	112	trait-member	fn render_td( &mut self, row_ix: usize, col_ix: usize, window: &mut Window, cx: &mut Context<TableState<Self>>, ) -> impl IntoElement;
table/delegate.rs	123	trait-member	fn move_column( &mut self, col_ix: usize, to_ix: usize, window: &mut Window, cx: &mut Context<TableState<Self>>, ) {
table/delegate.rs	133	trait-member	fn render_empty( &mut self, window: &mut Window, cx: &mut Context<TableState<Self>>, ) -> impl IntoElement {
table/delegate.rs	147	trait-member	fn loading(&self, cx: &App) -> bool {
table/delegate.rs	154	trait-member	fn render_loading( &mut self, size: Size, window: &mut Window, cx: &mut Context<TableState<Self>>, ) -> impl IntoElement {
table/delegate.rs	166	trait-member	fn has_more(&self, cx: &App) -> bool {
table/delegate.rs	175	trait-member	fn load_more_threshold(&self) -> usize {
table/delegate.rs	185	trait-member	fn load_more(&mut self, window: &mut Window, cx: &mut Context<TableState<Self>>) {}
table/delegate.rs	188	trait-member	fn render_last_empty_col( &mut self, window: &mut Window, cx: &mut Context<TableState<Self>>, ) -> impl IntoElement {
table/delegate.rs	202	trait-member	fn visible_rows_changed( &mut self, visible_range: Range<usize>, window: &mut Window, cx: &mut Context<TableState<Self>>, ) {
table/delegate.rs	216	trait-member	fn visible_columns_changed( &mut self, visible_range: Range<usize>, window: &mut Window, cx: &mut Context<TableState<Self>>, ) {
table/delegate.rs	228	trait-member	fn cell_text(&self, row_ix: usize, col_ix: usize, cx: &App) -> String {
table/loading.rs	9	impl	impl Loading {
table/loading.rs	26	impl	impl LoadingRow {
table/loading.rs	47	impl	impl RenderOnce for LoadingRow {
table/loading.rs	99	impl	impl RenderOnce for Loading {
table/mod.rs	10	public	pub use column::*;
table/mod.rs	11	public	pub use data_table::*;
table/mod.rs	12	public	pub use delegate::*;
table/mod.rs	13	public	pub use state::*;
table/mod.rs	14	public	pub use table::*;
table/state.rs	42	impl	impl SelectionMode {
table/state.rs	61	public	pub enum TableEvent {
table/state.rs	112	public	pub struct TableVisibleRange {
table/state.rs	119	impl	impl TableVisibleRange {
table/state.rs	121	public	pub fn rows(&self) -> &Range<usize> {
table/state.rs	126	public	pub fn cols(&self) -> &Range<usize> {
table/state.rs	182	public	pub label: SharedString,
table/state.rs	183	public	pub width: Pixels,
table/state.rs	190	public	pub struct TableState<D: TableDelegate> {
table/state.rs	205	public	pub loop_selection: bool,
table/state.rs	207	public	pub col_selectable: bool,
table/state.rs	209	public	pub row_selectable: bool,
table/state.rs	218	public	pub cell_selectable: bool,
table/state.rs	227	public	pub row_header: bool,
table/state.rs	229	public	pub sortable: bool,
table/state.rs	231	public	pub col_resizable: bool,
table/state.rs	233	public	pub col_movable: bool,
table/state.rs	235	public	pub col_fixed: bool,
table/state.rs	237	public	pub vertical_scroll_handle: UniformListScrollHandle,
table/state.rs	238	public	pub horizontal_scroll_handle: VirtualListScrollHandle,
table/state.rs	262	impl	impl<D> TableState<D> where D: TableDelegate, {
table/state.rs	267	public	pub fn new(delegate: D, _: &mut Window, cx: &mut Context<Self>) -> Self {
table/state.rs	305	public	pub fn delegate(&self) -> &D {
table/state.rs	310	public	pub fn delegate_mut(&mut self) -> &mut D {
table/state.rs	315	public	pub fn loop_selection(mut self, loop_selection: bool) -> Self {
table/state.rs	321	public	pub fn col_movable(mut self, col_movable: bool) -> Self {
table/state.rs	327	public	pub fn col_resizable(mut self, col_resizable: bool) -> Self {
table/state.rs	333	public	pub fn sortable(mut self, sortable: bool) -> Self {
table/state.rs	339	public	pub fn row_selectable(mut self, row_selectable: bool) -> Self {
table/state.rs	345	public	pub fn col_selectable(mut self, col_selectable: bool) -> Self {
table/state.rs	367	public	pub fn cell_selectable(mut self, cell_selectable: bool) -> Self {
table/state.rs	382	public	pub fn row_header(mut self, row_header: bool) -> Self {
table/state.rs	388	public	pub fn refresh(&mut self, cx: &mut Context<Self>) {
table/state.rs	393	public	pub fn scroll_to_row(&mut self, row_ix: usize, cx: &mut Context<Self>) {
table/state.rs	400	public	pub fn scroll_to_col(&mut self, col_ix: usize, cx: &mut Context<Self>) {
table/state.rs	458	public	pub fn selected_row(&self) -> Option<usize> {
table/state.rs	463	public	pub fn set_selected_row(&mut self, row_ix: usize, cx: &mut Context<Self>) {
table/state.rs	489	public	pub fn right_clicked_row(&self) -> Option<usize> {
table/state.rs	497	public	pub fn set_right_clicked_row(&mut self, row: Option<usize>, cx: &mut Context<Self>) {
table/state.rs	503	public	pub fn selected_col(&self) -> Option<usize> {
table/state.rs	508	public	pub fn set_selected_col(&mut self, col_ix: usize, cx: &mut Context<Self>) {
table/state.rs	529	public	pub fn selected_cell(&self) -> Option<(usize, usize)> {
table/state.rs	548	public	pub fn set_selected_cell(&mut self, row_ix: usize, col_ix: usize, cx: &mut Context<Self>) {
table/state.rs	562	public	pub fn clear_selection(&mut self, cx: &mut Context<Self>) {
table/state.rs	574	public	pub fn visible_range(&self) -> &TableVisibleRange {
table/state.rs	582	public	pub fn headers(&self, cx: &App) -> Vec<String> {
table/state.rs	599	public	pub fn dump(&self, cx: &App) -> (Vec<String>, Vec<Vec<String>>) {
table/state.rs	610	public	pub fn dump_range(&self, range: Range<usize>, cx: &App) -> (Vec<String>, Vec<Vec<String>>) {
table/state.rs	631	public	pub fn refresh_header_layout(&mut self, cx: &mut Context<Self>) {
table/state.rs	2350	impl	impl<D> Focusable for TableState<D> where D: TableDelegate, {
table/state.rs	2358	impl	impl<D> EventEmitter<TableEvent> for TableState<D> where D: TableDelegate {}
table/state.rs	2360	impl	impl<D> Render for TableState<D> where D: TableDelegate, {
table/table.rs	41	public	pub struct Table {
table/table.rs	49	impl	impl Table {
table/table.rs	50	public	pub fn new() -> Self {
table/table.rs	64	public	pub fn accessibility_label(mut self, label: impl Into<SharedString>) -> Self {
table/table.rs	69	public	pub fn child(mut self, child: impl ChildElement + 'static) -> Self {
table/table.rs	74	public	pub fn children<E: ChildElement + 'static>( mut self, children: impl IntoIterator<Item = E>, ) -> Self {
table/table.rs	84	impl	impl Styled for Table {
table/table.rs	90	impl	impl Sizable for Table {
table/table.rs	97	impl	impl ChildElement for Table {
table/table.rs	104	impl	impl RenderOnce for Table {
table/table.rs	143	public	pub struct TableHeader {
table/table.rs	150	impl	impl TableHeader {
table/table.rs	151	public	pub fn new() -> Self {
table/table.rs	160	public	pub fn child(mut self, child: impl ChildElement + 'static) -> Self {
table/table.rs	165	public	pub fn children<E: ChildElement + 'static>( mut self, children: impl IntoIterator<Item = E>, ) -> Self {
table/table.rs	175	impl	impl Styled for TableHeader {
table/table.rs	181	impl	impl ChildElement for TableHeader {
table/table.rs	188	impl	impl Sizable for TableHeader {
table/table.rs	195	impl	impl RenderOnce for TableHeader {
table/table.rs	215	public	pub struct TableBody {
table/table.rs	222	impl	impl TableBody {
table/table.rs	223	public	pub fn new() -> Self {
table/table.rs	232	public	pub fn child(mut self, child: impl ChildElement + 'static) -> Self {
table/table.rs	237	public	pub fn children<E: ChildElement + 'static>( mut self, children: impl IntoIterator<Item = E>, ) -> Self {
table/table.rs	247	impl	impl Styled for TableBody {
table/table.rs	253	impl	impl Sizable for TableBody {
table/table.rs	260	impl	impl ChildElement for TableBody {
table/table.rs	267	impl	impl RenderOnce for TableBody {
table/table.rs	283	public	pub struct TableFooter {
table/table.rs	290	impl	impl TableFooter {
table/table.rs	291	public	pub fn new() -> Self {
table/table.rs	300	public	pub fn child(mut self, child: impl ChildElement + 'static) -> Self {
table/table.rs	305	public	pub fn children<E: ChildElement + 'static>( mut self, children: impl IntoIterator<Item = E>, ) -> Self {
table/table.rs	315	impl	impl Styled for TableFooter {
table/table.rs	321	impl	impl Sizable for TableFooter {
table/table.rs	328	impl	impl ChildElement for TableFooter {
table/table.rs	335	impl	impl RenderOnce for TableFooter {
table/table.rs	356	public	pub struct TableRow {
table/table.rs	363	impl	impl TableRow {
table/table.rs	364	public	pub fn new() -> Self {
table/table.rs	373	public	pub fn child(mut self, child: impl ChildElement + 'static) -> Self {
table/table.rs	378	public	pub fn children<E: ChildElement + 'static>( mut self, children: impl IntoIterator<Item = E>, ) -> Self {
table/table.rs	388	impl	impl Styled for TableRow {
table/table.rs	394	impl	impl Sizable for TableRow {
table/table.rs	401	impl	impl ChildElement for TableRow {
table/table.rs	408	impl	impl RenderOnce for TableRow {
table/table.rs	428	public	pub struct TableHead {
table/table.rs	437	impl	impl TableHead {
table/table.rs	438	public	pub fn new() -> Self {
table/table.rs	450	public	pub fn col_span(mut self, span: usize) -> Self {
table/table.rs	456	public	pub fn text_center(mut self) -> Self {
table/table.rs	462	public	pub fn text_right(mut self) -> Self {
table/table.rs	468	impl	impl ParentElement for TableHead {
table/table.rs	474	impl	impl Sizable for TableHead {
table/table.rs	481	impl	impl ChildElement for TableHead {
table/table.rs	488	impl	impl Styled for TableHead {
table/table.rs	494	impl	impl RenderOnce for TableHead {
table/table.rs	519	public	pub struct TableCell {
table/table.rs	528	impl	impl TableCell {
table/table.rs	529	public	pub fn new() -> Self {
table/table.rs	541	public	pub fn col_span(mut self, span: usize) -> Self {
table/table.rs	547	public	pub fn text_center(mut self) -> Self {
table/table.rs	553	public	pub fn text_right(mut self) -> Self {
table/table.rs	559	impl	impl ParentElement for TableCell {
table/table.rs	565	impl	impl Sizable for TableCell {
table/table.rs	572	impl	impl ChildElement for TableCell {
table/table.rs	579	impl	impl Styled for TableCell {
table/table.rs	585	impl	impl RenderOnce for TableCell {
table/table.rs	610	public	pub struct TableCaption {
table/table.rs	617	impl	impl TableCaption {
table/table.rs	618	public	pub fn new() -> Self {
table/table.rs	628	impl	impl ParentElement for TableCaption {
table/table.rs	634	impl	impl Sizable for TableCaption {
table/table.rs	641	impl	impl ChildElement for TableCaption {
table/table.rs	648	impl	impl Styled for TableCaption {
table/table.rs	654	impl	impl RenderOnce for TableCaption {
tag.rs	10	public	pub enum TagVariant {
tag.rs	26	impl	impl TagVariant {
tag.rs	125	public	pub struct Tag {
tag.rs	133	impl	impl Tag {
tag.rs	135	public	pub fn new() -> Self {
tag.rs	147	public	pub fn primary() -> Self {
tag.rs	152	public	pub fn secondary() -> Self {
tag.rs	157	public	pub fn danger() -> Self {
tag.rs	162	public	pub fn success() -> Self {
tag.rs	167	public	pub fn warning() -> Self {
tag.rs	172	public	pub fn info() -> Self {
tag.rs	177	public	pub fn custom(color: Hsla, foreground: Hsla, border: Hsla) -> Self {
tag.rs	186	public	pub fn color(color: impl Into<ColorName>) -> Self {
tag.rs	191	public	pub fn with_variant(mut self, variant: TagVariant) -> Self {
tag.rs	197	public	pub fn outline(mut self) -> Self {
tag.rs	203	public	pub fn rounded(mut self, radius: impl Into<AbsoluteLength>) -> Self {
tag.rs	209	public	pub fn rounded_full(mut self) -> Self {
tag.rs	215	impl	impl Sizable for Tag {
tag.rs	222	impl	impl ParentElement for Tag {
tag.rs	228	impl	impl Styled for Tag {
tag.rs	234	impl	impl RenderOnce for Tag {
text/compat.rs	28	public	pub struct TextView {
text/compat.rs	38	impl	impl Styled for TextView {
text/compat.rs	44	impl	impl TextView {
text/compat.rs	46	public	pub fn new(state: &Entity<TextViewState>) -> Self {
text/compat.rs	56	public	pub fn markdown(id: impl Into<ElementId>, text: impl Into<SharedString>) -> Self {
text/compat.rs	67	public	pub fn html(id: impl Into<ElementId>, text: impl Into<SharedString>) -> Self {
text/compat.rs	78	public	pub fn style(mut self, style: TextViewStyle) -> Self {
text/compat.rs	83	public	pub fn selectable(mut self, value: bool) -> Self {
text/compat.rs	88	public	pub fn selection_format(mut self, value: SelectionFormat) -> Self {
text/compat.rs	93	public	pub fn scrollable(mut self, value: bool) -> Self {
text/compat.rs	102	public	pub fn stream_fade(mut self, value: bool) -> Self {
text/compat.rs	108	public	pub fn motion(mut self, motion: TextViewMotion) -> Self {
text/compat.rs	113	public	pub fn max_lines(mut self, value: usize) -> Self {
text/compat.rs	118	public	pub fn code_block_actions<F, E>(mut self, f: F) -> Self where F: Fn(&CodeBlock, &mut Window, &mut App) -> E + Send + Sync + 'static, E: IntoElement, {
text/compat.rs	127	public	pub fn table_actions<F, E>(mut self, f: F) -> Self where F: Fn(&TableData, &mut Window, &mut App) -> E + Send + Sync + 'static, E: IntoElement, {
text/compat.rs	136	public	pub fn on_link_click<F>(mut self, f: F) -> Self where F: Fn(&SharedString, &ClickEvent, &mut Window, &mut App) + Send + Sync + 'static, {
text/compat.rs	144	public	pub fn markdown_extensions(mut self, value: MarkdownExtensions) -> Self {
text/compat.rs	149	public	pub fn markdown_mdx(mut self) -> Self {
text/compat.rs	155	public	pub fn markdown_block_parser<F>(mut self, parser: F) -> Self where F: for<'a> Fn(&markdown::mdast::Node, &MarkdownParseContext<'a>) -> Option<MarkdownNode> + Send + Sync + 'static, {
text/compat.rs	166	public	pub fn markdown_block_renderer<F, E>( mut self, name: impl Into<SharedString>, renderer: F, ) -> Self where F: Fn(&MarkdownNode, &mut Window, &mut App) -> E + Send + Sync + 'static, E: IntoElement, {
text/compat.rs	179	public	pub fn plugin<P>(self, plugin: P) -> Self where P: TextViewPlugin, {
text/compat.rs	187	impl	impl IntoElement for TextView {
text/compat.rs	196	public	pub struct TextViewLayoutState {
text/compat.rs	201	public	pub struct TextViewPrepaintState;
text/compat.rs	203	impl	impl Element for TextView {
text/compat.rs	356	public	pub trait TextViewPlugin {
text/compat.rs	358	trait-member	fn setup(self, text_view: TextView) -> TextView;
text/compat.rs	360	impl	impl<P> TextViewPlugin for P where P: MarkdownPlugin, {
text/compat.rs	372	public	pub enum Text {
text/compat.rs	376	impl	impl From<SharedString> for Text {
text/compat.rs	381	impl	impl From<String> for Text {
text/compat.rs	386	impl	impl From<&str> for Text {
text/compat.rs	391	impl	impl From<TextView> for Text {
text/compat.rs	396	impl	impl Text {
text/compat.rs	398	public	pub fn style(self, style: TextViewStyle) -> Self {
text/compat.rs	411	impl	impl RenderOnce for Text {
text/compat.rs	422	public	pub fn markdown(source: impl Into<SharedString>) -> TextView {
text/compat.rs	430	public	pub fn html(source: impl Into<SharedString>) -> TextView {
text/frontmatter.rs	21	impl	impl Frontmatter {
text/frontmatter.rs	39	public	pub struct FrontmatterPlugin;
text/frontmatter.rs	41	impl	impl FrontmatterPlugin {
text/frontmatter.rs	42	public	pub fn new() -> Self {
text/frontmatter.rs	47	impl	impl MarkdownPlugin for FrontmatterPlugin {
text/mod.rs	7	public	pub use compat::{
text/mod.rs	10	public	pub use frontmatter::FrontmatterPlugin;
text/mod.rs	11	public	pub use gpui_base::text::{
text/mod.rs	16	public	pub use style::TextViewStyle;
text/style.rs	13	public	pub struct TextViewStyle {
text/style.rs	15	public	pub paragraph_gap: Rems,
text/style.rs	17	public	pub heading_base_font_size: Pixels,
text/style.rs	22	public	pub heading_font_size: Option<Arc<dyn Fn(u8, Pixels) -> Pixels + Send + Sync + 'static>>,
text/style.rs	24	public	pub highlight_theme: Arc<HighlightTheme>,
text/style.rs	26	public	pub code_block: StyleRefinement,
text/style.rs	35	public	pub table: StyleRefinement,
text/style.rs	38	public	pub table_head: StyleRefinement,
text/style.rs	44	public	pub table_cell: StyleRefinement,
text/style.rs	49	public	pub inline_code: HighlightStyle,
text/style.rs	51	public	pub is_dark: bool,
text/style.rs	54	impl	impl Default for TextViewStyle {
text/style.rs	71	impl	impl PartialEq for TextViewStyle {
text/style.rs	93	impl	impl TextViewStyle {
text/style.rs	95	public	pub fn paragraph_gap(mut self, gap: Rems) -> Self {
text/style.rs	101	public	pub fn heading_font_size<F>(mut self, f: F) -> Self where F: Fn(u8, Pixels) -> Pixels + Send + Sync + 'static, {
text/style.rs	109	public	pub fn code_block(mut self, style: StyleRefinement) -> Self {
text/style.rs	114	public	pub fn inline_code(mut self, style: HighlightStyle) -> Self {
text/style.rs	123	public	pub fn table(mut self, style: StyleRefinement) -> Self {
text/style.rs	128	public	pub fn table_head(mut self, style: StyleRefinement) -> Self {
text/style.rs	137	public	pub fn table_cell(mut self, style: StyleRefinement) -> Self {
theme/color.rs	16	public	pub fn hsl(h: f32, s: f32, l: f32) -> Hsla {
theme/color.rs	20	public	pub trait Colorize: Sized {
theme/color.rs	24	trait-member	fn opacity(&self, opacity: f32) -> Self;
theme/color.rs	28	trait-member	fn divide(&self, divisor: f32) -> Self;
theme/color.rs	30	trait-member	fn invert(&self) -> Self;
theme/color.rs	32	trait-member	fn invert_l(&self) -> Self;
theme/color.rs	36	trait-member	fn lighten(&self, amount: f32) -> Self;
theme/color.rs	40	trait-member	fn darken(&self, amount: f32) -> Self;
theme/color.rs	42	trait-member	fn apply(&self, base_color: Self) -> Self;
theme/color.rs	45	trait-member	fn mix(&self, other: Self, factor: f32) -> Self;
theme/color.rs	49	trait-member	fn mix_oklab(&self, other: Self, factor: f32) -> Self;
theme/color.rs	51	trait-member	fn hue(&self, hue: f32) -> Self;
theme/color.rs	53	trait-member	fn saturation(&self, saturation: f32) -> Self;
theme/color.rs	55	trait-member	fn lightness(&self, lightness: f32) -> Self;
theme/color.rs	58	trait-member	fn to_hex(&self) -> String;
theme/color.rs	60	trait-member	fn parse_hex(hex: &str) -> Result<Self>;
theme/color.rs	89	public	pub fn rgb_to_oklab(rgb: Rgba) -> (f32, f32, f32) {
theme/color.rs	114	public	pub fn oklab_to_rgb(L: f32, a: f32, b: f32) -> Rgba {
theme/color.rs	149	public	pub fn oklch(lightness: f32, chroma: f32, hue: f32) -> Hsla {
theme/color.rs	155	impl	impl Colorize for Hsla {
theme/color.rs	361	public	pub fn deserialize<'de, D>(deserializer: D) -> Result<ColorScales, D::Error> where D: Deserializer<'de>, {
theme/color.rs	375	public	pub enum ColorName {
theme/color.rs	399	impl	impl Display for ColorName {
theme/color.rs	406	impl	impl TryFrom<&str> for ColorName {
theme/color.rs	436	impl	impl TryFrom<SharedString> for ColorName {
theme/color.rs	443	impl	impl ColorName {
theme/color.rs	445	public	pub fn all() -> [Self; 19] {
theme/color.rs	473	public	pub fn scale(&self, scale: usize) -> Hsla {
theme/color.rs	604	public	pub fn [<$color _ $scale>]() -> Hsla {
theme/color.rs	625	public	pub fn [<$color>](scale: usize) -> Hsla {
theme/color.rs	648	public	pub fn black() -> Hsla {
theme/color.rs	652	public	pub fn white() -> Hsla {
theme/color.rs	693	public	pub fn try_parse_color(color: &str) -> Result<Hsla> {
theme/color.rs	763	public	pub fn try_parse_background(background: &str) -> Result<Background> {
theme/mod.rs	9	public	pub use gpui_base::{
theme/mod.rs	30	public	pub use color::*;
theme/mod.rs	31	public	pub use motion::*;
theme/mod.rs	32	public	pub use registry::*;
theme/mod.rs	33	public	pub use schema::*;
theme/mod.rs	34	public	pub use theme_color::*;
theme/mod.rs	36	public	pub fn init(cx: &mut App) {
theme/mod.rs	44	public	pub trait ActiveTheme {
theme/mod.rs	45	trait-member	fn theme(&self) -> &Theme;
theme/mod.rs	48	impl	impl ActiveTheme for App {
theme/mod.rs	107	public	pub struct Theme {
theme/mod.rs	108	public	pub colors: ThemeColor,
theme/mod.rs	114	public	pub tokens: ThemeTokens,
theme/mod.rs	115	public	pub highlight_theme: Arc<HighlightTheme>,
theme/mod.rs	116	public	pub light_theme: Rc<ThemeConfig>,
theme/mod.rs	117	public	pub dark_theme: Rc<ThemeConfig>,
theme/mod.rs	119	public	pub mode: ThemeMode,
theme/mod.rs	126	public	pub font_family: SharedString,
theme/mod.rs	128	public	pub font_size: Pixels,
theme/mod.rs	141	public	pub mono_font_family: SharedString,
theme/mod.rs	143	public	pub mono_font_size: Pixels,
theme/mod.rs	145	public	pub radius: Pixels,
theme/mod.rs	147	public	pub radius_lg: Pixels,
theme/mod.rs	148	public	pub shadow: bool,
theme/mod.rs	156	public	pub focus_ring: bool,
theme/mod.rs	157	public	pub transparent: Hsla,
theme/mod.rs	160	public	pub scrollbar_mode: ScrollbarMode,
theme/mod.rs	163	public	pub notification: NotificationSettings,
theme/mod.rs	165	public	pub list: ListSettings,
theme/mod.rs	167	public	pub sheet: SheetSettings,
theme/mod.rs	170	public	pub motion: MotionTokens,
theme/mod.rs	173	impl	impl Default for Theme {
theme/mod.rs	179	impl	impl Deref for Theme {
theme/mod.rs	187	impl	impl DerefMut for Theme {
theme/mod.rs	193	impl	impl Global for Theme {}
theme/mod.rs	195	impl	impl Theme {
theme/mod.rs	198	public	pub fn global(cx: &App) -> &Theme {
theme/mod.rs	208	public	pub fn global_mut(cx: &mut App) -> &mut Theme {
theme/mod.rs	214	public	pub fn is_dark(&self) -> bool {
theme/mod.rs	219	public	pub fn theme_name(&self) -> &SharedString {
theme/mod.rs	228	public	pub fn sync_system_appearance(window: Option<&mut Window>, cx: &mut App) {
theme/mod.rs	240	public	pub fn sync_scrollbar_appearance(cx: &mut App) {
theme/mod.rs	250	public	pub fn set_scrollbar_mode(mode: ScrollbarMode, cx: &mut App) {
theme/mod.rs	261	public	pub fn change(mode: impl Into<ThemeMode>, window: Option<&mut Window>, cx: &mut App) {
theme/mod.rs	367	public	pub fn sync_base(cx: &mut App) {
theme/mod.rs	379	public	pub fn input_background(&self) -> Hsla {
theme/mod.rs	399	public	pub fn semantic_tokens(&self) -> SemanticThemeTokens {
theme/mod.rs	410	public	pub fn motion_tokens(&self) -> &MotionTokens {
theme/mod.rs	414	public	pub fn color_tokens(&self) -> ColorTokens {
theme/mod.rs	445	public	pub fn radius_full(&self) -> Pixels {
theme/mod.rs	457	public	pub fn radius_2xl(&self) -> Pixels {
theme/mod.rs	462	public	pub fn radius_3xl(&self) -> Pixels {
theme/mod.rs	467	public	pub fn radius_4xl(&self) -> Pixels {
theme/mod.rs	471	public	pub fn radius_tokens(&self) -> RadiusTokens {
theme/mod.rs	482	public	pub fn spacing_tokens(&self) -> SpacingTokens {
theme/mod.rs	486	public	pub fn typography_tokens(&self) -> TypographyTokens {
theme/mod.rs	495	public	pub fn shadow_tokens(&self) -> ShadowTokens {
theme/mod.rs	506	public	pub fn apply_semantic_tokens(&mut self, tokens: &SemanticThemeTokens) {
theme/mod.rs	547	public	pub fn resolve_semantic_config(&self, config: &SemanticThemeConfig) -> SemanticThemeTokens {
theme/mod.rs	555	public	pub fn apply_semantic_config(&mut self, config: &SemanticThemeConfig) -> SemanticThemeTokens {
theme/mod.rs	562	public	pub fn apply_semantic_config_str( &mut self, content: &str, ) -> anyhow::Result<SemanticThemeTokens> {
theme/mod.rs	659	impl	impl From<&ThemeColor> for Theme {
theme/mod.rs	701	public	pub enum ThemeMode {
theme/mod.rs	707	impl	impl ThemeMode {
theme/mod.rs	709	public	pub fn is_dark(&self) -> bool {
theme/mod.rs	714	public	pub fn name(&self) -> &'static str {
theme/mod.rs	722	impl	impl From<WindowAppearance> for ThemeMode {
theme/motion.rs	8	public	pub struct MotionTokens {
theme/motion.rs	9	public	pub duration_instant: Duration,
theme/motion.rs	10	public	pub duration_fast: Duration,
theme/motion.rs	11	public	pub duration_normal: Duration,
theme/motion.rs	12	public	pub duration_slow: Duration,
theme/motion.rs	13	public	pub easing_enter: Easing,
theme/motion.rs	14	public	pub easing_exit: Easing,
theme/motion.rs	15	public	pub easing_move: Easing,
theme/motion.rs	16	public	pub spring_control: Spring,
theme/motion.rs	17	public	pub spring_move: Spring,
theme/motion.rs	18	public	pub distance_short: Rems,
theme/motion.rs	19	public	pub distance_medium: Rems,
theme/motion.rs	22	impl	impl Default for MotionTokens {
theme/registry.rs	76	public	pub struct ThemeRegistry {
theme/registry.rs	83	impl	impl Global for ThemeRegistry {}
theme/registry.rs	85	impl	impl ThemeRegistry {
theme/registry.rs	86	public	pub fn global(cx: &App) -> &Self {
theme/registry.rs	90	public	pub fn global_mut(cx: &mut App) -> &mut Self {
theme/registry.rs	98	public	pub fn watch_dir<F>(themes_dir: PathBuf, cx: &mut App, on_load: F) -> Result<()> where F: Fn(&mut App) + 'static, {
theme/registry.rs	121	public	pub fn themes(&self) -> &HashMap<SharedString, Rc<ThemeConfig>> {
theme/registry.rs	126	public	pub fn sorted_themes(&self) -> Vec<&Rc<ThemeConfig>> {
theme/registry.rs	139	public	pub fn default_themes(&self) -> &HashMap<ThemeMode, Rc<ThemeConfig>> {
theme/registry.rs	143	public	pub fn default_light_theme(&self) -> &Rc<ThemeConfig> {
theme/registry.rs	147	public	pub fn default_dark_theme(&self) -> &Rc<ThemeConfig> {
theme/registry.rs	151	public	pub fn load_themes_from_str(&mut self, content: &str) -> anyhow::Result<()> {
theme/schema.rs	24	public	pub struct ThemeSet {
theme/schema.rs	26	public	pub name: SharedString,
theme/schema.rs	28	public	pub author: Option<SharedString>,
theme/schema.rs	30	public	pub url: Option<SharedString>,
theme/schema.rs	33	public	pub themes: Vec<ThemeConfig>,
theme/schema.rs	38	public	pub struct ThemeConfig {
theme/schema.rs	40	public	pub is_default: bool,
theme/schema.rs	42	public	pub name: SharedString,
theme/schema.rs	44	public	pub mode: ThemeMode,
theme/schema.rs	48	public	pub font_size: Option<f32>,
theme/schema.rs	51	public	pub font_family: Option<SharedString>,
theme/schema.rs	61	public	pub mono_font_family: Option<SharedString>,
theme/schema.rs	64	public	pub mono_font_size: Option<f32>,
theme/schema.rs	68	public	pub radius: Option<usize>,
theme/schema.rs	71	public	pub radius_lg: Option<usize>,
theme/schema.rs	74	public	pub shadow: Option<bool>,
theme/schema.rs	77	public	pub colors: ThemeConfigColors,
theme/schema.rs	81	public	pub highlight: Option<HighlightThemeStyle>,
theme/schema.rs	86	public	pub struct SemanticThemeConfig {
theme/schema.rs	87	public	pub colors: SemanticColorConfig,
theme/schema.rs	88	public	pub radius: SemanticRadiusConfig,
theme/schema.rs	89	public	pub spacing: SemanticSpacingConfig,
theme/schema.rs	90	public	pub typography: SemanticTypographyConfig,
theme/schema.rs	91	public	pub shadow: SemanticShadowConfig,
theme/schema.rs	100	public	pub struct SemanticThemeConfigFile {
theme/schema.rs	101	public	pub tokens: SemanticThemeConfig,
theme/schema.rs	106	public	pub struct SemanticColorConfig {
theme/schema.rs	107	public	pub background: Option<SharedString>,
theme/schema.rs	108	public	pub foreground: Option<SharedString>,
theme/schema.rs	109	public	pub surface: Option<SharedString>,
theme/schema.rs	110	public	pub surface_foreground: Option<SharedString>,
theme/schema.rs	111	public	pub primary: Option<SharedString>,
theme/schema.rs	112	public	pub primary_foreground: Option<SharedString>,
theme/schema.rs	113	public	pub secondary: Option<SharedString>,
theme/schema.rs	114	public	pub secondary_foreground: Option<SharedString>,
theme/schema.rs	115	public	pub muted: Option<SharedString>,
theme/schema.rs	116	public	pub muted_foreground: Option<SharedString>,
theme/schema.rs	117	public	pub accent: Option<SharedString>,
theme/schema.rs	118	public	pub accent_foreground: Option<SharedString>,
theme/schema.rs	119	public	pub destructive: Option<SharedString>,
theme/schema.rs	120	public	pub destructive_foreground: Option<SharedString>,
theme/schema.rs	121	public	pub border: Option<SharedString>,
theme/schema.rs	122	public	pub input: Option<SharedString>,
theme/schema.rs	123	public	pub ring: Option<SharedString>,
theme/schema.rs	128	public	pub struct SemanticRadiusConfig {
theme/schema.rs	129	public	pub none: Option<f32>,
theme/schema.rs	130	public	pub sm: Option<f32>,
theme/schema.rs	131	public	pub md: Option<f32>,
theme/schema.rs	132	public	pub lg: Option<f32>,
theme/schema.rs	133	public	pub xl: Option<f32>,
theme/schema.rs	134	public	pub full: Option<f32>,
theme/schema.rs	139	public	pub struct SemanticSpacingConfig {
theme/schema.rs	140	public	pub xxs: Option<f32>,
theme/schema.rs	141	public	pub xs: Option<f32>,
theme/schema.rs	142	public	pub sm: Option<f32>,
theme/schema.rs	143	public	pub md: Option<f32>,
theme/schema.rs	144	public	pub lg: Option<f32>,
theme/schema.rs	145	public	pub xl: Option<f32>,
theme/schema.rs	146	public	pub xxl: Option<f32>,
theme/schema.rs	151	public	pub struct SemanticTextStyleConfig {
theme/schema.rs	152	public	pub size: Option<f32>,
theme/schema.rs	153	public	pub line_height: Option<f32>,
theme/schema.rs	154	public	pub weight: Option<FontWeight>,
theme/schema.rs	159	public	pub struct SemanticTypographyConfig {
theme/schema.rs	160	public	pub sans: Option<SharedString>,
theme/schema.rs	161	public	pub mono: Option<SharedString>,
theme/schema.rs	162	public	pub xs: SemanticTextStyleConfig,
theme/schema.rs	163	public	pub sm: SemanticTextStyleConfig,
theme/schema.rs	164	public	pub md: SemanticTextStyleConfig,
theme/schema.rs	165	public	pub lg: SemanticTextStyleConfig,
theme/schema.rs	166	public	pub xl: SemanticTextStyleConfig,
theme/schema.rs	167	public	pub mono_md: SemanticTextStyleConfig,
theme/schema.rs	172	public	pub struct SemanticShadowConfig {
theme/schema.rs	173	public	pub sm: Option<Vec<BoxShadow>>,
theme/schema.rs	174	public	pub md: Option<Vec<BoxShadow>>,
theme/schema.rs	175	public	pub lg: Option<Vec<BoxShadow>>,
theme/schema.rs	178	impl	impl SemanticThemeConfig {
theme/schema.rs	253	public	pub struct ThemeConfigColors {
theme/schema.rs	256	public	pub accent: Option<SharedString>,
theme/schema.rs	259	public	pub accent_foreground: Option<SharedString>,
theme/schema.rs	262	public	pub accordion: Option<SharedString>,
theme/schema.rs	265	public	pub background: Option<SharedString>,
theme/schema.rs	268	public	pub border: Option<SharedString>,
theme/schema.rs	271	public	pub button: Option<SharedString>,
theme/schema.rs	274	public	pub button_active: Option<SharedString>,
theme/schema.rs	277	public	pub button_foreground: Option<SharedString>,
theme/schema.rs	280	public	pub button_hover: Option<SharedString>,
theme/schema.rs	283	public	pub button_danger: Option<SharedString>,
theme/schema.rs	286	public	pub button_danger_active: Option<SharedString>,
theme/schema.rs	289	public	pub button_danger_foreground: Option<SharedString>,
theme/schema.rs	292	public	pub button_danger_hover: Option<SharedString>,
theme/schema.rs	295	public	pub button_info: Option<SharedString>,
theme/schema.rs	298	public	pub button_info_active: Option<SharedString>,
theme/schema.rs	301	public	pub button_info_foreground: Option<SharedString>,
theme/schema.rs	304	public	pub button_info_hover: Option<SharedString>,
theme/schema.rs	307	public	pub button_primary: Option<SharedString>,
theme/schema.rs	310	public	pub button_primary_active: Option<SharedString>,
theme/schema.rs	313	public	pub button_primary_foreground: Option<SharedString>,
theme/schema.rs	316	public	pub button_primary_hover: Option<SharedString>,
theme/schema.rs	319	public	pub button_secondary: Option<SharedString>,
theme/schema.rs	322	public	pub button_secondary_active: Option<SharedString>,
theme/schema.rs	325	public	pub button_secondary_foreground: Option<SharedString>,
theme/schema.rs	328	public	pub button_secondary_hover: Option<SharedString>,
theme/schema.rs	331	public	pub button_success: Option<SharedString>,
theme/schema.rs	334	public	pub button_success_active: Option<SharedString>,
theme/schema.rs	337	public	pub button_success_foreground: Option<SharedString>,
theme/schema.rs	340	public	pub button_success_hover: Option<SharedString>,
theme/schema.rs	343	public	pub button_warning: Option<SharedString>,
theme/schema.rs	346	public	pub button_warning_active: Option<SharedString>,
theme/schema.rs	349	public	pub button_warning_foreground: Option<SharedString>,
theme/schema.rs	352	public	pub button_warning_hover: Option<SharedString>,
theme/schema.rs	355	public	pub group_box: Option<SharedString>,
theme/schema.rs	358	public	pub group_box_foreground: Option<SharedString>,
theme/schema.rs	361	public	pub group_box_title_foreground: Option<SharedString>,
theme/schema.rs	364	public	pub caret: Option<SharedString>,
theme/schema.rs	367	public	pub chart_1: Option<SharedString>,
theme/schema.rs	370	public	pub chart_2: Option<SharedString>,
theme/schema.rs	373	public	pub chart_3: Option<SharedString>,
theme/schema.rs	376	public	pub chart_4: Option<SharedString>,
theme/schema.rs	379	public	pub chart_5: Option<SharedString>,
theme/schema.rs	382	public	pub chart_bullish: Option<SharedString>,
theme/schema.rs	385	public	pub chart_bearish: Option<SharedString>,
theme/schema.rs	388	public	pub danger: Option<SharedString>,
theme/schema.rs	391	public	pub danger_active: Option<SharedString>,
theme/schema.rs	394	public	pub danger_foreground: Option<SharedString>,
theme/schema.rs	397	public	pub danger_hover: Option<SharedString>,
theme/schema.rs	400	public	pub description_list_label: Option<SharedString>,
theme/schema.rs	403	public	pub description_list_label_foreground: Option<SharedString>,
theme/schema.rs	406	public	pub drag_border: Option<SharedString>,
theme/schema.rs	409	public	pub drop_target: Option<SharedString>,
theme/schema.rs	412	public	pub foreground: Option<SharedString>,
theme/schema.rs	415	public	pub info: Option<SharedString>,
theme/schema.rs	418	public	pub info_active: Option<SharedString>,
theme/schema.rs	421	public	pub info_foreground: Option<SharedString>,
theme/schema.rs	424	public	pub info_hover: Option<SharedString>,
theme/schema.rs	427	public	pub input: Option<SharedString>,
theme/schema.rs	430	public	pub link: Option<SharedString>,
theme/schema.rs	433	public	pub link_active: Option<SharedString>,
theme/schema.rs	436	public	pub link_hover: Option<SharedString>,
theme/schema.rs	439	public	pub list: Option<SharedString>,
theme/schema.rs	442	public	pub list_active: Option<SharedString>,
theme/schema.rs	445	public	pub list_active_border: Option<SharedString>,
theme/schema.rs	448	public	pub list_even: Option<SharedString>,
theme/schema.rs	451	public	pub list_head: Option<SharedString>,
theme/schema.rs	454	public	pub list_hover: Option<SharedString>,
theme/schema.rs	457	public	pub muted: Option<SharedString>,
theme/schema.rs	460	public	pub muted_foreground: Option<SharedString>,
theme/schema.rs	463	public	pub popover: Option<SharedString>,
theme/schema.rs	466	public	pub popover_foreground: Option<SharedString>,
theme/schema.rs	469	public	pub primary: Option<SharedString>,
theme/schema.rs	472	public	pub primary_active: Option<SharedString>,
theme/schema.rs	475	public	pub primary_foreground: Option<SharedString>,
theme/schema.rs	478	public	pub primary_hover: Option<SharedString>,
theme/schema.rs	481	public	pub progress_bar: Option<SharedString>,
theme/schema.rs	484	public	pub ring: Option<SharedString>,
theme/schema.rs	487	public	pub scrollbar: Option<SharedString>,
theme/schema.rs	490	public	pub scrollbar_thumb: Option<SharedString>,
theme/schema.rs	493	public	pub scrollbar_thumb_hover: Option<SharedString>,
theme/schema.rs	496	public	pub secondary: Option<SharedString>,
theme/schema.rs	499	public	pub secondary_active: Option<SharedString>,
theme/schema.rs	502	public	pub secondary_foreground: Option<SharedString>,
theme/schema.rs	505	public	pub secondary_hover: Option<SharedString>,
theme/schema.rs	508	public	pub selection: Option<SharedString>,
theme/schema.rs	511	public	pub sidebar: Option<SharedString>,
theme/schema.rs	514	public	pub sidebar_accent: Option<SharedString>,
theme/schema.rs	517	public	pub sidebar_accent_foreground: Option<SharedString>,
theme/schema.rs	520	public	pub sidebar_border: Option<SharedString>,
theme/schema.rs	523	public	pub sidebar_foreground: Option<SharedString>,
theme/schema.rs	526	public	pub sidebar_primary: Option<SharedString>,
theme/schema.rs	529	public	pub sidebar_primary_foreground: Option<SharedString>,
theme/schema.rs	532	public	pub skeleton: Option<SharedString>,
theme/schema.rs	535	public	pub slider_bar: Option<SharedString>,
theme/schema.rs	538	public	pub slider_thumb: Option<SharedString>,
theme/schema.rs	541	public	pub success: Option<SharedString>,
theme/schema.rs	544	public	pub success_foreground: Option<SharedString>,
theme/schema.rs	547	public	pub success_hover: Option<SharedString>,
theme/schema.rs	550	public	pub success_active: Option<SharedString>,
theme/schema.rs	553	public	pub switch: Option<SharedString>,
theme/schema.rs	556	public	pub switch_thumb: Option<SharedString>,
theme/schema.rs	559	public	pub tab: Option<SharedString>,
theme/schema.rs	562	public	pub tab_active: Option<SharedString>,
theme/schema.rs	565	public	pub tab_active_foreground: Option<SharedString>,
theme/schema.rs	568	public	pub tab_bar: Option<SharedString>,
theme/schema.rs	571	public	pub tab_bar_segmented: Option<SharedString>,
theme/schema.rs	574	public	pub tab_foreground: Option<SharedString>,
theme/schema.rs	577	public	pub table: Option<SharedString>,
theme/schema.rs	580	public	pub table_active: Option<SharedString>,
theme/schema.rs	583	public	pub table_active_border: Option<SharedString>,
theme/schema.rs	586	public	pub table_even: Option<SharedString>,
theme/schema.rs	589	public	pub table_head: Option<SharedString>,
theme/schema.rs	592	public	pub table_head_foreground: Option<SharedString>,
theme/schema.rs	595	public	pub table_foot: Option<SharedString>,
theme/schema.rs	598	public	pub table_foot_foreground: Option<SharedString>,
theme/schema.rs	601	public	pub table_hover: Option<SharedString>,
theme/schema.rs	604	public	pub table_row_border: Option<SharedString>,
theme/schema.rs	607	public	pub title_bar: Option<SharedString>,
theme/schema.rs	610	public	pub title_bar_border: Option<SharedString>,
theme/schema.rs	613	public	pub status_bar: Option<SharedString>,
theme/schema.rs	616	public	pub status_bar_border: Option<SharedString>,
theme/schema.rs	619	public	pub warning: Option<SharedString>,
theme/schema.rs	622	public	pub warning_active: Option<SharedString>,
theme/schema.rs	625	public	pub warning_hover: Option<SharedString>,
theme/schema.rs	628	public	pub warning_foreground: Option<SharedString>,
theme/schema.rs	631	public	pub overlay: Option<SharedString>,
theme/schema.rs	638	public	pub window_border: Option<SharedString>,
theme/schema.rs	677	impl	impl ThemeColor {
theme/schema.rs	1058	impl	impl Theme {
theme/schema.rs	1060	public	pub fn apply_config(&mut self, config: &Rc<ThemeConfig>) {
theme/theme_color.rs	11	public	pub struct ThemeToken {
theme/theme_color.rs	12	public	pub color: Hsla,
theme/theme_color.rs	13	public	pub background: Background,
theme/theme_color.rs	16	impl	impl ThemeToken {
theme/theme_color.rs	17	public	pub fn new(color: Hsla, background: Background) -> Self {
theme/theme_color.rs	22	impl	impl Deref for ThemeToken {
theme/theme_color.rs	30	impl	impl From<Hsla> for ThemeToken {
theme/theme_color.rs	39	impl	impl From<ThemeToken> for Hsla {
theme/theme_color.rs	45	impl	impl From<ThemeToken> for Background {
theme/theme_color.rs	51	impl	impl From<ThemeToken> for Fill {
theme/theme_color.rs	59	public	pub struct ThemeColor {
theme/theme_color.rs	61	public	pub accent: Hsla,
theme/theme_color.rs	63	public	pub accent_foreground: Hsla,
theme/theme_color.rs	65	public	pub accordion: Hsla,
theme/theme_color.rs	67	public	pub background: Hsla,
theme/theme_color.rs	69	public	pub border: Hsla,
theme/theme_color.rs	71	public	pub button: Hsla,
theme/theme_color.rs	73	public	pub button_active: Hsla,
theme/theme_color.rs	75	public	pub button_foreground: Hsla,
theme/theme_color.rs	77	public	pub button_hover: Hsla,
theme/theme_color.rs	79	public	pub button_danger: Hsla,
theme/theme_color.rs	81	public	pub button_danger_active: Hsla,
theme/theme_color.rs	83	public	pub button_danger_foreground: Hsla,
theme/theme_color.rs	85	public	pub button_danger_hover: Hsla,
theme/theme_color.rs	87	public	pub button_info: Hsla,
theme/theme_color.rs	89	public	pub button_info_active: Hsla,
theme/theme_color.rs	91	public	pub button_info_foreground: Hsla,
theme/theme_color.rs	93	public	pub button_info_hover: Hsla,
theme/theme_color.rs	95	public	pub button_primary: Hsla,
theme/theme_color.rs	97	public	pub button_primary_active: Hsla,
theme/theme_color.rs	99	public	pub button_primary_foreground: Hsla,
theme/theme_color.rs	101	public	pub button_primary_hover: Hsla,
theme/theme_color.rs	103	public	pub button_secondary: Hsla,
theme/theme_color.rs	105	public	pub button_secondary_active: Hsla,
theme/theme_color.rs	107	public	pub button_secondary_foreground: Hsla,
theme/theme_color.rs	109	public	pub button_secondary_hover: Hsla,
theme/theme_color.rs	111	public	pub button_success: Hsla,
theme/theme_color.rs	113	public	pub button_success_active: Hsla,
theme/theme_color.rs	115	public	pub button_success_foreground: Hsla,
theme/theme_color.rs	117	public	pub button_success_hover: Hsla,
theme/theme_color.rs	119	public	pub button_warning: Hsla,
theme/theme_color.rs	121	public	pub button_warning_active: Hsla,
theme/theme_color.rs	123	public	pub button_warning_foreground: Hsla,
theme/theme_color.rs	125	public	pub button_warning_hover: Hsla,
theme/theme_color.rs	127	public	pub group_box: Hsla,
theme/theme_color.rs	129	public	pub group_box_foreground: Hsla,
theme/theme_color.rs	131	public	pub caret: Hsla,
theme/theme_color.rs	133	public	pub chart_1: Hsla,
theme/theme_color.rs	135	public	pub chart_2: Hsla,
theme/theme_color.rs	137	public	pub chart_3: Hsla,
theme/theme_color.rs	139	public	pub chart_4: Hsla,
theme/theme_color.rs	141	public	pub chart_5: Hsla,
theme/theme_color.rs	143	public	pub chart_bullish: Hsla,
theme/theme_color.rs	145	public	pub chart_bearish: Hsla,
theme/theme_color.rs	147	public	pub danger: Hsla,
theme/theme_color.rs	149	public	pub danger_active: Hsla,
theme/theme_color.rs	151	public	pub danger_foreground: Hsla,
theme/theme_color.rs	153	public	pub danger_hover: Hsla,
theme/theme_color.rs	155	public	pub description_list_label: Hsla,
theme/theme_color.rs	157	public	pub description_list_label_foreground: Hsla,
theme/theme_color.rs	159	public	pub drag_border: Hsla,
theme/theme_color.rs	161	public	pub drop_target: Hsla,
theme/theme_color.rs	163	public	pub foreground: Hsla,
theme/theme_color.rs	165	public	pub info: Hsla,
theme/theme_color.rs	167	public	pub info_active: Hsla,
theme/theme_color.rs	169	public	pub info_foreground: Hsla,
theme/theme_color.rs	171	public	pub info_hover: Hsla,
theme/theme_color.rs	173	public	pub input: Hsla,
theme/theme_color.rs	175	public	pub link: Hsla,
theme/theme_color.rs	177	public	pub link_active: Hsla,
theme/theme_color.rs	179	public	pub link_hover: Hsla,
theme/theme_color.rs	181	public	pub list: Hsla,
theme/theme_color.rs	183	public	pub list_active: Hsla,
theme/theme_color.rs	185	public	pub list_active_border: Hsla,
theme/theme_color.rs	187	public	pub list_even: Hsla,
theme/theme_color.rs	189	public	pub list_head: Hsla,
theme/theme_color.rs	191	public	pub list_hover: Hsla,
theme/theme_color.rs	193	public	pub muted: Hsla,
theme/theme_color.rs	195	public	pub muted_foreground: Hsla,
theme/theme_color.rs	197	public	pub popover: Hsla,
theme/theme_color.rs	199	public	pub popover_foreground: Hsla,
theme/theme_color.rs	201	public	pub primary: Hsla,
theme/theme_color.rs	203	public	pub primary_active: Hsla,
theme/theme_color.rs	205	public	pub primary_foreground: Hsla,
theme/theme_color.rs	207	public	pub primary_hover: Hsla,
theme/theme_color.rs	209	public	pub progress_bar: Hsla,
theme/theme_color.rs	211	public	pub ring: Hsla,
theme/theme_color.rs	213	public	pub scrollbar: Hsla,
theme/theme_color.rs	215	public	pub scrollbar_thumb: Hsla,
theme/theme_color.rs	217	public	pub scrollbar_thumb_hover: Hsla,
theme/theme_color.rs	219	public	pub secondary: Hsla,
theme/theme_color.rs	221	public	pub secondary_active: Hsla,
theme/theme_color.rs	223	public	pub secondary_foreground: Hsla,
theme/theme_color.rs	225	public	pub secondary_hover: Hsla,
theme/theme_color.rs	227	public	pub selection: Hsla,
theme/theme_color.rs	229	public	pub sidebar: Hsla,
theme/theme_color.rs	231	public	pub sidebar_accent: Hsla,
theme/theme_color.rs	233	public	pub sidebar_accent_foreground: Hsla,
theme/theme_color.rs	235	public	pub sidebar_border: Hsla,
theme/theme_color.rs	237	public	pub sidebar_foreground: Hsla,
theme/theme_color.rs	239	public	pub sidebar_primary: Hsla,
theme/theme_color.rs	241	public	pub sidebar_primary_foreground: Hsla,
theme/theme_color.rs	243	public	pub skeleton: Hsla,
theme/theme_color.rs	245	public	pub slider_bar: Hsla,
theme/theme_color.rs	247	public	pub slider_thumb: Hsla,
theme/theme_color.rs	249	public	pub success: Hsla,
theme/theme_color.rs	251	public	pub success_foreground: Hsla,
theme/theme_color.rs	253	public	pub success_hover: Hsla,
theme/theme_color.rs	255	public	pub success_active: Hsla,
theme/theme_color.rs	257	public	pub switch: Hsla,
theme/theme_color.rs	259	public	pub switch_thumb: Hsla,
theme/theme_color.rs	261	public	pub tab: Hsla,
theme/theme_color.rs	263	public	pub tab_active: Hsla,
theme/theme_color.rs	265	public	pub tab_active_foreground: Hsla,
theme/theme_color.rs	267	public	pub tab_bar: Hsla,
theme/theme_color.rs	269	public	pub tab_bar_segmented: Hsla,
theme/theme_color.rs	271	public	pub tab_foreground: Hsla,
theme/theme_color.rs	273	public	pub table: Hsla,
theme/theme_color.rs	275	public	pub table_active: Hsla,
theme/theme_color.rs	277	public	pub table_active_border: Hsla,
theme/theme_color.rs	279	public	pub table_even: Hsla,
theme/theme_color.rs	281	public	pub table_head: Hsla,
theme/theme_color.rs	283	public	pub table_head_foreground: Hsla,
theme/theme_color.rs	285	public	pub table_foot: Hsla,
theme/theme_color.rs	287	public	pub table_foot_foreground: Hsla,
theme/theme_color.rs	289	public	pub table_hover: Hsla,
theme/theme_color.rs	291	public	pub table_row_border: Hsla,
theme/theme_color.rs	293	public	pub title_bar: Hsla,
theme/theme_color.rs	295	public	pub title_bar_border: Hsla,
theme/theme_color.rs	297	public	pub status_bar: Hsla,
theme/theme_color.rs	299	public	pub status_bar_border: Hsla,
theme/theme_color.rs	301	public	pub warning: Hsla,
theme/theme_color.rs	303	public	pub warning_active: Hsla,
theme/theme_color.rs	305	public	pub warning_hover: Hsla,
theme/theme_color.rs	307	public	pub warning_foreground: Hsla,
theme/theme_color.rs	309	public	pub overlay: Hsla,
theme/theme_color.rs	315	public	pub window_border: Hsla,
theme/theme_color.rs	318	public	pub red: Hsla,
theme/theme_color.rs	320	public	pub red_light: Hsla,
theme/theme_color.rs	322	public	pub green: Hsla,
theme/theme_color.rs	324	public	pub green_light: Hsla,
theme/theme_color.rs	326	public	pub blue: Hsla,
theme/theme_color.rs	328	public	pub blue_light: Hsla,
theme/theme_color.rs	330	public	pub yellow: Hsla,
theme/theme_color.rs	332	public	pub yellow_light: Hsla,
theme/theme_color.rs	334	public	pub magenta: Hsla,
theme/theme_color.rs	336	public	pub magenta_light: Hsla,
theme/theme_color.rs	338	public	pub cyan: Hsla,
theme/theme_color.rs	340	public	pub cyan_light: Hsla,
theme/theme_color.rs	354	public	pub struct ThemeTokens {
theme/theme_color.rs	358	impl	impl From<ThemeColor> for ThemeTokens {
theme/theme_color.rs	366	impl	impl From<&ThemeColor> for ThemeTokens {
theme/theme_color.rs	515	impl	impl ThemeColor {
theme/theme_color.rs	517	public	pub fn light() -> Arc<Self> {
theme/theme_color.rs	522	public	pub fn dark() -> Arc<Self> {
time/calendar.rs	11	public	pub use gpui_base::{CalendarEvent, CalendarState, Date, Matcher};
time/calendar.rs	38	public	pub struct Calendar {
time/calendar.rs	47	impl	impl Calendar {
time/calendar.rs	48	public	pub fn new(state: &Entity<CalendarState>) -> Self {
time/calendar.rs	58	public	pub fn number_of_months(mut self, count: usize) -> Self {
time/calendar.rs	63	public	pub fn first_day_of_week(mut self, day: Weekday) -> Self {
time/calendar.rs	68	impl	impl Sizable for Calendar {
time/calendar.rs	74	impl	impl Styled for Calendar {
time/calendar.rs	80	impl	impl RenderOnce for Calendar {
time/date_picker.rs	37	public	pub enum DatePickerEvent {
time/date_picker.rs	43	public	pub enum DateRangePresetValue {
time/date_picker.rs	50	public	pub struct DateRangePreset {
time/date_picker.rs	55	impl	impl DateRangePreset {
time/date_picker.rs	57	public	pub fn single(label: impl Into<SharedString>, date: NaiveDate) -> Self {
time/date_picker.rs	64	public	pub fn range(label: impl Into<SharedString>, start: NaiveDate, end: NaiveDate) -> Self {
time/date_picker.rs	73	public	pub struct DatePickerState {
time/date_picker.rs	87	impl	impl Focusable for DatePickerState {
time/date_picker.rs	92	impl	impl EventEmitter<DatePickerEvent> for DatePickerState {}
time/date_picker.rs	94	impl	impl DatePickerState {
time/date_picker.rs	96	public	pub fn new(window: &mut Window, cx: &mut Context<Self>) -> Self {
time/date_picker.rs	101	public	pub fn range(window: &mut Window, cx: &mut Context<Self>) -> Self {
time/date_picker.rs	144	public	pub fn date_format(mut self, format: impl Into<SharedString>) -> Self {
time/date_picker.rs	150	public	pub fn number_of_months(mut self, number_of_months: usize) -> Self {
time/date_picker.rs	156	public	pub fn first_day_of_week(mut self, day: Weekday) -> Self {
time/date_picker.rs	162	public	pub fn date(&self) -> Date {
time/date_picker.rs	167	public	pub fn set_date(&mut self, date: impl Into<Date>, window: &mut Window, cx: &mut Context<Self>) {
time/date_picker.rs	172	public	pub fn disabled_matcher(mut self, disabled: impl Into<Matcher>) -> Self {
time/date_picker.rs	181	public	pub fn set_year_range(&mut self, range: (i32, i32), cx: &mut Context<Self>) {
time/date_picker.rs	276	public	pub struct DatePicker {
time/date_picker.rs	290	impl	impl Sizable for DatePicker {
time/date_picker.rs	296	impl	impl Focusable for DatePicker {
time/date_picker.rs	302	impl	impl Styled for DatePicker {
time/date_picker.rs	308	impl	impl Disableable for DatePicker {
time/date_picker.rs	315	impl	impl crate::FocusableExt for DatePicker {
time/date_picker.rs	326	impl	impl Render for DatePickerState {
time/date_picker.rs	332	impl	impl DatePicker {
time/date_picker.rs	334	public	pub fn new(state: &Entity<DatePickerState>) -> Self {
time/date_picker.rs	351	public	pub fn placeholder(mut self, placeholder: impl Into<SharedString>) -> Self {
time/date_picker.rs	357	public	pub fn cleanable(mut self, cleanable: bool) -> Self {
time/date_picker.rs	363	public	pub fn presets(mut self, presets: Vec<DateRangePreset>) -> Self {
time/date_picker.rs	369	public	pub fn number_of_months(mut self, number_of_months: usize) -> Self {
time/date_picker.rs	375	public	pub fn appearance(mut self, appearance: bool) -> Self {
time/date_picker.rs	381	impl	impl RenderOnce for DatePicker {
time/mod.rs	1	public	pub mod calendar;
time/mod.rs	2	public	pub mod date_picker;
time/utils.rs	8	impl	impl NaiveDateExt for chrono::NaiveDate {
title_bar.rs	15	public	pub const TITLE_BAR_HEIGHT: Pixels = px(34.);
title_bar.rs	42	public	pub struct TitleBar {
title_bar.rs	48	impl	impl TitleBar {
title_bar.rs	50	public	pub fn new() -> Self {
title_bar.rs	59	public	pub fn title_bar_options() -> TitlebarOptions {
title_bar.rs	81	public	pub fn window_options() -> WindowOptions {
title_bar.rs	95	public	pub fn on_close_window( mut self, f: impl Fn(&ClickEvent, &mut Window, &mut App) + 'static, ) -> Self {
title_bar.rs	120	impl	impl ControlIcon {
title_bar.rs	195	impl	impl RenderOnce for ControlIcon {
title_bar.rs	252	impl	impl RenderOnce for WindowControls {
title_bar.rs	296	impl	impl Styled for TitleBar {
title_bar.rs	302	impl	impl ParentElement for TitleBar {
title_bar.rs	313	impl	impl Render for TitleBarState {
title_bar.rs	319	impl	impl RenderOnce for TitleBar {
tooltip.rs	34	public	pub struct Tooltip {
tooltip.rs	41	impl	impl Tooltip {
tooltip.rs	43	public	pub fn new(text: impl Into<Text>) -> Self {
tooltip.rs	53	public	pub fn element<E, F>(builder: F) -> Self where E: IntoElement, F: Fn(&mut Window, &mut App) -> E + 'static, {
tooltip.rs	69	public	pub fn action(mut self, action: &dyn Action, context: Option<&str>) -> Self {
tooltip.rs	75	public	pub fn key_binding(mut self, key_binding: Option<Kbd>) -> Self {
tooltip.rs	81	public	pub fn build(self, _: &mut Window, cx: &mut App) -> AnyView {
tooltip.rs	86	impl	impl FluentBuilder for Tooltip {}
tooltip.rs	87	impl	impl Styled for Tooltip {
tooltip.rs	92	impl	impl Render for Tooltip {
tooltip.rs	198	public	pub text: Option<(
tooltip.rs	202	public	pub builder: Option<Rc<dyn Fn(&mut Window, &mut App) -> AnyView>>,
tooltip.rs	205	impl	impl ComponentTooltip {
tooltip.rs	207	public	pub fn apply<E: ManagedTooltipExt>(self, el: E) -> E {
tooltip.rs	295	impl	impl<E: StatefulInteractiveElement + crate::ElementExt> ManagedTooltipExt for E {}
touch_selection/edit_menu.rs	28	impl	impl EditMenuItem {
touch_selection/edit_menu.rs	56	impl	impl EditMenu {
touch_selection/edit_menu.rs	77	impl	impl RenderOnce for EditMenu {
touch_selection/handle.rs	48	impl	impl SelectionHandles {
touch_selection/handle.rs	196	impl	impl RenderOnce for SelectionHandles {
touch_selection/mod.rs	36	impl	impl TouchSelectionOverlay {
touch_selection/window_overlay.rs	19	impl	impl WindowTouchSelectionOverlay {
touch_selection/window_overlay.rs	44	impl	impl Render for WindowTouchSelectionOverlay {
tree.rs	15	public	pub use gpui_base::{TreeEntry, TreeEvent, TreeItem, TreeState};
tree.rs	18	public	pub fn tree<R>(state: &Entity<TreeState>, render_item: R) -> Tree where R: Fn(usize, &TreeEntry, bool, &mut Window, &mut App) -> ListItem + 'static, {
tree.rs	32	public	pub struct Tree {
tree.rs	40	impl	impl Tree {
tree.rs	41	public	pub fn new<R>(state: &Entity<TreeState>, render_item: R) -> Self where R: Fn(usize, &TreeEntry, bool, &mut Window, &mut App) -> ListItem + 'static, {
tree.rs	55	public	pub fn context_menu<F>(mut self, f: F) -> Self where F: Fn(usize, &TreeEntry, PopupMenu, &mut Window, &mut Context<TreeState>) -> PopupMenu + 'static, {
tree.rs	65	impl	impl Styled for Tree {
tree.rs	71	impl	impl RenderOnce for Tree {
virtual_list.rs	2	public	pub use gpui_base::{VirtualList, VirtualListScrollHandle, h_virtual_list, v_virtual_list};
window_border.rs	25	public	pub fn window_border() -> WindowBorder {
window_border.rs	31	public	pub struct WindowBorder {
window_border.rs	37	impl	impl Default for WindowBorder {
window_border.rs	47	impl	impl WindowBorder {
window_border.rs	48	public	pub fn new() -> Self {
window_border.rs	55	public	pub fn shadow_size(mut self, size: impl Into<Pixels>) -> Self {
window_border.rs	63	public	pub fn resize_hit_size(mut self, size: impl Into<Pixels>) -> Self {
window_border.rs	88	public	pub fn window_paddings(window: &Window) -> Edges<Pixels> {
window_border.rs	124	impl	impl ParentElement for WindowBorder {
window_border.rs	130	impl	impl RenderOnce for WindowBorder {
window_ext.rs	12	public	pub trait WindowExt: Sized {
window_ext.rs	14	trait-member	fn open_sheet<F>(&mut self, cx: &mut App, build: F) where F: Fn(Sheet, &mut Window, &mut App) -> Sheet + 'static;
window_ext.rs	19	trait-member	fn open_sheet_at<F>(&mut self, placement: Placement, cx: &mut App, build: F) where F: Fn(Sheet, &mut Window, &mut App) -> Sheet + 'static;
window_ext.rs	24	trait-member	fn has_active_sheet(&mut self, cx: &mut App) -> bool;
window_ext.rs	27	trait-member	fn close_sheet(&mut self, cx: &mut App);
window_ext.rs	30	trait-member	fn open_dialog<F>(&mut self, cx: &mut App, build: F) where F: Fn(Dialog, &mut Window, &mut App) -> Dialog + 'static;
window_ext.rs	51	trait-member	fn open_alert_dialog<F>(&mut self, cx: &mut App, build: F) where F: Fn(AlertDialog, &mut Window, &mut App) -> AlertDialog + 'static;
window_ext.rs	56	trait-member	fn has_active_dialog(&mut self, cx: &mut App) -> bool;
window_ext.rs	59	trait-member	fn close_dialog(&mut self, cx: &mut App);
window_ext.rs	62	trait-member	fn close_all_dialogs(&mut self, cx: &mut App);
window_ext.rs	65	trait-member	fn push_notification(&mut self, note: impl Into<Notification>, cx: &mut App);
window_ext.rs	69	trait-member	fn remove_notification<T: Sized + 'static>(&mut self, cx: &mut App);
window_ext.rs	72	trait-member	fn remove_notification1<T: Sized + 'static>(&mut self, key: impl Into<ElementId>, cx: &mut App);
window_ext.rs	75	trait-member	fn clear_notifications(&mut self, cx: &mut App);
window_ext.rs	78	trait-member	fn notifications(&mut self, cx: &mut App) -> Rc<Vec<Entity<Notification>>>;
window_ext.rs	86	trait-member	fn focused_input(&mut self, cx: &mut App) -> Option<AnyInputState>;
window_ext.rs	88	trait-member	fn has_focused_input(&mut self, cx: &mut App) -> bool;
window_ext.rs	93	trait-member	fn selected_text(&mut self, cx: &mut App) -> String;
window_ext.rs	98	trait-member	fn has_text_selection(&mut self, cx: &mut App) -> bool;
window_ext.rs	102	trait-member	fn clear_text_selection(&mut self, cx: &mut App);
window_ext.rs	106	trait-member	fn end_text_selection(&mut self, cx: &mut App);
window_ext.rs	109	impl	impl WindowExt for Window {
